age,workclass,fnlwgt,education,education-num,marital-status,occupation,relationship,race,sex,capital-gain,capital-loss,hours-per-week,native-country,income
33.52654601335526,State-gov,218564.1401576753,10th,8.146692383289338,Never-married,Adm-clerical,Husband,Other,Male,0,0,34.94748626589776,Haiti,<=50k
45.936546013355255,Private,52874.25329448385,Masters,1.9967958092689515,Married-civ-spouse,Other-service,Not-in-family,White,Male,0,3361.30432212919,16.32890726804733,United-states,<=50k
40.09654601335525,State-gov,218562.40592802083,11th,15.196247771382334,Never-married,Prof-specialty,Husband,White,Male,0,0,27.106861894130706,Taiwan,<=50k
38.63654601335526,Private,301617.56023408007,11th,6.4965666145086285,Married-civ-spouse,Prof-specialty,Husband,Other,Male,0,0,44.74636521220207,Japan,<=50k
85.35654601335526,Private,48159.91045890697,Assoc-voc,12.946965700387956,Divorced,Exec-managerial,Own-child,Asian-pac-islander,Male,0,0,97.66857279777527,United-states,>50k
80.97654601335526,State-gov,287265.07692083897,Some-college,6.94691686630249,Widowed,Prof-specialty,Not-in-family,Amer-indian-eskimo,Male,0,0,18.28937690496445,?,<=50k
75.13654601335526,Federal-gov,57671.42528089897,Hs-grad,4.5466321229934685,Widowed,Machine-op-inspct,Husband,Other,Male,0,0,37.88719174981117,Jamaica,
56.15654601335526,Private,281345.65621183347,7th-8th,6.946610897779465,Widowed,Adm-clerical,Husband,Amer-indian-eskimo,Male,0,3361.203243519366,41.80836175322533,Puerto-rico,
38.63654601335526,Self-emp-inc,210321.21556611644,Assoc-voc,3.946877151727677,Never-married,Machine-op-inspct,Wife,[UNK],,0,3361.308739169538,3.5857059097290036,Jamaica,
85.35654601335526,Self-emp-inc,152336.1351001958,12th,4.546557423472405,Widowed,Machine-op-inspct,Husband,Black,,0,0,73.16558744907378,England,
40.09654601335525,State-gov,63460.69506776382,Assoc-acdm,12.946713116765023,Widowed,Adm-clerical,Wife,White,,0,0,41.8047176861763,[UNK],
28.416546013355255,Private,112790.29887564716,Hs-grad,3.346797052025795,Married-af-spouse,Prof-specialty,Husband,,,0,0,98.64422129631042,United-states,
72.94654601335526,Private,144565.756301191,Masters,6.7970742851495745,Married-civ-spouse,Sales,Not-in-family,,,0,0,41.805959829092025,United-states,
43.01654601335525,Self-emp-not-inc,94528.46645689027,Some-college,4.996818661689758,Never-married,Protective-serv,Husband,,,0,0,46.70427369236946,El-salvador,
55.42654601335526,Self-emp-inc,32434.01849844619,1st-4th,5.746430063247681,Married-spouse-absent,Prof-specialty,Husband,,,0,3361.18136865288,41.803076351881025,United-states,
80.97654601335526,Federal-gov,350939.3579318272,Hs-grad,11.446378171443941,Widowed,Adm-clerical,Husband,,,0,0,29.064146761894225,Hong,
45.936546013355255,Without-pay,218555.25366631505,Assoc-acdm,10.996468096971512,Married-af-spouse,Sales,Husband,,,0,0,25.142966361045836,United-states,
34.256546013355255,,210322.21658113707,9th,15.946682173013686,Married-spouse-absent,Other-service,Wife,,,0,0,82.96396025061607,[UNK],
33.52654601335526,,80646.97598353187,Hs-grad,15.346782040596008,Widowed,Farming-fishing,,,,0,0,47.68307290554047,Puerto-rico,
34.256546013355255,,185342.89114145358,11th,14.596336168050765,,Tech-support,,,,0,0,47.680854864120484,Hong,
75.13654601335526,,201373.81908401335,9th,7.24659931063652,,Sales,,,,0,0,17.302000451087952,Germany,
47.396546013355255,,160042.12759031952,Assoc-acdm,4.396385270357133,,Adm-clerical,,,,0,0,27.10053745031357,Hong,
45.936546013355255,,20562.652029434117,11th,6.196306404471398,,,,,,0,0,89.81949706435203,Mexico,
75.13654601335526,,301598.95039076975,Assoc-acdm,15.34672657251358,,,,,,0,0,58.45999912023544,Puerto-rico,
67.83654601335526,,221800.89257880492,,6.646856132149696,,,,,,0,0,86.88070345878602,Mexico,
40.09654601335525,,362207.2112916542,,6.946654456853866,,,,,,45316.71228545814,0,34.94019789814949,Germany,
40.09654601335525,,375038.6514485789,,8.146484896540642,,,,,,0,3151.3472840517757,39.84157707691193,Nicaragua,
18.926546013355257,,29457.28695609477,,9.946581903100013,,,,,,0,0,82.95914682269097,United-states,
45.936546013355255,,309385.4521264405,,1.8462477445602417,,,,,,0,0,16.31884629011154,United-states,
33.52654601335526,,162255.89341126956,,5.296625998616219,,,,,,0,0,17.299674171209336,Philippines,
80.24654601335526,,212883.8820193102,,8.44649522304535,,,,,,0,0,53.56025619387627,Mexico,
44.476546013355254,,212880.71507387757,,13.54691577553749,,,,,,0,0,39.84020555019379,Greece,
17.466546013355256,?,115050.87582975112,Assoc-voc,13.996580338478088,Married-civ-spouse,Sales,Husband,White,Male,0,0,39.84736541032791,Taiwan,>50k
33.52654601335526,Federal-gov,80653.55792699917,Assoc-voc,7.696756380796432,Married-af-spouse,Craft-repair,Wife,Amer-indian-eskimo,Male,0,0,16.327661620378493,Puerto-rico,<=50k
62.72654601335526,Private,248257.46018894712,Hs-grad,13.996830928325654,Widowed,Handlers-cleaners,Unmarried,White,Male,0,0,81.9874982404709,Outlying-us(guam-usvi-etc),<=50k
50.31654601335526,?,248217.54587787372,Some-college,11.446966335177422,Never-married,Prof-specialty,Husband,White,Male,0,0,75.12929127216339,Canada,<=50k
21.116546013355254,Private,210335.2787992198,Assoc-voc,2.8968192875385284,Married-af-spouse,Exec-managerial,Own-child,Other,Male,0,0,49.64665353655815,Greece,<=50k
36.44654601335526,State-gov,94536.07567160002,Assoc-voc,6.496687680482864,Separated,Adm-clerical,Husband,White,Male,0,0,69.24646381258965,Taiwan,<=50k
75.13654601335526,Private,20639.913595324422,Hs-grad,3.196713536977768,Widowed,Adm-clerical,Husband,White,Male,0,0,13.387953215837477,Poland,<=50k
18.926546013355257,Without-pay,275487.83228685724,Masters,10.996771830320359,Married-civ-spouse,Prof-specialty,Own-child,Other,,45319.20075890818,0,32.00580480217934,United-states,<=50k
40.09654601335525,?,232211.00397234887,Hs-grad,1.096529197692871,Married-civ-spouse,Exec-managerial,Husband,Asian-pac-islander,,0,0,39.84564755558968,Dominican-republic,>50k
56.15654601335526,Without-pay,121719.35471605042,Masters,12.346551844477654,Never-married,Prof-specialty,Husband,Other,,0,0,1.6250835824012757,Japan,
83.16654601335526,?,144548.9375926424,Assoc-voc,14.596791723370552,Married-civ-spouse,Tech-support,Wife,Other,,0,0,69.24516863107682,Trinadad&tobago,
80.97654601335526,Federal-gov,197560.51319119873,Hs-grad,8.446380737423898,Married-civ-spouse,Craft-repair,Not-in-family,White,,34544.60174587891,0,97.66516734600067,Germany,
85.35654601335526,State-gov,275496.64985068515,Hs-grad,7.246637961268425,Married-civ-spouse,Farming-fishing,Wife,White,,0,0,69.24500747084618,Puerto-rico,
27.686546013355255,Private,210329.70885383888,Assoc-voc,14.147033452987671,Widowed,Other-service,Wife,,,0,0,67.28540783047676,United-states,
40.826546013355255,,147198.57880196252,Hs-grad,12.046528151631355,Married-af-spouse,Other-service,Husband,,,0,0,7.503575078248978,Hong,
65.64654601335526,,117140.02679716679,Hs-grad,2.146620598435402,Widowed,Prof-specialty,Husband,,,0,0,29.062687966823578,Columbia,
78.05654601335526,,232216.1473426077,Some-college,5.597015482187271,Widowed,Sales,Husband,,,0,0,41.80613074421883,Greece,
86.08654601335526,,210318.77839330368,Hs-grad,6.946809381246567,Never-married,Farming-fishing,[UNK],,,0,0,66.30330053925515,Philippines,
23.306546013355256,,181806.3724844774,Assoc-voc,7.246757891774177,,Sales,Not-in-family,,,0,0,88.84309007883073,Nicaragua,
89.73654601335525,,162256.4933235528,Hs-grad,1.9965776294469832,,Prof-specialty,Husband,,,0,0,47.681803075075145,Germany,
69.29654601335525,,487393.51396115083,Some-college,4.396859145164489,,Sales,Husband,,,0,0,31.024312711954114,Puerto-rico,
34.98654601335525,,174699.62619366834,Assoc-voc,7.246573954820633,,Sales,,,,0,0,79.04123705744743,Nicaragua,
49.58654601335525,,38149.98840252759,7th-8th,1.6963795125484467,,Sales,,,,0,0,49.6412267768383,Taiwan,
86.08654601335526,,136163.89243441884,Assoc-voc,5.446705454587936,,,,,,0,0,31.999523466825487,Columbia,
40.826546013355255,,157635.01463614026,Assoc-acdm,15.946706250309944,,,,,,0,0,77.08058190226555,United-states,
47.396546013355255,,48131.84092478935,Hs-grad,10.996674895286562,,,,,,0,0,15.340299652814865,United-states,
21.846546013355255,,136178.16590621445,Assoc-acdm,12.346708118915558,,,,,,0,0,9.460100407600404,Cuba,
23.306546013355256,,100737.49372653132,,10.99652291238308,,,,,,0,0,41.80006425023079,United-states,
67.83654601335526,,121720.99489924137,,13.996586382389069,,,,,,0,0,86.87896212220193,Philippines,
29.876546013355256,,121723.53616899288,,15.196649852395058,,,,,,0,0,41.79950576782227,United-states,
40.09654601335525,,94523.50361441179,,3.6464669704437256,,,,,,0,0,39.8395081627369,Puerto-rico,
20.386546013355254,,98058.42172182976,,3.346632453799248,,,,,,0,0,49.640436571836474,Puerto-rico,
78.05654601335526,?,117138.17460259878,1st-4th,14.596671122312546,Married-af-spouse,Prof-specialty,Other-relative,Amer-indian-eskimo,Male,0,0,66.3086899149418,United-states,<=50k
45.936546013355255,?,243736.85444583689,Hs-grad,15.346567356586457,Married-civ-spouse,Handlers-cleaners,Not-in-family,White,Male,0,0,16.32696984052658,Canada,>50k
78.05654601335526,Private,188802.35606798012,9th,8.146743041276931,Widowed,?,Husband,White,Male,0,0,34.94736015319825,United-states,<=50k
43.01654601335525,Private,136179.71296850906,Hs-grad,7.696907854080201,Widowed,Craft-repair,Wife,Black,Female,0,0,28.088378984928134,England,<=50k
17.466546013355256,Federal-gov,160045.99249674808,Hs-grad,5.446301370859145,Married-af-spouse,Sales,Own-child,Other,Female,0,0,44.74668718218803,Mexico,<=50k
55.42654601335526,State-gov,218560.47596407382,Assoc-voc,1.996751266717911,Widowed,Sales,Unmarried,Other,Male,0,0,18.287030297517777,England,<=50k
50.31654601335526,Federal-gov,183537.13512145568,Masters,3.1965468645095827,Widowed,Adm-clerical,Other-relative,White,Male,0,0,4.566704472303391,Mexico,<=50k
80.24654601335526,State-gov,80660.93954868992,Hs-grad,5.296813735365867,Married-civ-spouse,Machine-op-inspct,Husband,Black,Female,0,0,56.50768884062767,Taiwan,<=50k
45.20654601335525,Private,117145.27140871232,Hs-grad,14.596801128983499,Widowed,Craft-repair,Wife,Other,Male,0,0,68.26874961256982,Nicaragua,<=50k
39.366546013355254,State-gov,80656.63396912425,Some-college,5.747100713849068,Married-af-spouse,Machine-op-inspct,Wife,Asian-pac-islander,,0,0,31.026865282058715,Greece,<=50k
51.77654601335526,State-gov,42825.09557086825,Assoc-acdm,7.096562626957893,Married-spouse-absent,Farming-fishing,Husband,Black,,0,0,23.184220361709595,Philippines,<=50k
75.13654601335526,Self-emp-inc,57666.81077651023,11th,4.546558657288552,Married-civ-spouse,Machine-op-inspct,Other-relative,White,,0,0,47.685418461561206,Germany,
43.01654601335525,State-gov,232223.3697506802,Assoc-acdm,11.296884939074518,Married-af-spouse,Prof-specialty,,Amer-indian-eskimo,,0,0,76.10439559936523,Ireland,
53.23654601335525,Private,144554.60455392514,Hs-grad,9.046763551235198,Married-af-spouse,Craft-repair,,Other,,0,0,86.8856217956543,United-states,
40.826546013355255,Without-pay,63449.4360312463,Assoc-voc,15.796844777464868,Married-civ-spouse,Machine-op-inspct,,,,0,0,73.16305205225945,[UNK],
26.956546013355254,Self-emp-inc,20561.2492106199,Hs-grad,1.9967242032289505,Married-civ-spouse,Farming-fishing,,,,0,0,52.58305310368538,United-states,
33.52654601335526,Private,149709.68067056616,Assoc-acdm,3.947000873088837,Married-civ-spouse,Adm-clerical,,,,0,3865.2879923322794,18.285203737020492,Hong,
28.416546013355255,Without-pay,154897.9131439458,9th,14.596461793780326,Widowed,Sales,,,,0,0,36.903090254068374,Columbia,
23.306546013355256,Private,174708.98753186897,Hs-grad,3.346876633167267,Divorced,Prof-specialty,,,,0,0,41.80326426506043,Germany,
89.00654601335526,,210321.66058627452,Hs-grad,4.546741485595703,Married-civ-spouse,?,,,,0,0,23.182020720243454,Philippines,
34.98654601335525,,301581.75747270806,11th,7.096399495005608,Widowed,?,,,,0,0,34.94021092414856,Taiwan,
65.64654601335526,,126856.26759327074,1st-4th,7.696580231189728,,Other-service,,,,0,0,7.501725094318391,Canada,
60.536546013355256,,136165.65242932228,Masters,5.446660339832305,,Prof-specialty,,,,0,0,92.76092016935348,Philippines,
40.09654601335525,,132869.32186574436,Hs-grad,13.546479952335357,,Protective-serv,,,,0,0,25.140841838121414,Jamaica,
47.396546013355255,,248224.63869479464,9th,14.146603789925575,,,,,,0,0,15.339895496368408,England,
28.416546013355255,,69459.81335520625,11th,11.446460711956025,,,,,,0,0,34.940295505523686,United-states,
56.15654601335526,,193857.5653202967,11th,5.5961102724075324,,,,,,0,0,97.65907293081283,Canada,
26.226546013355254,,212877.07326431692,,12.946777695417405,,,,,,0,0,51.60027091383934,Mexico,
36.44654601335526,,210317.73049935646,,11.14675543308258,,,,,,0,0,89.82007301211358,United-states,
29.146546013355255,,287251.5676119697,,9.046526908874512,,,,,,0,0,16.319708693027497,Hungary,
23.306546013355256,,232221.64737578094,,15.346629217267036,,,,,,0,0,36.89984578728676,Taiwan,
42.286546013355256,,48150.22876250981,,13.996919324994087,,,,,,0,0,69.24018101692201,Cuba,
28.416546013355255,Private,132888.42878372737,Assoc-voc,12.94692264199257,Married-spouse-absent,Sales,Husband,White,Male,0,0,25.148375421762466,Columbia,<=50k
56.15654601335526,?,215613.13230132178,Assoc-voc,4.696697863936424,Separated,Machine-op-inspct,Husband,Amer-indian-eskimo,Male,0,0,41.807863143682475,Taiwan,<=50k
26.956546013355254,Private,168834.24169324213,Hs-grad,15.04669564664364,Married-civ-spouse,Prof-specialty,Husband,White,Male,0,0,7.506539982557298,United-states,<=50k
36.44654601335526,Self-emp-not-inc,193859.03524486197,Masters,12.946537306904794,Widowed,Prof-specialty,Wife,Other,Male,0,0,94.72682287454606,Germany,<=50k
47.396546013355255,Private,362267.0504990604,Hs-grad,6.346789738535881,Married-spouse-absent,Farming-fishing,Not-in-family,Amer-indian-eskimo,Male,0,504.41922146797185,70.2264761376381,Haiti,<=50k
65.64654601335526,Self-emp-not-inc,144542.56132403822,Hs-grad,15.196536627411843,[UNK],Exec-managerial,Husband,White,Female,0,0,41.806067775487904,Ireland,<=50k
33.52654601335526,Self-emp-not-inc,181801.99843562467,12th,10.99653301537037,Married-civ-spouse,Machine-op-inspct,Wife,White,Male,0,0,98.64631859898567,Laos,
78.05654601335526,Private,301623.7006386108,Assoc-acdm,6.946972674131393,Married-civ-spouse,Protective-serv,Husband,Other,Male,0,0,3.586947468519211,Germany,
40.09654601335525,Federal-gov,375068.2416572221,Masters,11.146705767512323,Married-civ-spouse,Adm-clerical,Not-in-family,Other,Male,0,0,37.887139236927034,United-states,
72.94654601335526,State-gov,168835.91686564384,Some-college,12.197048687934874,Widowed,Priv-house-serv,Not-in-family,White,Female,45318.493256692025,0,34.94943058609962,England,
21.846546013355255,?,136179.20679143083,Some-college,11.147050109505654,Widowed,Sales,Wife,Amer-indian-eskimo,,0,0,32.00998947739602,Puerto-rico,
75.13654601335526,Private,275522.63526692154,Hs-grad,6.646921980381013,Married-af-spouse,Adm-clerical,[UNK],White,,0,0,93.74515215873718,Philippines,
77.32654601335526,Private,301627.0686806763,Masters,11.447070181369783,Widowed,Farming-fishing,Husband,Other,,0,0,39.84742516636849,Canada,
28.416546013355255,Private,69483.0453608974,Assoc-voc,1.3970025181770325,Married-civ-spouse,Tech-support,Other-relative,Other,,0,0,79.04556712150574,Germany,
67.83654601335526,Federal-gov,1020376.5695195461,Assoc-acdm,8.146730023622514,Married-civ-spouse,Machine-op-inspct,Husband,,,0,0,41.80385475754738,England,
75.13654601335526,State-gov,391289.630123943,Some-college,2.7470457375049593,Never-married,Machine-op-inspct,Unmarried,,,0,0,31.02637385725975,England,
37.17654601335526,Federal-gov,172917.66244877432,Hs-grad,6.946469858288765,Widowed,Farming-fishing,Not-in-family,,,0,0,31.02333996772766,Puerto-rico,
36.44654601335526,,132870.71873541782,9th,9.046602886915208,Married-af-spouse,Prof-specialty,Other-relative,,,0,0,31.02202521800995,Puerto-rico,
42.286546013355256,,334704.76797720924,Masters,2.5967462152242664,Never-married,Prof-specialty,Not-in-family,,,0,0,16.32391357898712,El-salvador,
85.35654601335526,,210321.75916681672,Some-college,5.747054633498192,Divorced,Farming-fishing,,,,0,0,25.14424910068512,United-states,
24.766546013355253,,94539.06633042872,12th,1.6966907560825348,,,,,,0,0,66.30056671500206,England,
51.77654601335526,,210316.84413809137,Assoc-acdm,7.996744820475579,,,,,,0,0,64.3400322985649,United-states,
42.286546013355256,,210327.06821975217,10th,12.946847352385522,,,,,,0,0,68.2614581489563,Germany,
24.766546013355253,,181807.2748618198,12th,2.89665202498436,,,,,,0,2101.045266140103,23.182738201618196,United-states,
80.24654601335526,,232224.34426695437,Assoc-voc,11.4467790722847,,,,,,0,0,21.220880331993104,Mexico,
18.196546013355256,,350948.3015128533,,3.1964160978794096,,,,,,0,0,40.819289641380315,Puerto-rico,
75.13654601335526,,126856.40572629446,,5.596655449271202,,,,,,0,0,93.73967294454575,South,
83.16654601335526,,258174.52625665834,,3.0466189980506897,,,,,,0,3361.4054883787035,44.74084516763687,England,
38.63654601335526,,57657.12543041885,,3.3465993463993073,,,,,,0,0,11.419714008569716,Germany,
72.94654601335526,,115057.13027679257,,15.04682364165783,,,,,,0,0,73.16053663253784,United-states,
80.24654601335526,,32442.268061983286,,3.496613910794258,,,,,,0,0,34.940173949003224,Hong,
40.09654601335525,,129769.22162717786,,14.596533471345902,,,,,,0,0,2.5992568719387057,Puerto-rico,
18.196546013355256,State-gov,162262.5745797955,Some-college,7.696750202775002,Married-civ-spouse,Machine-op-inspct,Husband,White,Male,0,0,9.467721902132034,Cuba,<=50k
37.90654601335525,Self-emp-inc,144545.14419137075,11th,1.5463949710130693,Married-civ-spouse,Exec-managerial,Unmarried,Other,Female,0,0,1.626402713060379,England,<=50k
40.09654601335525,Federal-gov,218561.7437119745,Assoc-voc,13.396450260281565,Married-civ-spouse,?,Not-in-family,White,Male,0,0,7.505584411621094,United-states,<=50k
18.926546013355257,Private,20658.04656578323,Preschool,2.29696546792984,Married-civ-spouse,Farming-fishing,Husband,Other,Male,0,0,29.06819755554199,Germany,<=50k
42.286546013355256,Private,139139.4586031574,Assoc-voc,2.89704521894455,Married-af-spouse,Sales,Own-child,White,Male,0,0,31.02937269926071,England,<=50k
23.306546013355256,Self-emp-not-inc,301590.62866179866,Assoc-voc,5.4466680735349655,Married-af-spouse,Craft-repair,Husband,White,Male,0,0,92.76634570240975,United-states,>50k
28.416546013355255,Private,177782.45870861388,Masters,9.64699833393097,Never-married,Handlers-cleaners,Other-relative,White,Male,0,0,15.34854797244072,Canada,
46.66654601335526,Private,309403.3203733676,Preschool,4.546826547384262,Married-civ-spouse,Other-service,Wife,White,Male,0,0,51.60770624756813,El-salvador,
36.44654601335526,Federal-gov,248231.82687670892,Assoc-acdm,7.246678265929222,Married-af-spouse,Tech-support,Husband,White,Male,0,0,27.10640516638756,Philippines,
29.146546013355255,Without-pay,334683.12580821034,Assoc-voc,11.446534249186517,Married-civ-spouse,Prof-specialty,Husband,Other,Male,0,0,20.246858973503116,Puerto-rico,
72.21654601335526,Private,144562.17445619637,Hs-grad,5.747065094113349,Never-married,Machine-op-inspct,Husband,Other,,0,0,55.52719578027726,Puerto-rico,
46.66654601335526,?,162251.64089800036,11th,1.3963581800460816,Married-spouse-absent,Prof-specialty,Wife,White,,0,0,85.90346088171006,United-states,
67.83654601335526,Federal-gov,48140.89469576914,11th,13.996595886349677,Widowed,Sales,Wife,Other,,0,0,75.12561315059662,United-states,
53.23654601335525,Private,174706.8129037335,Assoc-voc,1.09688560962677,Married-civ-spouse,Prof-specialty,[UNK],White,,0,0,70.22444554209709,Taiwan,
37.90654601335525,Self-emp-inc,162256.28958205058,Assoc-voc,13.996755370497704,Married-spouse-absent,Machine-op-inspct,Husband,White,,0,0,41.80469105005264,Hong,
78.05654601335526,Federal-gov,281341.67188730533,Hs-grad,7.096554517745973,Widowed,Other-service,Husband,,,0,0,75.1242717063427,India,
80.24654601335526,State-gov,162261.83284258898,Assoc-acdm,12.346876883506775,Married-af-spouse,Exec-managerial,Other-relative,,,0,0,67.28385978102685,United-states,
65.64654601335526,State-gov,94537.68712879329,Assoc-voc,1.0968190819025039,Married-civ-spouse,Prof-specialty,Wife,,,0,0,16.32304264783859,England,
24.036546013355256,Private,149716.99841329234,5th-6th,3.4966714978218083,Married-spouse-absent,Farming-fishing,Husband,,,0,0,51.60484122872352,Germany,
40.09654601335525,Self-emp-not-inc,121719.143749073,Assoc-acdm,7.696668672561645,Married-af-spouse,Handlers-cleaners,Unmarried,,,0,0,83.94312898159026,Mexico,
28.416546013355255,Private,105693.47225420947,Some-college,7.247115519642829,Widowed,Exec-managerial,,,,0,3361.345736890435,34.94775718331337,England,
47.396546013355255,,232213.75288260973,9th,4.546491155028344,,Other-service,,,,0,0,9.461692967414855,England,
38.63654601335526,,201369.5517738242,Masters,5.44662210047245,,Other-service,,,,0,0,47.68193263411522,Mexico,
50.31654601335526,,144540.71542658715,Masters,4.096670299768448,,,,,,0,0,44.740748261213305,United-states,
80.24654601335526,,232224.34426695437,Hs-grad,2.5966956198215483,,,,,,0,0,86.88177935957908,United-states,
21.846546013355255,,110548.22878928234,,14.596732920408249,,,,,,0,0,73.1594012093544,Cuba,
24.766546013355253,,188798.34950012428,,1.0966562986373902,,,,,,0,0,31.9996295440197,South,
78.78654601335526,,152338.90792961657,,3.4965274542570115,,,,,,0,0,36.899713132381436,Taiwan,
84.62654601335527,,162258.94362804413,,13.69664447903633,,,,,,0,0,53.55958550095558,Hong,
40.09654601335525,,162252.77363383668,,11.446487757563592,,,,,,0,0,58.45938695669173,United-states,
83.16654601335526,,141948.78410554706,,13.3965705126524,,,,,,0,0,16.319500277042387,United-states,
47.396546013355255,,152336.0930804375,,15.19645680487156,,,,,,0,0,39.839320424795154,[UNK],
28.416546013355255,Federal-gov,210324.9662987167,Hs-grad,12.94677076637745,Widowed,Adm-clerical,Other-relative,Other,Male,0,0,39.84718701839447,United-states,<=50k
27.686546013355255,State-gov,48144.19840984273,Assoc-voc,4.546821701526642,Married-af-spouse,Adm-clerical,Wife,White,Male,0,0,1.6262836682796478,United-states,<=50k
40.09654601335525,Local-gov,126855.99727750958,Hs-grad,12.046604424715042,Married-civ-spouse,Tech-support,Husband,Other,Male,0,0,46.70782470822334,Philippines,<=50k
43.01654601335525,State-gov,132880.28355235298,Some-college,1.3969859778881073,Married-civ-spouse,Machine-op-inspct,Not-in-family,Other,Male,0,0,20.247632122039796,El-salvador,<=50k
47.396546013355255,State-gov,218563.00331851386,Assoc-acdm,4.546667572855949,Married-spouse-absent,Sales,Not-in-family,Other,Male,0,0,93.74613483309746,?,>50k
40.09654601335525,Federal-gov,98054.7296518987,Hs-grad,7.246486479043961,Married-civ-spouse,Prof-specialty,Husband,White,Male,0,0,66.30651591658592,China,<=50k
40.09654601335525,Private,301613.2023749471,12th,8.44677637219429,Married-civ-spouse,Armed-forces,Husband,White,Male,0,0,32.00809101104736,Puerto-rico,<=50k
45.936546013355255,Federal-gov,239667.01145448408,Assoc-voc,12.346512460708617,Married-spouse-absent,Prof-specialty,[UNK],Other,Male,0,0,82.96521144747733,Cambodia,>50k
29.146546013355255,Private,243751.49396736038,Assoc-voc,15.796935614943504,Married-civ-spouse,Prof-specialty,Husband,White,Male,0,0,86.88721990466118,England,>50k
40.09654601335525,Without-pay,94527.01604864231,12th,5.746488258242607,Married-civ-spouse,Prof-specialty,Husband,Other,Male,0,0,49.64620662212372,Nicaragua,
26.226546013355254,Self-emp-inc,20567.98283482006,Masters,10.996618631482125,Married-civ-spouse,Prof-specialty,Husband,Other,,0,0,76.10481424212456,United-states,
75.13654601335526,Federal-gov,94538.50195352564,10th,14.59647131562233,Married-civ-spouse,Adm-clerical,Husband,White,,0,0,32.00481062054634,?,
34.256546013355255,State-gov,38161.65236290325,Assoc-voc,4.9967461168766025,Widowed,Prof-specialty,Wife,White,,0,0,66.30433041095733,Germany,
65.64654601335526,Federal-gov,136169.66567513603,Assoc-acdm,15.346688869595527,Widowed,Farming-fishing,Wife,White,,0,0,58.46479000091552,United-states,
40.09654601335525,State-gov,154899.11357533492,Assoc-voc,4.9966320425271995,Married-civ-spouse,Handlers-cleaners,,White,,0,0,66.30357280015946,United-states,
47.396546013355255,Private,126861.62128263041,11th,11.446701762080194,Married-civ-spouse,Adm-clerical,,White,,0,0,41.803548208475114,Puerto-rico,
26.226546013355254,State-gov,117141.29930356669,Assoc-voc,12.646721976995467,Married-civ-spouse,?,,White,,0,0,73.16298341751099,Taiwan,
75.13654601335526,,162259.11397648402,Hs-grad,12.346643888950346,Widowed,Prof-specialty,,White,,0,0,32.00376935839653,Nicaragua,
38.63654601335526,,210318.1104500862,Masters,1.9967727065086365,Married-civ-spouse,Machine-op-inspct,,White,,0,0,31.024243785142897,Cuba,
49.58654601335525,,183533.8953023441,Masters,3.3466140091419216,Married-af-spouse,Machine-op-inspct,,,,0,0,1.6218898761272431,Puerto-rico,
28.416546013355255,,174701.93207878794,12th,7.246591845154763,Married-civ-spouse,Prof-specialty,,,,0,0,20.24121672987938,Philippines,
45.936546013355255,,162257.68103522196,Hs-grad,3.6465050667524337,Never-married,Tech-support,,,,0,0,69.24189075231553,United-states,
55.42654601335526,,132874.74871001276,Assoc-acdm,2.8966470807790756,,Sales,,,,0,0,18.281829010248185,United-states,
18.926546013355257,,177780.04791892186,9th,13.996615609526634,,Prof-specialty,,,,0,0,89.8197706103325,Philippines,
37.90654601335525,,144542.16406485642,Masters,13.9966276794672,,Other-service,,,,0,0,46.70186072826386,Hong,
47.396546013355255,,334674.8908865002,Assoc-acdm,6.196625551581383,,Machine-op-inspct,,,,0,0,31.02117946267128,Germany,
46.66654601335526,,121718.11022623365,Assoc-acdm,15.346720948815346,,,,,,0,0,66.29965834140778,United-states,
17.466546013355256,,342505.0361428134,Assoc-acdm,12.946634662151338,,,,,,0,0,38.86051612973213,United-states,
47.396546013355255,,218557.84850255147,,11.446470913290979,,,,,,0,0,73.15880329847336,Taiwan,
28.416546013355255,,193861.61025404235,,7.246347334980965,,,,,,0,0,93.7396926879883,Cuba,
38.63654601335526,,136162.9326123587,,4.996593365073204,,,,,,20092.849549385865,0,52.579116448163994,?,
26.226546013355254,,105680.10860600305,,1.096630647778511,,,,,,0,0,39.839848474264144,Jamaica,
28.416546013355255,Federal-gov,218565.5100585316,Hs-grad,1.0966418147087098,Widowed,Other-service,Not-in-family,Other,Male,0,0,52.58754847526551,Philippines,>50k
56.15654601335526,Self-emp-inc,1018650.267610802,Masters,1.996694850921631,Married-spouse-absent,Craft-repair,Wife,White,Male,0,0,40.82685459256172,[UNK],<=50k
40.09654601335525,Local-gov,258175.1865571527,1st-4th,1.6965690284967423,Married-civ-spouse,Sales,Wife,White,Male,0,0,23.187192509174345,?,<=50k
55.42654601335526,Federal-gov,126852.85210511154,9th,13.99652073085308,Married-af-spouse,Prof-specialty,Wife,Other,Male,0,3361.3183156836035,89.82877151727676,Puerto-rico,<=50k
24.036546013355256,Private,48170.78641084082,Hs-grad,6.947122216224671,Married-civ-spouse,Farming-fishing,Not-in-family,Asian-pac-islander,Female,0,0,31.029116443395615,England,<=50k
80.24654601335526,?,117143.33466778295,Hs-grad,7.2466608673334125,Widowed,Exec-managerial,Wife,White,Male,0,0,49.6470386505127,Puerto-rico,<=50k
49.58654601335525,Private,94544.24937992613,Assoc-voc,6.946816462278366,Separated,Prof-specialty,Wife,Other,Male,0,0,89.82633255958557,Italy,
28.416546013355255,State-gov,162261.45093274247,Hs-grad,3.4966111928224564,Widowed,Armed-forces,Husband,Other,Male,0,0,73.16791957020759,United-states,
77.32654601335526,Never-worked,20588.91339252695,Assoc-acdm,12.946915265917779,Widowed,Armed-forces,Not-in-family,White,,0,0,17.305566595792772,Germany,
36.44654601335526,Self-emp-inc,309381.88924320205,Doctorate,3.346830704808235,Married-civ-spouse,Prof-specialty,Wife,White,,0,0,46.70428280472756,Scotland,
78.05654601335526,State-gov,287263.47062659264,Bachelors,3.1967653393745423,Married-af-spouse,Farming-fishing,Husband,Black,,0,0,73.16515840888023,El-salvador,
37.90654601335525,Self-emp-inc,170742.59197468398,9th,4.396484324336052,Married-civ-spouse,Prof-specialty,Not-in-family,White,,0,0,85.90395768046379,Puerto-rico,
28.416546013355255,Private,243751.5585507738,Assoc-acdm,3.347029411792755,Never-married,Prof-specialty,Wife,Other,,0,0,35.92586923122406,Philippines,
24.036546013355256,Self-emp-not-inc,136166.7790241805,Assoc-voc,6.646727305650711,Married-civ-spouse,Craft-repair,Own-child,White,,0,0,36.90482837796211,Germany,
38.63654601335526,Federal-gov,157636.8279087048,[UNK],1.096733072400093,Married-civ-spouse,Craft-repair,[UNK],Other,,0,0,7.504972248077393,Puerto-rico,
17.466546013355256,Private,168837.314812785,Assoc-voc,11.146912887692453,Married-civ-spouse,Machine-op-inspct,Husband,White,,0,0,39.84577612161637,United-states,
31.336546013355253,Self-emp-inc,218561.62419821718,Assoc-acdm,5.446796783804893,Married-spouse-absent,Sales,Wife,,,0,0,39.843544353246685,Germany,
75.13654601335526,State-gov,20587.98542265319,Hs-grad,7.246801352500915,Married-civ-spouse,Sales,,,,20088.141736742222,0,73.16440500378609,Mexico,
17.466546013355256,?,375080.5148864416,Masters,4.9967496573925025,Widowed,Prof-specialty,,,,0,0,83.94167631983757,Mexico,
44.476546013355254,,172917.55193892855,Assoc-acdm,7.096669790148735,Married-civ-spouse,Sales,,,,0,0,16.321768144369123,Puerto-rico,
24.036546013355256,,105689.2419303809,9th,1.0966105312108994,Married-af-spouse,Armed-forces,,,,0,0,7.502700291872025,Canada,
51.046546013355254,,57654.69342429318,Assoc-acdm,7.09665915966034,Never-married,Prof-specialty,,,,0,0,79.04070842385292,Mexico,
49.58654601335525,,63446.64094971356,Hs-grad,1.5466901391744614,,,,,,0,0,23.180764441490172,Columbia,
42.286546013355256,,160049.43308229925,Hs-grad,7.246345707774163,,,,,,0,0,92.76093360424042,Germany,
45.20654601335525,,362225.0490644269,,1.9967199116945267,,,,,,0,0,13.379656413793564,?,
36.44654601335526,,152334.5807103499,,4.0964308947324755,,,,,,0,0,67.27918969750405,United-states,
75.13654601335526,,157636.69822734184,,4.546703809499741,,,,,,0,0,5.54006985783577,United-states,
40.826546013355255,,94533.34845019986,,4.246494150161743,,,,,,0,0,41.79971067905426,Puerto-rico,
78.05654601335526,,301589.468332268,,6.946610102057457,,,,,,0,0,15.339450042247773,Puerto-rico,
19.656546013355253,,121726.79446173956,,13.996643102169037,,,,,,0,0,3.5795690286159516,Philippines,
75.13654601335526,,162259.11397648402,,2.146636807918549,,,,,,0,0,69.2405397284031,Taiwan,
56.15654601335526,,162252.4212352618,,9.646472871303558,,,,,,0,0,18.279722945690153,United-states,
45.936546013355255,Self-emp-inc,94528.09832284182,Hs-grad,7.096703648567201,Married-af-spouse,Prof-specialty,Husband,Black,Male,0,0,1.6262799882888794,England,<=50k
28.416546013355255,Self-emp-inc,129777.09093233407,Hs-grad,14.596607929468156,Never-married,Sales,Wife,Amer-indian-eskimo,Female,0,0,66.30779561877252,Germany,>50k
49.58654601335525,?,275472.730558891,Assoc-voc,7.246572408080101,Never-married,Adm-clerical,Husband,White,Male,0,0,7.505571794509889,United-states,>50k
45.936546013355255,Local-gov,362237.7185176787,11th,8.146550431847572,Never-married,Sales,Husband,Amer-indian-eskimo,Male,0,0,11.429554771184922,Hong,<=50k
56.15654601335526,Federal-gov,154897.60345042642,Masters,10.996582224965097,Married-civ-spouse,Machine-op-inspct,Husband,Other,Male,0,0,2.607725932598114,Mexico,<=50k
75.13654601335526,Private,193869.811373695,9th,3.3466294407844543,Separated,Prof-specialty,Husband,White,Male,0,0,41.80857116222382,Poland,<=50k
19.656546013355253,Private,183544.7218041504,Hs-grad,13.996878814697265,Married-af-spouse,Sales,Husband,Other,Male,0,0,31.028381379842756,Germany,<=50k
33.52654601335526,Federal-gov,183537.8018630752,Some-college,5.746825787425042,Married-af-spouse,Prof-specialty,Husband,White,Male,0,0,29.067336788177492,Hong,<=50k
75.13654601335526,[UNK],309413.1639670703,11th,5.746621009707451,Married-civ-spouse,Adm-clerical,Husband,White,Male,45315.85271433346,0,85.90897006154061,United-states,<=50k
62.72654601335526,Private,160056.9631872568,Hs-grad,1.6965975314378738,Married-civ-spouse,Farming-fishing,Husband,White,Male,0,0,13.38820438981056,Canada,
83.16654601335526,Federal-gov,157638.63321629958,Some-college,6.496990117430687,Married-spouse-absent,Prof-specialty,Wife,Other,Male,0,0,18.287078487873078,Puerto-rico,
22.576546013355255,?,218572.76116915926,Hs-grad,4.996546390652657,Never-married,Machine-op-inspct,Wife,Black,,0,0,25.14517201900482,Columbia,
31.336546013355253,Federal-gov,152342.1553840646,Assoc-acdm,3.346630245447159,Married-civ-spouse,Sales,Husband,Amer-indian-eskimo,,0,0,25.14592115998268,Puerto-rico,
36.44654601335526,Without-pay,136164.1235374309,12th,4.546466201543808,Married-civ-spouse,Transport-moving,Husband,White,,0,0,35.92439887046814,Canada,
47.396546013355255,State-gov,154899.59279177067,Assoc-voc,10.99665520787239,Divorced,Prof-specialty,Other-relative,Asian-pac-islander,,0,0,23.185161563158037,Hong,
21.846546013355255,State-gov,132883.6308395934,Assoc-voc,4.996809729933739,Married-af-spouse,Craft-repair,Own-child,Amer-indian-eskimo,,0,0,1.6251787948608398,Canada,
29.146546013355255,Private,110550.65207890084,11th,3.346586140990257,Married-civ-spouse,Sales,Not-in-family,Other,,0,3697.394623548686,41.81024783611297,Philippines,
40.09654601335525,,210316.67908998104,Hs-grad,14.146713063120842,Widowed,Sales,,White,,0,0,16.324833050966262,Germany,
73.67654601335525,,210323.27674967996,Hs-grad,5.446789541840554,Married-spouse-absent,Sales,,White,,0,0,39.84462691307068,United-states,
83.16654601335526,,32438.990416942554,11th,11.596372163295747,Widowed,Machine-op-inspct,,White,,45327.3749036393,0,46.70586379885673,Mexico,
45.936546013355255,,112781.99655420249,Hs-grad,6.346494042873383,,Protective-serv,,Asian-pac-islander,,0,0,1.62284743309021,Puerto-rico,
45.936546013355255,,185342.5665046998,1st-4th,6.946257302165032,,Sales,,,,0,0,32.98104745030403,Hong,
36.44654601335526,,183534.20416861423,9th,13.996482008695603,,Craft-repair,,,,0,0,77.08176645040513,United-states,
45.936546013355255,,239667.96704153027,11th,5.746301084756851,,Protective-serv,,,,0,0,9.459831008911133,United-states,
17.466546013355256,,90051.35087571865,,1.0965970128774643,,Adm-clerical,,,,0,0,3.5802016949653623,Columbia,
75.13654601335526,,144548.20193909612,,7.696738213300705,,Prof-specialty,,,,0,0,85.9008292210102,?,
51.77654601335526,,210316.84413809137,,12.946571004390718,,Farming-fishing,,,,0,0,41.80141352176666,Mexico,
86.08654601335526,,218557.55352624488,,11.446408078074455,,Adm-clerical,,,,124.68387602264737,0,31.019849116802217,United-states,
28.416546013355255,,218561.45452501127,,4.696423098444939,,,,,,0,0,44.73949834942818,Puerto-rico,
17.466546013355256,,168830.77790861923,,12.046541339159011,,,,,,0,0,73.15938631415366,Hong,
47.396546013355255,,117136.57290428472,,14.146493953466415,,,,,,0,0,16.318987823724747,[UNK],
17.466546013355256,,117141.01567002316,,3.646568885445595,,,,,,0,0,69.2393978214264,England,
39.366546013355254,State-gov,375080.39666330686,9th,6.19649119079113,Married-spouse-absent,Other-service,Wife,Other,Male,0,0,30.046014912128445,Canada,<=50k
49.58654601335525,Federal-gov,20573.671524564903,Assoc-voc,5.7465860247612,Widowed,Prof-specialty,Wife,Black,Female,0,0,5.545893822908402,United-states,>50k
86.08654601335526,?,63452.096982047,Assoc-acdm,4.996886289119721,Married-spouse-absent,Craft-repair,[UNK],White,Female,0,0,67.28688257217408,Puerto-rico,>50k
43.01654601335525,Private,258189.13314174683,11th,3.3467828541994096,Separated,Sales,Not-in-family,Amer-indian-eskimo,Male,0,1176.87446080178,39.852534570693976,United-states,<=50k
23.306546013355256,Self-emp-not-inc,20555.857864584355,Assoc-acdm,12.046867245435713,Married-af-spouse,Sales,Wife,White,Male,0,0,93.74752160549164,Philippines,<=50k
47.396546013355255,Self-emp-inc,105681.04458148658,Hs-grad,12.496593955159188,Married-civ-spouse,Priv-house-serv,Husband,Other,Male,0,0,16.325876532793046,South,>50k
78.78654601335526,Federal-gov,126858.18860455937,[UNK],2.1467473953962326,Widowed,Prof-specialty,Unmarried,Asian-pac-islander,Male,0,0,11.427431007623673,Germany,<=50k
17.466546013355256,State-gov,168830.61958781737,Hs-grad,12.49659019112587,Widowed,Adm-clerical,Not-in-family,Asian-pac-islander,Male,0,0,68.26668823361398,Scotland,
67.83654601335526,Private,243746.87763804419,Assoc-voc,12.047036018967628,Married-spouse-absent,Other-service,Wife,White,Male,0,0,16.32955196738243,South,
42.286546013355256,Federal-gov,147203.2932919844,Some-college,6.347041222453117,Married-civ-spouse,Priv-house-serv,Wife,White,Male,0,0,97.6668302345276,United-states,
17.466546013355256,Federal-gov,185343.7365758344,Some-college,4.996862533688546,Married-civ-spouse,Prof-specialty,Unmarried,Other,,0,0,44.745336158275606,Ireland,
67.83654601335526,?,375053.8215149207,Assoc-acdm,15.94679965376854,Married-af-spouse,Craft-repair,Husband,White,,0,0,68.26638150930405,Germany,
45.936546013355255,State-gov,1019965.3264802955,Assoc-voc,6.946656531095505,Married-civ-spouse,Prof-specialty,Wife,White,,0,0,38.86398986577988,United-states,
89.73654601335525,Federal-gov,34976.65037012104,Assoc-voc,8.146401873230936,Married-civ-spouse,Craft-repair,Wife,Black,,20087.74155436458,0,24.16484006047249,Puerto-rico,
49.58654601335525,Private,98062.12464303501,Assoc-voc,12.946728494763375,Married-civ-spouse,Sales,Other-relative,White,,0,0,7.505771565437318,Columbia,
23.306546013355256,Self-emp-inc,126856.75580332732,Hs-grad,1.5467018604278566,Widowed,Prof-specialty,Wife,White,,0,0,20.244750864505768,Germany,
32.796546013355254,Without-pay,185342.48134122597,12th,13.996463179588318,Separated,Prof-specialty,Not-in-family,,,0,0,32.00270823597908,Germany,
72.21654601335526,Federal-gov,129785.13582304923,Hs-grad,5.5967512220144275,Married-af-spouse,Prof-specialty,Husband,,,0,0,63.36283218741417,Vietnam,
47.396546013355255,State-gov,334689.7505363742,11th,13.54633975327015,Never-married,Exec-managerial,[UNK],,,0,0,97.66177164912223,United-states,
68.56654601335526,Private,172923.74514638493,Assoc-acdm,12.946949410438538,,Sales,,,,0,0,6.5233735549449925,United-states,
51.046546013355254,State-gov,20562.886653164696,Some-college,3.496899110078812,,Sales,,,,0,0,32.983217359781264,England,
28.416546013355255,,183537.06157595152,12th,9.046599364280702,,Other-service,,,,0,0,81.98202229738236,Italy,
17.466546013355256,,63465.592608633044,Assoc-voc,1.5465869188308716,,Sales,,,,0,0,85.90158221721649,Columbia,
45.936546013355255,,144546.65060586948,Assoc-voc,5.296555098891258,,Prof-specialty,,,,0,0,53.55983690857888,China,
45.936546013355255,,172916.65367012096,11th,7.246287414431572,,Other-service,,,,0,0,39.841142020225526,United-states,
47.396546013355255,,199448.2059228301,Hs-grad,11.746351715922355,,Farming-fishing,,,,0,0,68.26135528445245,Puerto-rico,
71.48654601335525,,139121.45257371047,Bachelors,6.196864634752274,,,,,,0,0,73.16010169267655,El-salvador,
47.396546013355255,,218557.84850255147,,8.896470913290978,,,,,,0,0,69.23893916606904,England,
67.10654601335526,,185340.81248343154,,5.896632954478264,,,,,,0,0,49.63959052443504,United-states,
42.286546013355256,,232226.8426700015,,12.946665596961976,,,,,,0,0,27.100274769067767,Philippines,
28.416546013355255,,94533.10196129662,,7.546673214435577,,,,,,0,0,7.500295388698579,United-states,
29.146546013355255,,38155.62343447526,,15.19662649035454,,,,,,0,0,91.77940004110336,Hong,
55.42654601335526,Self-emp-not-inc,94521.73625552845,11th,7.996295925974846,Married-civ-spouse,Machine-op-inspct,Husband,White,Male,0,0,69.24543616056444,Nicaragua,>50k
84.62654601335527,Self-emp-inc,94534.20800627537,Masters,3.1967989921569826,Married-civ-spouse,Priv-house-serv,Own-child,White,Male,0,0,34.94576963782311,?,<=50k
34.98654601335525,Self-emp-not-inc,248223.81473280874,Assoc-voc,3.346544924378395,Widowed,Sales,Wife,Black,Male,0,0,34.94646731734276,Italy,<=50k
65.64654601335526,Private,185351.2387200053,[UNK],14.596961382031441,Widowed,Other-service,Husband,White,Male,0,0,76.11176422595979,Ireland,<=50k
34.98654601335525,?,144541.92658456787,Assoc-acdm,7.996644586324692,Married-civ-spouse,Adm-clerical,Unmarried,White,Male,0,0,49.64612005472183,?,<=50k
53.966546013355256,Federal-gov,258175.25264476234,Hs-grad,9.046461981534959,Widowed,Adm-clerical,Other-relative,Asian-pac-islander,,0,0,71.20483462810516,United-states,>50k
61.26654601335526,Self-emp-not-inc,94525.87664586166,Assoc-voc,7.696619784832001,Widowed,Priv-house-serv,Wife,White,,0,0,69.24323862195016,Outlying-us(guam-usvi-etc),<=50k
44.476546013355254,Federal-gov,177777.70540063214,Assoc-acdm,3.346728432178497,Married-af-spouse,Prof-specialty,Wife,Other,,0,0,27.10414903998375,China,>50k
58.346546013355265,Without-pay,136164.6306702839,Some-college,3.1968312859535217,Married-spouse-absent,Sales,Wife,Other,,0,0,79.04734963893891,Canada,<=50k
28.416546013355255,State-gov,309398.40609769884,Hs-grad,8.746537441015244,Separated,Exec-managerial,Other-relative,Amer-indian-eskimo,,0,0,20.24625948548317,Taiwan,<=50k
29.146546013355255,Private,136181.48814497492,Assoc-voc,12.046919012069703,Married-af-spouse,Prof-specialty,Unmarried,White,,0,0,53.565251343250274,Puerto-rico,<=50k
67.83654601335526,State-gov,132878.79153030383,Hs-grad,5.7465676248073585,Widowed,Prof-specialty,Husband,,,0,0,93.7432276403904,Germany,<=50k
67.83654601335526,Private,121730.80314879071,12th,2.896912923455238,Married-civ-spouse,Prof-specialty,Own-child,,,0,0,84.92368752241134,United-states,
31.336546013355253,State-gov,136172.07456986702,Hs-grad,3.3465461313724516,Separated,Prof-specialty,Husband,,,0,0,21.22298540353775,Taiwan,
42.286546013355256,Private,20667.94781569857,Some-college,4.697347083687783,Widowed,Prof-specialty,Wife,,,0,0,44.746467492580415,Taiwan,
78.05654601335526,Without-pay,124230.02303902413,Masters,2.5968261629343035,Married-civ-spouse,Sales,Not-in-family,,,0,0,14.365017459392549,Germany,
28.416546013355255,State-gov,139126.48944918264,Hs-grad,15.196702593564988,Married-af-spouse,Prof-specialty,Husband,,,0,0,85.90363892316819,Puerto-rico,
72.21654601335526,Private,144562.17445619637,11th,15.046963420510293,,Machine-op-inspct,Wife,,,0,0,10.445165067911148,Japan,
32.796546013355254,State-gov,115053.07759799522,9th,1.2466439247131347,,?,,,,0,0,66.30129979252816,Taiwan,
43.74654601335526,Private,157648.64203331523,Masters,1.9970321118831635,,?,,,,0,0,44.74209467053414,Columbia,
18.196546013355256,?,301606.8109306269,11th,5.746389722824096,,Sales,,,,0,0,40.821768903732305,Canada,
40.826546013355255,,221804.87435211096,Assoc-voc,5.296782112121582,,Prof-specialty,,,,0,0,89.82082799434663,Italy,
51.046546013355254,,136161.32199636212,Hs-grad,6.196486729383469,,Prof-specialty,,,,0,0,85.90041016936303,United-states,
45.936546013355255,,152339.41251029435,Hs-grad,11.446445432305337,,Sales,,,,0,0,53.56141539096833,Mexico,
53.23654601335525,,243730.09050451484,Assoc-voc,5.896714127063751,,Machine-op-inspct,,,,0,0,16.321326078176497,United-states,
24.036546013355256,,309403.82707572175,Hs-grad,6.946605846285821,,,,,,0,0,66.30098956346512,United-states,
29.876546013355256,,63457.9784702969,,3.9466648191213607,,,,,,0,0,40.81970729112626,Canada,
31.336546013355253,,157631.29406405063,,12.046441015601157,,,,,,0,0,33.959042205810555,Mexico,
86.08654601335526,,309375.48726156604,,11.446642395853997,,,,,,0,0,41.7995845079422,Canada,
42.286546013355256,,139128.00454089706,,15.196685767173767,,,,,,0,462.77841242372995,29.0624447953701,Germany,
26.226546013355254,,20546.7428058725,,5.5964815527200695,,,,,,0,0,70.21922766566277,Nicaragua,
53.23654601335525,,121720.46657508142,,14.146625658869745,,,,,,0,0,69.23928607821465,Mexico,
77.32654601335526,Private,275519.27478230797,11th,14.146698480844497,Married-civ-spouse,Farming-fishing,Wife,Black,Male,0,0,1.6272650575637817,United-states,>50k
72.94654601335526,Private,154917.38585893213,Hs-grad,7.246984359622002,Married-af-spouse,Transport-moving,Husband,White,Male,0,0,73.16790122866631,Canada,<=50k
40.826546013355255,Federal-gov,94533.69738056874,Assoc-voc,6.946629816293717,Married-spouse-absent,Adm-clerical,Husband,White,Female,0,0,46.70587775945664,Puerto-rico,<=50k
73.67654601335525,State-gov,80661.2520517186,Hs-grad,12.04687558710575,Married-civ-spouse,Farming-fishing,Unmarried,Black,Male,0,1386.735374415815,27.11109896540642,Japan,<=50k
78.05654601335526,State-gov,172920.31677318702,Assoc-voc,15.046683433651925,Married-af-spouse,Prof-specialty,Not-in-family,Other,Male,0,0,69.24631883263588,United-states,<=50k
24.036546013355256,Self-emp-inc,362243.46115576953,Assoc-acdm,11.596912977099418,Separated,Farming-fishing,Husband,White,Male,0,0,84.92875708937645,Puerto-rico,<=50k
72.21654601335526,Federal-gov,85453.549307788,Prof-school,14.146669512987136,Never-married,?,Wife,White,Male,0,0,66.30673788428307,United-states,<=50k
45.936546013355255,Private,144555.3294511325,Hs-grad,10.996765902638437,Never-married,Other-service,Other-relative,White,Male,0,2899.379121682346,39.85203888177872,United-states,<=50k
47.396546013355255,Without-pay,218557.10137487718,Hs-grad,3.646319422125816,Married-af-spouse,Sales,Wife,White,Male,0,0,20.246760197877887,Germany,[UNK]
20.386546013355254,Federal-gov,232222.6651100355,Assoc-acdm,6.346759071946144,Widowed,Machine-op-inspct,Husband,Black,Male,0,0,41.80728088736534,United-states,>50k
73.67654601335525,Federal-gov,309397.957245902,Assoc-acdm,7.6967577040195465,Never-married,Sales,Other-relative,White,Male,0,0,41.806821122169495,Taiwan,<=50k
38.63654601335526,State-gov,100737.68102626596,Hs-grad,12.646525979042053,Married-civ-spouse,Other-service,Wife,White,,0,0,98.64617099046707,India,<=50k
45.936546013355255,Without-pay,110535.94264998623,Hs-grad,3.496429455280304,Widowed,Other-service,Husband,Other,,0,0,44.7454494202137,Germany,<=50k
24.036546013355256,Federal-gov,20592.09532107599,Hs-grad,3.9467048376798632,Widowed,Farming-fishing,Husband,White,,0,0,41.806370761394504,Germany,<=50k
21.846546013355255,Private,232242.41598404446,Assoc-voc,10.396882176399231,Widowed,Machine-op-inspct,Husband,,,0,0,17.304688012599946,Hong,
83.16654601335526,Private,42849.37638120228,Assoc-voc,3.79687904715538,Married-spouse-absent,Machine-op-inspct,,,,0,0,41.80353080153465,Taiwan,
45.20654601335525,State-gov,115050.55661830025,9th,5.746425181627274,,Adm-clerical,,,,0,0,16.320730153322224,England,
80.24654601335526,,100739.24662782713,10th,7.246434998512268,,Prof-specialty,,,,0,0,69.24084218859673,Italy,
38.63654601335526,,193858.88863499442,10th,8.746253323554992,,Prof-specialty,,,,0,0,47.68036957263947,United-states,
70.75654601335526,,132878.7876009978,Some-college,1.546888640522957,,Prof-specialty,,,,0,0,86.8826713192463,Columbia,
65.64654601335526,,100736.7757474416,Assoc-voc,9.046670559048653,,Sales,,,,0,0,13.38187702536583,United-states,
53.23654601335525,,375049.55803122825,1st-4th,6.946535804867745,,?,,,,0,0,7.500548957586289,Germany,
26.226546013355254,,154895.9746644478,Assoc-acdm,3.3466991961002353,,Protective-serv,,,,0,0,13.380429503917695,Canada,
47.396546013355255,,112779.48004991257,11th,7.996223497390748,,,,,,0,0,28.07910552501679,Cuba,
49.58654601335525,,281323.65205077874,Assoc-acdm,15.196687063574792,,,,,,0,0,91.7797536122799,United-states,
67.83654601335526,,34971.92866816859,,7.99643945991993,,,,,,0,0,85.8993113708496,Philippines,
43.01654601335525,,112780.49488700228,,6.1965264797210695,,,,,,0,0,85.89950021862984,Canada,
32.796546013355254,,144548.40312816013,,14.446726322174072,,,,,,0,0,10.440270329713822,England,
44.476546013355254,,281336.65831141244,,5.746580383181572,,,,,,0,0,40.819669965505604,United-states,
28.416546013355255,,275493.1799836708,,2.296602493524551,,,,,,0,0,41.8003148984909,Poland,
42.286546013355256,,115053.67795982781,,3.346646526455879,,,,,,0,0,32.98012248754502,Columbia,
53.23654601335525,,94527.19642681509,,15.046640276908876,,,,,,0,0,7.4996786105632784,Germany,
46.66654601335526,Private,162262.88107931163,12th,13.39667190015316,Widowed,Prof-specialty,Wife,White,Male,0,0,60.42636737346649,England,>50k
58.346546013355265,Self-emp-inc,218560.28745940758,Some-college,13.54698992073536,Widowed,Farming-fishing,Husband,White,Female,0,0,39.849144306182865,Taiwan,<=50k
53.23654601335525,State-gov,147201.94623214635,Assoc-acdm,15.196845626831056,Married-af-spouse,Tech-support,Wife,Other,Male,0,0,38.86743129968644,Germany,<=50k
62.72654601335526,Federal-gov,218567.21135515676,Hs-grad,3.9467914551496506,Married-af-spouse,Sales,Husband,Other,Male,0,0,10.448298842906953,Canada,<=50k
20.386546013355254,Private,139135.6614203763,Assoc-voc,11.29690954387188,Separated,Other-service,Own-child,Black,Male,1530.4662663317747,0,97.67152087926864,Vietnam,<=50k
86.08654601335526,Federal-gov,375074.2942223534,Bachelors,8.146788308024407,Never-married,Tech-support,Not-in-family,Other,Male,0,0,81.98721604943276,Columbia,<=50k
34.98654601335525,Private,121731.63989670844,Hs-grad,15.196818125247956,Married-civ-spouse,Protective-serv,Other-relative,White,Male,0,0,15.347101444005965,Germany,<=50k
66.37654601335527,Federal-gov,112784.3514270769,Hs-grad,14.596494087576867,Widowed,?,Wife,White,Male,0,0,82.96672491669655,England,>50k
46.66654601335526,Private,275507.53720934276,[UNK],2.296986836194992,Married-civ-spouse,Sales,Unmarried,White,,0,0,16.32667462348938,United-states,
33.52654601335526,Self-emp-not-inc,168825.960934825,Hs-grad,6.946445637941361,Widowed,Tech-support,Husband,Other,,0,0,44.74462662100792,Mexico,
49.58654601335525,Private,1022592.073733172,Doctorate,4.397169002890587,Never-married,Other-service,Husband,White,,0,0,41.806681457757946,France,
56.15654601335526,State-gov,112782.00540321405,Assoc-acdm,1.3966600269079208,Married-af-spouse,Tech-support,Husband,Black,,0,0,16.324701797962188,United-states,
34.98654601335525,Private,48154.95705123269,Assoc-voc,15.047048884630204,Widowed,Priv-house-serv,Wife,Other,,0,0,27.105324183702468,England,
67.10654601335526,State-gov,90049.92571743249,9th,4.996619293093682,Widowed,Sales,Husband,Amer-indian-eskimo,,0,0,16.32632899641991,Mexico,
89.00654601335526,State-gov,375083.8189270232,Some-college,4.397064673900604,[UNK],Machine-op-inspct,,Other,,0,0,88.84630014061928,Cambodia,
31.336546013355253,Private,117145.40229432382,Hs-grad,11.44683445096016,Married-civ-spouse,Farming-fishing,,Other,,0,0,67.28457866430283,Columbia,
19.656546013355253,?,48144.60034559775,Hs-grad,12.946631345152856,Widowed,Priv-house-serv,,White,,0,0,66.30297313690185,Jamaica,
34.256546013355255,Without-pay,215616.94804489205,10th,1.9966306298971177,Never-married,Machine-op-inspct,,Other,,0,0,7.504477727413178,Germany,
40.826546013355255,?,301598.3888640092,Hs-grad,7.096485236287117,Never-married,Prof-specialty,,Amer-indian-eskimo,,0,0,41.80415932059288,Canada,
67.83654601335526,,185340.4348352363,11th,5.746547231078148,Never-married,Other-service,,Black,,0,0,56.504370365142826,Germany,
49.58654601335525,,105677.54070330501,Assoc-voc,11.296515196561813,,Armed-forces,,,,0,0,25.140498781204222,United-states,
47.396546013355255,,129772.23753587817,Hs-grad,9.046537199616433,,Exec-managerial,,,,0,0,79.04047605872155,United-states,
72.94654601335526,,215629.43420210356,12th,2.296918457746506,,Prof-specialty,,,,0,0,67.28158998608589,United-states,
49.58654601335525,,248221.19292542743,Assoc-acdm,11.446603611111643,,,,,,0,0,81.9793589770794,Philippines,
75.13654601335526,,193862.7112957488,,15.046510815620422,,,,,,0,0,1.6204075992107392,Germany,
39.366546013355254,,258166.19420257668,,5.596629074215889,,,,,,0,0,39.839263005256655,Germany,
67.83654601335526,,121720.99489924137,,3.3465863823890687,,,,,,0,0,44.73944326639175,Jamaica,
31.336546013355253,,20542.71490353028,,12.046324357390404,,,,,,0,0,93.73927976965905,China,
67.10654601335526,,215616.5797615345,,5.746718195080756,,,,,,0,0,29.060172079801557,United-states,
28.416546013355255,,129775.86963216693,,3.9466684579849245,,,,,,0,0,82.96025584340096,Puerto-rico,
65.64654601335526,,232220.54273892933,,13.546620607376099,,,,,,0,0,85.89948421359061,Poland,
83.16654601335526,,115049.24873168812,,9.046684327721596,,,,,,0,0,44.74008960127831,Poland,
45.936546013355255,Private,1023712.3858633566,Hs-grad,6.946792626380921,Married-af-spouse,Other-service,Wife,Black,Male,0,0,18.287828913927076,Germany,[UNK]
23.306546013355256,State-gov,239676.59023206163,11th,6.7965079009532925,Married-civ-spouse,Sales,Wife,Other,Female,0,0,85.90687801599503,El-salvador,>50k
26.226546013355254,Self-emp-inc,263844.3028921386,Hs-grad,15.946450850367546,Married-spouse-absent,Other-service,Husband,Black,Male,0,0,83.94736062049866,Cuba,>50k
89.00654601335526,Federal-gov,334693.37015406514,Doctorate,5.446779617667198,Widowed,Adm-clerical,Wife,Black,Female,0,0,49.646556454896924,United-states,<=50k
80.97654601335526,Without-pay,168827.61524724995,Hs-grad,4.996492639183998,Married-spouse-absent,Sales,Other-relative,Asian-pac-islander,Female,0,0,1.6272446131706237,England,<=50k
67.83654601335526,Private,487631.82875958254,Some-college,10.997271445393562,Never-married,Farming-fishing,Wife,Amer-indian-eskimo,Male,0,0,53.57061478376389,Canada,<=50k
29.876546013355256,Private,115057.09683640985,Assoc-voc,7.24689644575119,Widowed,Other-service,Husband,[UNK],Male,0,3277.4117277017235,73.17115901350975,Philippines,<=50k
21.846546013355255,Private,63498.37648118685,11th,15.196677479147912,Never-married,Priv-house-serv,Other-relative,Other,Male,34567.7590805481,0,56.50772120118142,United-states,<=50k
75.13654601335526,Federal-gov,105686.11398176935,Assoc-voc,7.096661520004273,Married-af-spouse,Farming-fishing,Wife,Amer-indian-eskimo,,0,0,15.345412094593048,Philippines,
45.936546013355255,Self-emp-not-inc,239659.1497128646,Assoc-voc,11.746572068333625,Married-spouse-absent,Machine-op-inspct,Wife,Asian-pac-islander,,0,0,85.90416989326476,United-states,
47.396546013355255,?,136164.46776427331,Assoc-voc,4.246531584858895,Married-af-spouse,Machine-op-inspct,Wife,,,0,0,47.68289924502373,United-states,
62.72654601335526,Federal-gov,263853.9796728721,11th,12.196413987874985,Widowed,Farming-fishing,Husband,,,229.36490851403113,0,10.443468008041382,United-states,
66.37654601335527,Private,69481.65474573018,Assoc-voc,14.59691999554634,Married-af-spouse,Sales,Wife,,,0,0,68.2646509206295,Taiwan,
37.17654601335526,Never-worked,232223.09393198436,1st-4th,2.5967487722635267,Separated,Sales,Own-child,,,45318.915743103425,0,32.98550035595894,Columbia,
40.09654601335525,Self-emp-inc,192105.40547878176,Assoc-acdm,10.996730694174767,Married-civ-spouse,Handlers-cleaners,Not-in-family,,,0,0,16.323478931188582,Japan,
72.21654601335526,?,243745.6905473248,Hs-grad,1.3968623995780944,Never-married,Farming-fishing,Not-in-family,,,0,0,81.98437971115112,United-states,
53.23654601335525,Self-emp-inc,132876.39411385945,Hs-grad,8.446544325351715,Widowed,Adm-clerical,,,,200.29298275096872,0,77.08282295823098,Puerto-rico,
80.24654601335526,State-gov,63470.312975538654,Assoc-voc,7.24682271182537,Separated,Adm-clerical,,,,0,0,88.84282161474228,Cuba,
80.97654601335526,Private,177785.33121708193,9th,5.746853351593018,Never-married,Sales,,,,0,0,53.5646244597435,Mexico,
43.01654601335525,?,258170.259342483,9th,15.946480721235275,Married-af-spouse,Priv-house-serv,,,,0,0,79.04126427769661,Taiwan,
80.97654601335526,State-gov,94541.26514126691,Assoc-acdm,5.296825090050697,,,,,,0,0,85.90107373595238,Germany,
60.536546013355256,Private,210328.2330521736,10th,3.3469307512044906,,,,,,0,0,69.24217049002648,England,
21.846546013355255,,105690.75445170733,Hs-grad,15.196556627750397,,,,,,0,0,7.4998342800140385,Taiwan,
45.936546013355255,,152339.41251029435,Assoc-voc,13.996511244773865,,,,,,0,0,1.618782970905304,Canada,
75.13654601335526,,98056.37033280746,12th,8.89648512005806,,,,,,0,0,5.540426232814789,South,
28.416546013355255,,48138.2378812169,Hs-grad,8.14680311381817,,,,,,0,0,39.84129114747048,United-states,
28.416546013355255,,147198.42391096344,,1.0966274738311768,,,,,,0,0,6.519722653627396,Germany,
28.416546013355255,,183537.06157595152,,15.946602421998978,,,,,,0,0,81.9800582921505,Hong,
19.656546013355253,,136172.2480086942,,13.996624442934989,,,,,,0,0,52.579071295261386,?,
80.24654601335526,,232224.34426695437,,1.9966880291700364,,,,,,0,0,34.940407073497774,Poland,
53.23654601335525,,98050.36837368642,,8.146556538343429,,,,,,0,0,31.01972370505333,Germany,
45.936546013355255,,218561.4532574421,,4.246339458227157,,,,,,0,0,39.83866667151452,Puerto-rico,
29.146546013355255,Self-emp-not-inc,301586.06906941533,Hs-grad,1.6964107334613798,Widowed,Prof-specialty,Wife,Other,Male,0,0,5.545340480804443,United-states,<=50k
20.386546013355254,Self-emp-inc,147198.8971895282,Masters,6.946811071038246,[UNK],Adm-clerical,Husband,White,Male,0,0,76.10674915790558,Canada,<=50k
42.286546013355256,Self-emp-inc,375072.77057204733,Hs-grad,10.996729943156243,Married-spouse-absent,Other-service,Husband,White,Female,0,0,89.82869914412498,Poland,<=50k
67.83654601335526,Private,52870.81340540648,Prof-school,5.746561455726623,Widowed,Machine-op-inspct,Not-in-family,White,Male,0,0,16.327007224559786,Germany,<=50k
18.196546013355256,State-gov,162262.5745797955,Some-college,12.496750202775,Married-civ-spouse,Prof-specialty,Wife,White,Female,0,0,67.28697252750398,Taiwan,<=50k
29.146546013355255,State-gov,350942.7442621314,Assoc-acdm,13.996698704361915,Married-af-spouse,Prof-specialty,Wife,Other,Male,0,0,89.82616678476334,England,[UNK]
28.416546013355255,Federal-gov,375084.4186041762,Assoc-voc,8.146661055088043,Married-af-spouse,Handlers-cleaners,Unmarried,White,[UNK],0,0,82.96516944885254,United-states,<=50k
56.15654601335526,State-gov,90046.25677288132,11th,1.096349149942398,Married-civ-spouse,Other-service,Husband,Asian-pac-islander,Male,0,0,67.28708333611489,Germany,>50k
23.306546013355256,Federal-gov,181807.99088790826,Masters,14.146757918596268,Widowed,Priv-house-serv,Husband,White,,0,0,30.0447176861763,El-salvador,<=50k
51.77654601335526,State-gov,94533.42244966472,Masters,3.346749997138977,Married-civ-spouse,Adm-clerical,Husband,White,,0,0,7.504928146600723,Columbia,
67.10654601335526,State-gov,309391.55400632566,7th-8th,15.046308228373528,Widowed,Other-service,[UNK],Other,,0,0,44.745884652137754,England,
67.83654601335526,Federal-gov,132877.6890838416,Assoc-voc,6.196596011519433,Separated,Sales,Husband,White,,0,0,21.225088021755216,Columbia,
40.09654601335525,Federal-gov,177776.16802318484,Assoc-voc,7.996591809391976,Married-af-spouse,Sales,Husband,White,,0,0,30.044870493412017,Mexico,
56.15654601335526,?,117134.66329622513,Assoc-acdm,13.99659233689308,Married-civ-spouse,Prof-specialty,Other-relative,White,,0,0,51.603562227487565,Puerto-rico,
28.416546013355255,Private,147209.2908366389,Hs-grad,13.996873199939728,Separated,Prof-specialty,Husband,Amer-indian-eskimo,,45311.287705761984,0,37.88666247367859,Outlying-us(guam-usvi-etc),
72.21654601335526,Private,362314.77046516753,Hs-grad,6.947067132592202,Married-civ-spouse,Sales,Wife,[UNK],,0,0,73.16641468763352,Philippines,
89.73654601335525,?,362230.2549550565,Hs-grad,12.046492129564284,Never-married,Prof-specialty,Wife,White,,0,0,69.24452585935593,United-states,
45.936546013355255,Private,301622.0395384577,Hs-grad,11.296717962622644,,Prof-specialty,Husband,Amer-indian-eskimo,,0,0,24.165294159650802,El-salvador,
44.476546013355254,State-gov,20585.1851957034,Hs-grad,2.296801969408989,,Sales,Wife,White,,0,0,92.76621573448182,?,
65.64654601335526,Federal-gov,172917.6171149264,11th,5.746410393714905,,Prof-specialty,Wife,Other,,0,0,69.2433405518532,Philippines,
86.08654601335526,State-gov,301601.2900181452,10th,15.04651921093464,,Sales,,,,0,0,27.10191405892372,Puerto-rico,
73.67654601335525,State-gov,132882.09387248044,Bachelors,11.296941810846329,,Other-service,,,,0,0,86.88246173501014,Germany,
51.77654601335526,,334666.87121961825,Assoc-voc,5.446479693055153,,Sales,,,,0,0,39.84136825203896,Haiti,
61.26654601335526,,69448.29611065357,Assoc-voc,3.196636235713959,,Exec-managerial,,,,0,0,91.7809050989151,Philippines,
51.046546013355254,,258163.02126571667,Hs-grad,13.99632804095745,,,,,,0,0,73.1596003961563,Hong,
45.936546013355255,,162257.68103522196,11th,4.396350437402726,,,,,,0,0,52.57920558571816,Philippines,
33.52654601335526,,98052.02840693209,Bachelors,3.196782594919205,,,,,,0,0,13.380826767683027,Germany,
27.686546013355255,,94528.60101840585,Assoc-voc,5.746676102280617,,,,,,0,0,76.10020794510841,Puerto-rico,
53.23654601335525,,176187.13716576583,,7.246636074781417,,,,,,0,0,30.039489645957946,Germany,
75.13654601335526,,185343.76680624796,,14.596589064598085,,,,,,0,3697.471920502782,32.98139722466469,United-states,
46.66654601335526,,32432.00284077001,,3.496462258696556,,,,,,0,0,30.03961850404739,United-states,
40.826546013355255,,152339.56975438294,,12.946431359648706,,,,,,0,0,53.55973643898964,Puerto-rico,
78.05654601335526,Self-emp-not-inc,110539.0715519208,11th,13.696209183335304,Married-civ-spouse,Adm-clerical,Wife,Other,Male,0,0,32.00538615942001,Germany,<=50k
20.386546013355254,Self-emp-not-inc,117136.86688082787,Hs-grad,11.146553927659989,Married-civ-spouse,Tech-support,Husband,White,Male,0,0,17.306083079576492,Puerto-rico,<=50k
70.75654601335526,Self-emp-inc,309385.03614613926,Assoc-voc,4.546727734804153,Never-married,Exec-managerial,Other-relative,White,Female,0,0,13.386743550300597,United-states,<=50k
20.386546013355254,Never-worked,168832.75896384078,12th,3.346621885895729,Married-af-spouse,Sales,Wife,White,Female,0,0,28.08757756471634,Philippines,<=50k
28.416546013355255,Without-pay,63457.58695586949,11th,5.146563279628754,Married-civ-spouse,Prof-specialty,[UNK],White,Male,0,0,15.34566449522972,Philippines,<=50k
80.97654601335526,State-gov,281344.90264388855,Some-college,6.197042179107666,Married-civ-spouse,Machine-op-inspct,Wife,Black,Female,0,0,1.62941925406456,?,<=50k
45.936546013355255,State-gov,32438.376959279518,Masters,12.046568608283996,Married-civ-spouse,Machine-op-inspct,Not-in-family,Amer-indian-eskimo,Male,0,0,73.16812261223794,Germany,<=50k
42.286546013355256,Federal-gov,63469.78671754984,Assoc-voc,13.996685865521432,Married-af-spouse,Transport-moving,Wife,Black,Male,0,0,18.2858564388752,England,<=50k
70.75654601335526,State-gov,149705.76873049204,Assoc-voc,3.346815809607506,Widowed,Sales,Husband,White,,0,0,69.24625008106233,Taiwan,<=50k
77.32654601335526,Federal-gov,57669.011315405725,Assoc-acdm,14.446696165204049,Widowed,Other-service,Husband,White,,0,0,9.465955156087876,Puerto-rico,>50k
70.75654601335526,State-gov,136172.6211963712,Hs-grad,12.946750131249427,Married-civ-spouse,Sales,Wife,Other,,0,0,40.82654909491539,Hungary,
86.08654601335526,Self-emp-not-inc,132872.2712874136,[UNK],3.6466061770915985,Married-af-spouse,Tech-support,Husband,White,,0,0,1.6241748583316804,Taiwan,
85.35654601335526,State-gov,185343.61982782834,Assoc-acdm,7.096758329868317,Married-civ-spouse,Armed-forces,Husband,Other,,0,0,93.74543861389161,United-states,
80.24654601335526,State-gov,100739.90471694682,Hs-grad,7.246641439199447,Married-civ-spouse,Prof-specialty,Not-in-family,Other,,0,0,5.545030368566513,Columbia,
45.936546013355255,Federal-gov,94532.05965741968,Assoc-voc,3.196615368127823,Widowed,Craft-repair,Not-in-family,,,0,0,69.24329177737236,Poland,
32.796546013355254,Private,174708.64582069346,Hs-grad,1.846964144706726,Separated,Armed-forces,Husband,,,0,0,1.6262355363368988,Nicaragua,
36.44654601335526,,132870.71873541782,11th,14.596516162157059,,Other-service,Husband,,,0,0,66.30262184381485,United-states,
89.73654601335525,,168827.71744250815,11th,7.696458637714386,,Prof-specialty,Other-relative,,,0,0,34.94121059656143,Germany,
53.23654601335525,,235817.17768580452,Assoc-voc,14.146731731295585,,?,Other-relative,,,0,0,82.96176072597503,Mexico,
78.05654601335526,,94530.6149874217,Assoc-voc,15.34670789539814,,Other-service,Husband,,,0,0,66.30352472662926,England,
72.94654601335526,,232232.46234541904,5th-6th,1.2465202033519744,,Machine-op-inspct,,,,0,0,30.041985380649564,United-states,
89.73654601335525,,232216.28844956917,Hs-grad,3.346644443273544,,,,,,0,0,86.88052559256555,Columbia,
80.24654601335526,,197561.30068584048,Assoc-voc,4.696462607383728,,,,,,0,0,4.559549577236176,Philippines,
21.846546013355255,,136178.16590621445,Bachelors,11.446803337335586,,,,,,0,0,40.81999538183213,Puerto-rico,
82.43654601335525,,232220.1800166704,Hs-grad,11.446683853864672,,,,,,0,2100.9772652530673,32.98268872618675,Mexico,
45.936546013355255,,183537.06088584624,Assoc-voc,15.04654229581356,,,,,,0,0,56.49954210042954,Germany,
72.94654601335526,,301623.1589026391,,1.5467596441507339,,,,,,0,0,39.83999678373337,El-salvador,
45.936546013355255,,129775.8683554254,,1.0965288937091828,,,,,,0,0,89.81913765192031,Mexico,
24.766546013355253,,179803.38887963467,,6.946684864163399,,,,,,0,0,93.73987697958947,Italy,
36.44654601335526,,157629.82058067954,,14.146617504954337,,,,,,0,0,10.439545722007752,Canada,
36.44654601335526,,275482.40214368264,,6.496580696105957,,,,,,0,0,16.319579951763153,United-states,
53.23654601335525,,112779.16250435826,,8.146556538343429,,,,,,0,0,47.679700748920446,Puerto-rico,
21.116546013355254,Self-emp-inc,350932.99395188957,Assoc-acdm,15.046723791956902,Married-civ-spouse,Prof-specialty,Husband,White,Male,0,0,25.146921942234037,England,<=50k
53.23654601335525,Self-emp-not-inc,144544.15941035387,Masters,13.396620348095894,Never-married,Sales,Husband,Other,Male,0,3361.4318829491735,86.89030005693436,Germany,<=50k
28.416546013355255,Self-emp-not-inc,362222.05108330434,Masters,8.146658086776732,Widowed,Craft-repair,Husband,White,Male,0,0,70.22794363617896,United-states,[UNK]
46.66654601335526,Private,129782.91159964913,Assoc-acdm,1.9969393074512483,Married-af-spouse,Other-service,Wife,Amer-indian-eskimo,Male,0,0,23.186466265916827,Hong,>50k
89.00654601335526,Self-emp-not-inc,174700.19613062454,Hs-grad,5.746458432078361,Widowed,Prof-specialty,Husband,White,Female,0,0,79.04613991498947,Puerto-rico,
80.24654601335526,Federal-gov,100739.06274419511,Bachelors,7.996735647320748,Separated,Prof-specialty,Other-relative,Amer-indian-eskimo,[UNK],0,0,53.56684530496598,Germany,
65.64654601335526,Private,121735.36721636186,Doctorate,1.547204953432083,Widowed,Sales,Husband,Black,Female,0,0,18.288563743829727,Nicaragua,
72.94654601335526,Private,80692.67475944663,Hs-grad,11.447050574421883,Never-married,Transport-moving,Other-relative,Black,,0,0,31.02617724061012,Yugoslavia,
80.24654601335526,Self-emp-inc,212880.94472958837,Assoc-voc,4.9969786465168005,Married-spouse-absent,Other-service,Unmarried,White,,0,0,18.285707545280456,Puerto-rico,
60.536546013355256,Private,162263.82158934962,Prof-school,7.246557486057282,Widowed,Prof-specialty,Other-relative,White,,0,0,37.88551992416382,Germany,
58.346546013355265,Self-emp-not-inc,218557.02695197443,Assoc-acdm,7.246592846512795,Widowed,Protective-serv,Own-child,White,,0,0,39.84243153572083,United-states,
75.13654601335526,Federal-gov,115051.31530893694,Masters,3.346735066175461,Widowed,Craft-repair,Not-in-family,White,,0,0,36.906400902271265,Canada,
43.01654601335525,Self-emp-inc,160044.76319620956,10th,7.246264106035232,Never-married,Sales,Husband,Amer-indian-eskimo,,0,0,16.32676452040672,Germany,
40.09654601335525,State-gov,239669.2394704898,7th-8th,6.946365877985954,Married-civ-spouse,Other-service,Wife,White,,0,0,1.6250159406661986,Mexico,
47.396546013355255,?,162255.1638239667,Assoc-voc,3.1966290742158887,Widowed,Sales,Husband,Other,,0,0,39.84579107522965,Canada,
44.476546013355254,Self-emp-not-inc,112779.8107432079,Bachelors,6.946762531995774,Married-civ-spouse,Craft-repair,Not-in-family,,,0,0,30.043816789388657,Taiwan,
40.826546013355255,Self-emp-inc,63454.62002447188,Assoc-acdm,8.897005540132522,Separated,Machine-op-inspct,Wife,,,0,0,13.384547880887984,?,
80.24654601335526,?,218568.37338729645,12th,10.996761441230774,Married-civ-spouse,Tech-support,Husband,,,0,0,16.325106538534165,Hong,
21.846546013355255,Private,117151.1533779565,9th,12.046790194511413,Married-civ-spouse,Other-service,,,,0,0,32.98346719026566,United-states,
24.766546013355253,Private,162268.7961216397,9th,4.996788701415062,,Protective-serv,,,,0,0,64.3427428162098,United-states,
34.256546013355255,Private,157645.53103930116,Assoc-acdm,3.346973729133606,,Protective-serv,,,,0,0,3.5821349167823793,United-states,
45.936546013355255,,48138.235632463715,Assoc-acdm,3.346823623776436,,Machine-op-inspct,,,,0,0,77.08147888541222,United-states,
28.416546013355255,,154898.35037647,Assoc-acdm,5.596728128194809,,Prof-specialty,,,,0,0,73.16056893467903,Puerto-rico,
67.10654601335526,,144544.38362785464,10th,6.646489509940148,,Other-service,,,,0,0,10.441214393377305,United-states,
80.24654601335526,,132881.08083862282,Assoc-voc,7.246800029277801,,Machine-op-inspct,,,,0,0,1.6219606721401214,United-states,
42.286546013355256,,48150.22876250981,Assoc-acdm,4.997022661566734,,Machine-op-inspct,,,,0,0,39.84209432005883,Taiwan,
80.24654601335526,,136173.5942415014,Bachelors,9.796834084391593,,,,,,0,0,85.90084721207619,United-states,
34.256546013355255,,136168.8331056179,Hs-grad,6.796589994430542,,,,,,0,0,15.340303274393081,Nicaragua,
72.94654601335526,,157645.59701208465,,14.89670193195343,,,,,,0,0,79.04049959897995,United-states,
47.396546013355255,,29444.08040900176,,14.5965517193079,,,,,,0,0,16.319063993692396,Germany,
44.476546013355254,,20568.999495956985,,5.596442392468452,,,,,,0,0,18.27889728426933,Puerto-rico,
54.69654601335526,,221800.63269537513,,14.146780967712402,,,,,,0,0,14.360109928846361,Puerto-rico,
28.416546013355255,Federal-gov,126858.29715076652,Assoc-voc,6.946677193045617,Married-civ-spouse,Farming-fishing,Husband,White,Male,0,0,24.166963415145872,Mexico,<=50k
80.97654601335526,Private,243758.68842111202,Assoc-acdm,1.5472082793712616,Married-civ-spouse,Sales,Own-child,White,Female,0,0,89.82890592455864,Taiwan,<=50k
42.286546013355256,State-gov,117143.40168008977,12th,5.746747413277626,Married-civ-spouse,Machine-op-inspct,Unmarried,Amer-indian-eskimo,Female,0,3697.3566617912056,1.6296440839767456,Mexico,>50k
44.476546013355254,Federal-gov,309393.4396119606,Some-college,6.946733975410462,Married-af-spouse,Craft-repair,Wife,White,Male,0,0,69.24798061132432,England,<=50k
34.98654601335525,Private,301618.5034140047,Hs-grad,9.046723639965059,Never-married,Other-service,Husband,White,Female,0,0,32.00819995045662,United-states,<=50k
34.98654601335525,Federal-gov,121725.73746525616,Some-college,14.446916329860688,Married-af-spouse,Tech-support,Other-relative,White,Female,0,0,39.84838073730469,Taiwan,<=50k
70.75654601335526,?,42831.57787026055,Assoc-acdm,6.946556806564331,Widowed,Sales,Wife,Black,Male,0,0,93.74799538969994,Philippines,<=50k
18.196546013355256,Private,183545.52462884996,Assoc-voc,7.09685302078724,Never-married,Other-service,Husband,White,Male,0,0,32.988226060867305,Germany,<=50k
80.97654601335526,State-gov,168832.21454681657,12th,15.94659217596054,Separated,Machine-op-inspct,Unmarried,White,,34561.65329435134,0,6.528316892385482,Nicaragua,
33.52654601335526,?,129773.93045874026,11th,12.046364098787308,Widowed,Prof-specialty,Husband,Other,,0,0,36.90482282876968,United-states,
28.416546013355255,[UNK],218569.09773646542,Assoc-voc,1.6968415677547455,Widowed,Craft-repair,Husband,White,,0,0,94.72610702872277,United-states,
28.416546013355255,Without-pay,38156.31146936473,Assoc-voc,8.146733886003494,Married-civ-spouse,Prof-specialty,Husband,Other,,0,0,27.104648759365084,United-states,
23.306546013355256,,218564.09923281145,Assoc-voc,11.446741235256196,Never-married,Farming-fishing,Wife,White,,0,0,32.00532821416855,South,
37.17654601335526,,301580.58017667563,Hs-grad,3.9465362966060638,Married-af-spouse,Machine-op-inspct,Other-relative,White,,0,0,76.10462370038033,England,
19.656546013355253,,94538.30180200335,9th,6.946377241611481,Married-af-spouse,Handlers-cleaners,,White,,0,0,19.262992413043975,Japan,
29.146546013355255,,157633.7798172743,7th-8th,2.2963925838470463,Widowed,Prof-specialty,,,,0,0,29.061449387073516,Taiwan,
34.256546013355255,,309386.7838224239,Hs-grad,11.446453711390497,Widowed,Sales,,,,0,462.62992324590687,6.524957411289216,Jamaica,
67.10654601335526,,375054.90022597474,Hs-grad,10.996557745337487,Widowed,Exec-managerial,,,,0,0,16.32157059311867,Puerto-rico,
85.35654601335526,,20562.291823937434,Assoc-voc,5.896679177880287,Married-af-spouse,?,,,,0,0,66.3009745514393,England,
67.83654601335526,,375052.29639233,Assoc-voc,1.0966808944940567,Widowed,Tech-support,,,,0,0,18.281832222938537,Scotland,
65.64654601335526,,132877.97068207662,12th,5.596630889177322,Married-civ-spouse,Craft-repair,,,,0,0,73.16233059883118,Philippines,
32.796546013355254,,132878.3896190271,Some-college,13.997009438276292,Widowed,Handlers-cleaners,,,,0,0,53.563637404441835,Jamaica,
33.52654601335526,,105680.60925817654,Hs-grad,6.646632668375969,,Sales,,,,0,0,53.561897586584095,Germany,
47.396546013355255,,157631.39509746313,10th,8.896365851163864,,,,,,0,0,7.499267853498458,Germany,
72.94654601335526,,94549.40216057863,Assoc-voc,4.396832984685897,,,,,,0,0,27.10068254709244,Puerto-rico,
39.366546013355254,,162254.5575876221,Assoc-voc,5.596607804298401,,,,,,0,0,13.37978644013405,Columbia,
29.876546013355256,,309384.54428138764,,7.696464985609055,,,,,,0,0,4.559012999534607,United-states,
47.396546013355255,,232213.75288260973,,1.0965208917856217,,,,,,0,0,32.979383159875866,Puerto-rico,
86.08654601335526,,136163.89243441884,,12.496619230508804,,,,,,0,0,86.87935085773468,United-states,
45.936546013355255,,157634.85093051012,,3.346563842892647,,,,,,0,0,37.87908963680267,Outlying-us(guam-usvi-etc),
40.09654601335525,,375038.6514485789,,15.94648489654064,,,,,,0,0,92.75972855329513,United-states,
24.766546013355253,,162260.73182425837,,7.246669566631317,,,,,,0,0,39.839693038463594,United-states,
55.42654601335526,Self-emp-not-inc,334662.7560212704,Assoc-voc,11.446445843577386,Widowed,Prof-specialty,Other-relative,White,Male,0,0,79.04529386758804,Mexico,<=50k
77.32654601335526,State-gov,1021058.7017439393,9th,7.246583083271981,Married-civ-spouse,Craft-repair,Husband,Other,Female,0,0,66.30731424093247,England,<=50k
28.416546013355255,Private,121733.68542143825,Hs-grad,4.696831464767456,Separated,Prof-specialty,Husband,White,Male,0,0,41.80787973284722,El-salvador,<=50k
51.046546013355254,Self-emp-inc,301586.7538303149,9th,7.846374908089638,Widowed,Machine-op-inspct,Husband,White,Female,0,0,7.506459957361221,United-states,<=50k
22.576546013355255,Federal-gov,139128.16103475622,Assoc-voc,1.996791696548462,Married-af-spouse,Prof-specialty,Wife,Amer-indian-eskimo,Male,0,0,76.10655441045762,United-states,>50k
72.94654601335526,State-gov,48158.732238941855,Assoc-acdm,14.147129324078561,Married-civ-spouse,Protective-serv,Unmarried,White,Male,0,0,69.24793913841249,Mexico,>50k
40.09654601335525,?,362210.60946825007,Assoc-acdm,11.446669173240663,Married-civ-spouse,Priv-house-serv,Wife,Black,,0,0,9.463940039873123,Puerto-rico,<=50k
71.48654601335525,Federal-gov,149705.1250871403,Prof-school,5.446464735269546,Married-civ-spouse,Machine-op-inspct,Wife,Black,,0,0,76.10458397984505,Canada,<=50k
75.13654601335526,Self-emp-not-inc,132873.69382115384,Masters,8.446720662713052,Married-civ-spouse,Prof-specialty,Husband,Amer-indian-eskimo,,0,0,49.64518814086914,England,>50k
40.09654601335525,Federal-gov,218561.7437119745,Masters,5.446502617001534,Widowed,?,Not-in-family,Other,,0,0,45.72438023686409,Taiwan,
40.826546013355255,State-gov,248232.70423544722,Assoc-acdm,9.04673139154911,Separated,Adm-clerical,Wife,Black,,45314.079442795344,0,14.365180138349535,United-states,
23.306546013355256,Self-emp-not-inc,183536.3727537388,Hs-grad,13.546471431851387,Married-civ-spouse,Other-service,Husband,Other,,0,0,65.324826567173,Philippines,
47.396546013355255,Without-pay,69451.31017459597,9th,3.346473774313927,Never-married,Prof-specialty,Wife,White,,34560.231818614724,0,31.02489461779594,Mexico,
56.15654601335526,State-gov,80651.20063611904,Masters,4.696878823637962,Married-civ-spouse,Tech-support,Wife,Black,,0,0,16.325967831611635,Taiwan,
17.466546013355256,?,193863.4094675263,Some-college,1.8467415481805802,Widowed,Prof-specialty,Wife,Other,,0,0,73.16657742500304,England,
80.97654601335526,Self-emp-inc,362235.460167976,5th-6th,3.6464998453855517,Married-civ-spouse,Sales,Unmarried,White,,0,0,4.5661532330513,Philippines,
83.16654601335526,Self-emp-not-inc,129773.34663313814,12th,4.99658594429493,Widowed,Other-service,,White,,0,0,7.503755573034287,Germany,
44.476546013355254,,162258.5588970873,Hs-grad,3.346589466929436,Never-married,Sales,,Amer-indian-eskimo,,0,0,32.0049411725998,United-states,
56.15654601335526,,258161.63579379185,Hs-grad,14.596380549669266,Widowed,Adm-clerical,,,,0,0,7.501021223068238,Germany,
31.336546013355253,,121720.75617026155,Assoc-voc,12.946692937612534,Married-civ-spouse,Prof-specialty,,,,0,2731.067129402161,43.76349645495415,Scotland,
49.58654601335525,,190391.8869318776,10th,10.996330481767655,Separated,Machine-op-inspct,,,,0,0,66.30186370730401,Philippines,
75.13654601335526,,218563.38015161082,Bachelors,15.196725660562516,,Machine-op-inspct,,,,0,0,32.00238550662994,Puerto-rico,
31.336546013355253,,334674.5870919201,,12.946262612938881,,Other-service,,,,0,0,92.76119459152223,United-states,
80.24654601335526,,20588.373371357142,,5.896784338355065,,Adm-clerical,,,,0,0,41.8009298658371,Germany,
36.44654601335526,,117135.51775909596,,15.796480908989906,,,,,,0,0,30.038692139387127,Jamaica,
70.75654601335526,,69464.81565003327,,6.946502161026001,,,,,,0,0,20.24026758432388,United-states,
80.97654601335526,,38163.53278215958,,10.99670465886593,,,,,,0,3697.5036473223563,30.042610511779785,Germany,
33.52654601335526,,38154.079909076885,,3.4965691447258,,,,,,0,0,92.75953999757768,Taiwan,
34.256546013355255,,136168.8331056179,,15.196583038568498,,,,,,0,0,7.499358042478562,Philippines,
45.20654601335525,,301587.9094268894,,1.3965501993894578,,,,,,0,0,5.539134672880173,Guatemala,
80.97654601335526,,334701.0641902397,,5.44670740365982,,,,,,0,0,51.60100930690765,Germany,
40.09654601335525,,115043.31348208651,,12.046589842438697,,,,,,0,0,27.099964189529423,United-states,
40.826546013355255,Private,136181.04348852197,Hs-grad,5.746829926967621,Widowed,?,Husband,Black,Female,0,0,67.28797471165657,England,<=50k
47.396546013355255,Federal-gov,63460.1158582174,Assoc-acdm,14.596655878424645,Widowed,Prof-specialty,Wife,[UNK],Male,0,0,7.504732347726821,Hungary,<=50k
28.416546013355255,State-gov,105687.33318314956,Hs-grad,12.196681252121925,Separated,Sales,Unmarried,Amer-indian-eskimo,Female,0,0,3.5900525045394898,Poland,[UNK]
75.13654601335526,State-gov,48146.590796331875,12th,5.4468245804309845,Married-civ-spouse,Armed-forces,[UNK],Other,Male,0,0,7.507638430595398,United-states,<=50k
40.09654601335525,State-gov,112782.66162256105,Masters,6.19670890569687,Widowed,Prof-specialty,[UNK],White,Male,0,0,31.026701902151107,Taiwan,<=50k
89.00654601335526,Federal-gov,157637.5407241005,Assoc-voc,12.496632310748101,Widowed,Machine-op-inspct,Husband,Other,Male,45318.79218189533,0,31.02976768493652,Poland,<=50k
34.256546013355255,Federal-gov,57669.7320101474,Hs-grad,5.44662512242794,Married-spouse-absent,Tech-support,Husband,Other,Male,0,0,10.446327769756317,Mexico,[UNK]
45.936546013355255,Private,144555.3294511325,Hs-grad,6.496765902638435,Married-civ-spouse,Prof-specialty,Wife,White,Male,0,0,7.506526138782501,United-states,[UNK]
46.66654601335526,Private,136176.06554024416,Prof-school,3.3466164141893384,Widowed,Prof-specialty,Unmarried,White,Female,0,0,86.88694851994515,Philippines,<=50k
51.77654601335526,Self-emp-not-inc,195676.54351547547,12th,2.2962772756814953,Married-af-spouse,Machine-op-inspct,Wife,White,,0,0,16.324096001386643,Puerto-rico,
56.15654601335526,Private,126860.04017436209,7th-8th,15.196656611561776,Separated,Other-service,Wife,Asian-pac-islander,,0,0,69.2477272760868,?,
45.936546013355255,Self-emp-not-inc,94523.49992799106,Assoc-voc,13.996596002578736,Married-civ-spouse,Machine-op-inspct,Unmarried,White,,0,0,10.443714742660521,United-states,
17.466546013355256,Federal-gov,263846.10345304,11th,15.19634245336056,Widowed,Prof-specialty,Wife,Black,,0,3865.39672814697,34.948128570318225,United-states,
80.24654601335526,Self-emp-not-inc,190393.76477819416,9th,15.046588501334192,Separated,Armed-forces,Husband,Black,,0,0,49.646157146692275,Puerto-rico,
29.146546013355255,Private,258191.6535265025,Assoc-acdm,13.996852457523346,Married-civ-spouse,Adm-clerical,Wife,Other,,0,0,79.04499929308892,Philippines,
39.366546013355254,Federal-gov,190396.3292160247,Masters,5.446706527471542,Married-civ-spouse,Prof-specialty,Wife,Other,,0,0,40.82430576086045,United-states,
84.62654601335527,Private,218574.8478864208,5th-6th,4.996591344475746,Widowed,Prof-specialty,Unmarried,White,,0,0,69.24492195487022,Germany,
34.98654601335525,,281325.7883506945,Assoc-acdm,5.146841156482697,Married-spouse-absent,Adm-clerical,Not-in-family,,,0,0,44.74193222522736,Philippines,
45.936546013355255,,225138.497178095,12th,10.096496528387071,Married-spouse-absent,Adm-clerical,,,,0,0,18.281202009916303,Germany,
38.63654601335526,,160041.31428702283,Assoc-acdm,3.3464236527681352,Married-civ-spouse,Sales,,,,0,0,90.80293838143349,Germany,
49.58654601335525,,334668.5211757347,9th,12.946398708224297,Married-af-spouse,Other-service,,,,0,0,2.6022099184989926,United-states,
40.826546013355255,,210321.94407587257,10th,5.746628180146217,Separated,,,,,0,0,11.421266614198684,Canada,
19.656546013355253,,157638.27993061088,Hs-grad,15.796546417474746,,,,,,0,0,17.300110805034638,Germany,
49.58654601335525,,248221.19292542743,Hs-grad,5.746392592787743,,,,,,0,0,69.24014561891556,Puerto-rico,
73.67654601335525,,152341.14770696606,Assoc-voc,4.6966753333807,,,,,,0,0,69.23990075349808,Germany,
29.876546013355256,,221804.2913603223,Doctorate,7.097076547145844,,,,,,0,0,15.340177862644197,England,
40.09654601335525,,144541.3377692555,,9.046439495682717,,,,,,45314.25872530195,0,85.89956400513648,Cuba,
33.52654601335526,,210319.941771533,,7.2467347353696825,,,,,,0,0,98.64038026213646,El-salvador,
62.72654601335526,,136173.5831105383,,5.596633267402649,,,,,,0,0,2.599450976848602,Mexico,
45.936546013355255,,149702.7258210266,,3.9464663177728654,,,,,,0,0,18.279115455150603,Germany,
28.416546013355255,,190394.88494189703,,9.046597039699556,,,,,,0,0,5.539980136156083,United-states,
28.416546013355255,,168828.7142165195,,7.696566113829613,,,,,,0,0,29.059782292842865,El-salvador,
72.21654601335526,Federal-gov,185348.29781442648,Bachelors,4.096851277351379,Widowed,Prof-specialty,Husband,Asian-pac-islander,Male,0,0,60.42703094005584,United-states,<=50k
42.286546013355256,State-gov,174705.4022373661,Hs-grad,13.396719214320184,Widowed,Sales,Husband,Black,Male,0,0,35.92909448027611,England,<=50k
23.306546013355256,Federal-gov,301607.6383677926,Some-college,12.94688065648079,Married-spouse-absent,Handlers-cleaners,Husband,Other,Female,0,0,18.289348224401472,Taiwan,<=50k
86.81654601335525,Federal-gov,115049.64268372308,Assoc-voc,13.996651113033295,Married-spouse-absent,Prof-specialty,Other-relative,White,Male,0,0,53.56476821303367,Columbia,<=50k
80.24654601335526,Private,281365.7669181452,Assoc-voc,1.99701826274395,Married-civ-spouse,Craft-repair,Other-relative,Asian-pac-islander,Female,0,0,46.70922532439232,?,<=50k
78.05654601335526,?,124229.8701268277,5th-6th,6.196448794007302,Married-civ-spouse,Prof-specialty,Wife,Other,Male,0,0,5.545708771944046,Japan,<=50k
80.24654601335526,State-gov,29455.059950106595,Assoc-voc,13.546814906597138,Married-af-spouse,Sales,Unmarried,Amer-indian-eskimo,Male,0,0,85.9092016673088,England,<=50k
31.336546013355253,Federal-gov,132879.2181413691,Assoc-voc,13.996549591422081,Separated,Sales,Husband,White,Male,0,0,93.74692585587502,Puerto-rico,>50k
80.24654601335526,?,375096.7172529078,Bachelors,5.74699422121048,Married-spouse-absent,Tech-support,Not-in-family,Black,,0,0,10.445804159641266,India,
43.01654601335525,Self-emp-not-inc,157631.7962806043,Hs-grad,1.096526524424553,Separated,Other-service,Husband,Black,,0,0,82.96540823936463,England,
80.97654601335526,[UNK],121734.84273155787,Hs-grad,6.19676295220852,Married-civ-spouse,Tech-support,Husband,White,,0,0,89.82563388705255,Taiwan,
86.81654601335525,Private,63475.96365881216,Prof-school,12.346700394153595,Married-civ-spouse,Other-service,Husband,Other,,0,0,13.386022680997847,United-states,
21.846546013355255,State-gov,281347.94251835183,Hs-grad,3.346778187155724,Separated,Machine-op-inspct,Husband,,,0,0,34.944944969415666,Nicaragua,
24.036546013355256,Private,129794.34430190457,Masters,4.697131308913232,Widowed,Prof-specialty,Wife,,,20090.269360854632,0,41.804574633836744,Philippines,
77.32654601335526,Private,301627.0686806763,Assoc-voc,2.446987819671631,Divorced,Sales,Husband,,,0,0,12.405559995174407,England,
78.05654601335526,Federal-gov,218565.33006049375,Assoc-acdm,13.996764329075813,Separated,Other-service,Husband,,,0,0,1.6239434862136841,Cuba,
45.20654601335525,State-gov,281339.5516287603,Assoc-voc,1.0967062950134276,Married-af-spouse,Sales,,,,0,0,89.82283908009529,Germany,
40.09654601335525,?,80641.07165443641,Bachelors,14.146917921304702,Widowed,Prof-specialty,,,,0,0,1.622924245595932,Puerto-rico,
31.336546013355253,Self-emp-inc,157635.01480974123,Hs-grad,4.546565192937851,,Machine-op-inspct,,,,0,0,58.462243680953975,Germany,
29.876546013355256,State-gov,162260.81073750576,Hs-grad,4.246574160456658,,Adm-clerical,,,,0,0,68.26217066526414,United-states,
40.09654601335525,,115043.31348208651,9th,11.446467828750611,,Machine-op-inspct,,,,0,0,52.58147386193276,England,
67.10654601335526,,48133.24044735476,Hs-grad,10.996726348996162,,?,,,,0,0,53.56102443575859,Taiwan,
37.90654601335525,,94524.99609994332,Assoc-voc,13.996583288908004,,,,,,0,0,4.5593219435215,Puerto-rico,
66.37654601335527,,132875.4844054619,Bachelors,13.996813002228736,,,,,,0,0,34.93994146704674,Dominican-republic,
37.17654601335526,,162253.87581009397,Hs-grad,12.646482652425766,,,,,,0,0,85.90042313694954,United-states,
56.15654601335526,,375036.61622080323,Hs-grad,15.046485817432405,,,,,,0,0,16.320330961942673,United-states,
66.37654601335527,,181804.33976774066,,15.196598550677301,,,,,,0,0,16.319175503253938,United-states,
67.10654601335526,,98051.61539297207,,14.896474587917329,,,,,,0,0,52.57973713994026,United-states,
33.52654601335526,,162255.89341126956,,3.3466259986162186,,,,,,0,0,67.27994421243667,Columbia,
46.66654601335526,,152333.05568290528,,3.496462267637253,,,,,,0,3361.3555800795557,1.6210329055786135,Germany,
32.796546013355254,,80654.98417525434,,11.446801128983498,,,,,,0,0,30.04018796801567,Greece,
75.13654601335526,,117140.12673111496,,7.696594759821892,,,,,,0,0,93.73952813982964,Canada,
65.64654601335526,Private,94553.34805719083,Assoc-voc,15.046992334723473,Married-civ-spouse,Other-service,Husband,White,Male,0,0,73.16976458907128,England,<=50k
67.83654601335526,Private,243746.87763804419,Hs-grad,9.646960076689721,Married-af-spouse,Other-service,Husband,Other,Male,0,0,7.509107389450074,Canada,<=50k
34.98654601335525,Self-emp-not-inc,215615.37234754808,Hs-grad,1.9966341704130173,Never-married,Machine-op-inspct,Wife,Other,Male,0,0,53.566267254352574,United-states,<=50k
78.05654601335526,Local-gov,141952.5226453491,Hs-grad,8.146589368581772,Married-civ-spouse,Prof-specialty,Unmarried,Asian-pac-islander,Male,0,0,10.447508404254913,United-states,<=50k
26.226546013355254,Self-emp-inc,136169.35867212265,10th,11.446527490019799,Never-married,Sales,Wife,White,Female,0,0,32.98690243244171,Germany,<=50k
75.13654601335526,Self-emp-inc,258174.41448272092,11th,4.24652900993824,Separated,Sales,Wife,White,,0,0,85.90599067091942,Columbia,<=50k
27.686546013355255,State-gov,105685.79594571619,Assoc-voc,7.246613016724586,Divorced,Prof-specialty,Husband,White,,0,0,17.30407847762108,United-states,>50k
67.83654601335526,Without-pay,160042.3736753707,11th,6.496080535650253,Married-spouse-absent,Machine-op-inspct,Other-relative,Amer-indian-eskimo,,0,0,69.24463620066643,England,
33.52654601335526,Self-emp-inc,350925.3111605254,Hs-grad,6.196585810184479,Widowed,Farming-fishing,Husband,Black,,0,0,41.80582267642021,Columbia,
34.256546013355255,Private,157645.53103930116,Masters,4.3969364911317825,Married-civ-spouse,Adm-clerical,Husband,White,,0,0,36.90599779725075,Guatemala,
77.32654601335526,Private,350966.8722016947,Hs-grad,11.446688690781595,Separated,Prof-specialty,Husband,White,,0,0,83.94547167539596,Peru,
17.466546013355256,State-gov,210324.18848763447,11th,12.946787190437318,Married-civ-spouse,Prof-specialty,Husband,[UNK],,0,0,81.98409962296486,Italy,
40.09654601335525,?,301578.84753395506,Assoc-acdm,15.19665183722973,Married-civ-spouse,Adm-clerical,Husband,White,,0,0,93.74478970885278,England,
34.98654601335525,?,136161.6931304612,9th,6.196418833732605,Married-af-spouse,Prof-specialty,Wife,Black,,0,0,10.443817723989488,Jamaica,
73.67654601335525,Private,144558.5778283937,Hs-grad,2.296903383731842,,Protective-serv,Wife,Black,,0,0,44.74608722686767,Nicaragua,
36.44654601335526,State-gov,199451.73749175676,9th,6.196445834636688,,Sales,Wife,,,0,0,10.443250830173493,United-states,
21.846546013355255,?,57681.703339540676,Hs-grad,12.94664189517498,,Prof-specialty,Not-in-family,,,0,0,97.66235478162766,Jamaica,
56.15654601335526,?,32432.289307208022,11th,3.0462810844182973,,?,Other-relative,,,0,0,86.88228024721145,Philippines,
45.936546013355255,Private,301622.0395384577,Assoc-acdm,13.99685416519642,,Sales,Husband,,,0,0,44.744326146841054,Columbia,
42.286546013355256,Private,80685.33900751136,Hs-grad,1.0970700293779374,,Priv-house-serv,Other-relative,,,0,0,32.003134063482285,United-states,
65.64654601335526,,162258.99830112085,5th-6th,7.696331295371056,,Prof-specialty,Not-in-family,,,0,3697.435925630331,3.5828953897953033,Germany,
60.536546013355256,,215617.0297013142,11th,11.446609842777253,,Machine-op-inspct,Husband,,,0,0,93.7436844265461,Columbia,
56.15654601335526,,132868.83223515443,Hs-grad,7.6965061843395235,,Tech-support,,,,0,0,1.6210664927959444,Puerto-rico,
43.74654601335526,,152341.84856127342,Assoc-voc,8.446664837002754,,,,,,0,0,66.29993410706521,Germany,
34.256546013355255,,94533.85802064308,11th,3.3464199513196946,,,,,,0,0,29.05924664974213,Puerto-rico,
42.286546013355256,,185346.7771258859,Some-college,1.6969347029924393,,,,,,0,0,4.561805002689361,United-states,
79.51654601335525,,162255.54666163507,Assoc-voc,13.996716004610061,,,,,,200.3181743258611,0,85.90076146245002,Philippines,
36.44654601335526,,160040.96992350146,,6.196133983135224,,,,,,0,0,3.5797820007801056,Poland,
33.52654601335526,,232215.26959977244,,12.496570798754691,,,,,,0,0,79.03971605300904,Jamaica,
50.31654601335526,,98047.0474838298,,12.346434292197227,,,,,,0,0,39.84019474387169,United-states,
49.58654601335525,,183533.8953023441,,13.996471467614173,,,,,,0,0,29.058749850988388,Hungary,
23.306546013355256,,136171.20778380003,,2.896647125482559,,,,,,0,0,39.840184229612355,Canada,
56.15654601335526,Federal-gov,94531.74786384945,Assoc-acdm,1.096644800901413,Widowed,Craft-repair,Not-in-family,Black,Female,0,0,83.94657403707504,Taiwan,>50k
80.24654601335526,Private,375139.305956613,9th,2.596878653764725,Divorced,Prof-specialty,Unmarried,Other,Male,0,0,69.24888349413872,Germany,<=50k
37.90654601335525,Self-emp-inc,334679.8883991224,Assoc-voc,1.3966233432292938,Married-civ-spouse,Tech-support,Not-in-family,White,Male,0,0,16.326093418598177,Ireland,<=50k
29.876546013355256,?,154898.22995582782,Hs-grad,1.0964977979660033,Married-spouse-absent,?,Husband,White,Male,0,0,2.605400295257568,Philippines,<=50k
29.876546013355256,Self-emp-inc,243735.95252740913,Hs-grad,3.346637040376663,Married-civ-spouse,Farming-fishing,Wife,Other,Male,0,0,85.90701867341996,El-salvador,<=50k
83.16654601335526,Private,162267.99469706594,Some-college,9.047147312760353,Widowed,Sales,Wife,Amer-indian-eskimo,Female,0,3361.3851259228586,92.77589504480362,Germany,<=50k
80.97654601335526,State-gov,115052.78943104846,Assoc-voc,3.3467667341232303,Married-civ-spouse,Prof-specialty,Not-in-family,Amer-indian-eskimo,Male,0,0,92.76753223657609,Poland,<=50k
46.66654601335526,Private,157641.55466756108,9th,4.696668046712875,Married-civ-spouse,Machine-op-inspct,Wife,Other,Male,0,0,47.687027318477625,Philippines,<=50k
17.466546013355256,Private,80675.29535731446,Assoc-voc,6.79695348739624,Widowed,Machine-op-inspct,Husband,Amer-indian-eskimo,Male,0,0,32.00787085413933,Taiwan,<=50k
45.936546013355255,State-gov,275493.9013970704,Assoc-acdm,12.946744230389596,Married-civ-spouse,Prof-specialty,Wife,White,Male,0,0,39.84578307271004,Philippines,<=50k
86.08654601335526,Without-pay,157631.82631296164,Some-college,7.246878296136856,Married-civ-spouse,Tech-support,Husband,White,Male,0,0,46.70798102021217,Puerto-rico,
42.286546013355256,Self-emp-not-inc,136165.68298709835,Hs-grad,7.996576726436616,Married-civ-spouse,Prof-specialty,Wife,Other,Female,0,0,2.6057044494152066,United-states,
34.98654601335525,State-gov,117140.70388332753,Assoc-voc,5.296746930480003,,Machine-op-inspct,Wife,White,Male,0,0,7.505700652599335,Vietnam,
72.94654601335526,State-gov,1023990.1450118294,Doctorate,8.147095555067061,,Farming-fishing,Wife,Other,Female,0,0,58.468029619455336,Germany,
39.366546013355254,Federal-gov,157637.53812004408,9th,12.046386897563934,,?,Wife,White,,0,0,1.6240924966335297,United-states,
83.16654601335526,Private,325832.41015178454,Hs-grad,15.04692139029503,,Prof-specialty,,Other,,0,0,86.88443362593651,England,
40.09654601335525,Self-emp-inc,29446.18281986402,Doctorate,12.497052040696143,,Adm-clerical,,Other,,0,3865.5638182228804,62.38645989894867,United-states,
36.44654601335526,Federal-gov,309388.0197413712,Hs-grad,14.596447265148162,,Prof-specialty,,White,,0,0,89.822518979311,United-states,
47.396546013355255,,144543.7484430281,Assoc-acdm,2.596702978014946,,Machine-op-inspct,,Other,,0,0,69.2432137966156,Columbia,
75.13654601335526,,94535.90238694163,Hs-grad,2.896735906600952,,Prof-specialty,,White,,0,0,68.26310217022896,England,
39.366546013355254,,239662.35716394932,Assoc-acdm,5.74661600291729,,Sales,,White,,0,0,14.362789312601091,Canada,
56.15654601335526,,94522.8145195699,Hs-grad,14.146506622433662,,Farming-fishing,,,,0,0,66.30141977190972,United-states,
32.796546013355254,,281338.51086612034,,14.146654519438744,,Exec-managerial,,,,0,0,44.74153858304024,Mexico,
80.24654601335526,,232224.34426695437,,3.1966880291700366,,Sales,,,,0,0,7.502543629407882,Germany,
47.396546013355255,,301584.5238767396,,2.296482044458389,,,,,,0,0,31.01930085659027,Mexico,
27.686546013355255,,48132.7473816291,,6.646709558367729,,,,,,0,0,20.239936385154724,United-states,
56.15654601335526,,129768.74433358575,,7.996497395634651,,,,,,7780.761840490357,0,9.460456665754318,Germany,
47.396546013355255,,136164.22209023568,,1.5465085089206696,,,,,,0,0,98.63926353096961,Mexico,
49.58654601335525,,117135.1532883303,,7.696541973948479,,,,,,0,0,14.358790097236634,United-states,
47.396546013355255,,147195.12854428944,,7.6964316189289095,,,,,,0,0,77.07864669442178,?,
53.966546013355256,,301598.2934659585,,1.6965298146009444,,,,,,0,0,38.858916618824004,Philippines,
56.15654601335526,,157628.0702294892,,9.796579122543335,,,,,,0,0,39.83989222526551,England,
83.16654601335526,Private,301630.09621938446,Masters,1.0970719873905181,Married-civ-spouse,Farming-fishing,Wife,White,Male,0,0,68.26778212547303,Jamaica,<=50k
70.75654601335526,?,185344.9745604217,Hs-grad,6.946668779850007,Married-af-spouse,Farming-fishing,Husband,Black,Male,0,0,24.167058452367783,United-states,<=50k
75.13654601335526,State-gov,309397.4857208495,Assoc-voc,2.7467573910951613,Separated,Prof-specialty,Unmarried,Amer-indian-eskimo,Female,0,0,73.16744309902191,Hungary,<=50k
75.13654601335526,Private,121735.71732435696,Hs-grad,12.047006702423095,Widowed,Adm-clerical,Husband,Other,Male,0,0,7.509017317295075,Philippines,<=50k
19.656546013355253,Private,157648.34133072806,12th,13.396839395165443,Married-civ-spouse,Sales,Other-relative,Other,Male,0,0,37.889151724576955,Greece,
75.13654601335526,Local-gov,281343.98678207945,Assoc-voc,12.646846950054169,Married-civ-spouse,Prof-specialty,Husband,White,[UNK],0,0,39.84580269932747,United-states,
77.32654601335526,State-gov,232222.59855694024,Some-college,7.996937626600266,Widowed,?,Wife,Amer-indian-eskimo,Male,0,3361.434587259591,5.552891120910645,United-states,
30.606546013355256,State-gov,48149.419016526306,11th,3.346641403436661,Married-af-spouse,Sales,Husband,Other,Male,124.68607765130338,0,89.82959040284157,Philippines,
80.24654601335526,Self-emp-not-inc,121722.03099744304,Some-college,11.29690701365471,Widowed,Craft-repair,Other-relative,Black,Female,0,0,35.93026582717895,Mexico,
47.396546013355255,State-gov,94535.35435654916,Masters,1.096693018078804,Widowed,Prof-specialty,Not-in-family,White,Female,0,0,16.326185067892077,England,
44.476546013355254,State-gov,190397.04370263568,Hs-grad,5.74656495153904,Married-civ-spouse,Machine-op-inspct,Other-relative,White,Male,0,3697.3939950469135,73.16869750857353,Hungary,
28.416546013355255,State-gov,117142.14567107322,Assoc-acdm,3.1968348532915116,[UNK],?,Husband,White,,2631.479236041754,0,82.9678276872635,Canada,
80.24654601335526,Self-emp-inc,375073.18590030714,11th,13.996568366885185,Married-civ-spouse,Machine-op-inspct,Wife,White,,0,0,68.26588996767998,Germany,
65.64654601335526,State-gov,80656.69285703634,Masters,14.146940147876741,Widowed,Farming-fishing,Wife,Black,,0,0,32.00631766438484,Canada,
31.336546013355253,Without-pay,98052.29582305238,Some-college,8.44670008122921,Married-civ-spouse,Sales,Wife,Other,,0,0,16.326506336927416,Germany,
67.83654601335526,State-gov,174703.19920120735,Assoc-voc,11.746720805764198,Married-civ-spouse,Transport-moving,Wife,Amer-indian-eskimo,,0,0,89.82500046133995,England,
56.15654601335526,Self-emp-not-inc,20527.05823567361,Hs-grad,13.996266636252404,Married-af-spouse,Sales,Wife,,,0,0,47.68296793818474,United-states,
40.09654601335525,Federal-gov,29448.734820836657,Assoc-acdm,3.1968808352947238,,Prof-specialty,Not-in-family,,,0,0,39.84239111423493,Mexico,
75.13654601335526,Private,239687.12626530332,Masters,11.447000050544741,,Prof-specialty,,,,0,0,92.76252639770509,Mexico,
75.13654601335526,Federal-gov,1021171.9145257795,Hs-grad,12.046676835417749,,Tech-support,,,,0,0,85.90293493509292,England,
23.306546013355256,Never-worked,147205.8178212313,Assoc-voc,5.746857562661171,,Sales,,,,0,3865.4171181467177,82.96371579408645,Canada,
78.05654601335526,,218559.74440028376,Assoc-voc,1.2465452283620835,,Machine-op-inspct,,,,0,0,79.04106345534325,?,
28.416546013355255,,121723.83162355395,Hs-grad,5.746622377634048,,Protective-serv,,,,0,0,75.12145674705506,England,
65.64654601335526,,225140.4369216301,Some-college,2.2969258069992065,,Prof-specialty,,,,0,0,24.162202733755112,United-states,
80.24654601335526,,168831.6950881104,Assoc-acdm,14.14668270945549,,Prof-specialty,,,,0,0,16.320889619588854,United-states,
32.796546013355254,,94536.26581105859,Assoc-acdm,10.396781459450722,,Machine-op-inspct,,,,0,0,92.76177795767784,Philippines,
75.13654601335526,,258175.91639517323,,13.546560221910477,,,,,,0,0,1.6197995245456696,Mexico,
43.74654601335526,,160046.53318264536,,4.996287021040917,,,,,,0,0,36.90008212447166,United-states,
72.94654601335526,,232232.46234541904,,3.3467272788286206,,,,,,0,0,2.6003508806228637,Germany,
72.94654601335526,,362281.2183896283,,9.046837249398232,,,,,,0,0,24.160922096967695,Taiwan,
56.15654601335526,,301575.47908587527,,8.146512719988824,,,,,,0,0,6.519992578029632,Puerto-rico,
67.83654601335526,,258167.4288513198,,3.6465482860803604,,,,,,0,0,76.0995763885975,Mexico,
27.686546013355255,Private,132886.63334696367,Assoc-acdm,1.9970123887062072,Married-civ-spouse,Craft-repair,Wife,Black,Male,0,0,98.64763586044312,Canada,<=50k
34.98654601335525,Without-pay,293979.7402599727,Assoc-voc,1.0965939193964005,Separated,Sales,Husband,White,Male,0,0,31.026732685565946,Mexico,<=50k
86.08654601335526,Private,275511.59520982363,10th,3.496696943044663,Married-civ-spouse,Priv-house-serv,Husband,White,Male,0,0,1.6259807991981505,Puerto-rico,>50k
80.97654601335526,State-gov,20592.857731142678,Hs-grad,7.096794155240059,Widowed,Tech-support,Husband,Other,Female,0,0,39.8483639729023,Canada,>50k
70.75654601335526,Self-emp-not-inc,334675.2526216435,Some-college,2.896850571036339,Married-spouse-absent,Craft-repair,Husband,Black,Male,0,0,17.30861911892891,Germany,<=50k
24.766546013355253,State-gov,80661.53795980544,11th,1.0966841757297516,Never-married,Farming-fishing,Unmarried,Other,Male,0,0,10.447455365657808,Canada,<=50k
47.396546013355255,Private,124237.24082862471,9th,4.396851858496666,Married-civ-spouse,Prof-specialty,Husband,Asian-pac-islander,Male,0,0,41.807444208860396,United-states,
45.936546013355255,State-gov,136168.6446954782,Hs-grad,6.196607866883278,Married-af-spouse,Protective-serv,Husband,White,Male,0,0,86.8861146223545,South,
67.83654601335526,Private,181809.9463423719,Assoc-acdm,11.447042268514634,[UNK],Machine-op-inspct,[UNK],White,Male,0,0,36.908704634904865,Germany,
21.846546013355255,Federal-gov,1021668.8075691629,Assoc-acdm,1.8467772752046585,Separated,Sales,Other-relative,,Male,0,0,92.76548849821091,China,
24.036546013355256,Without-pay,121724.30879393793,Hs-grad,6.946631819009782,Married-civ-spouse,Prof-specialty,Wife,,Male,0,0,39.845716657638555,United-states,
53.23654601335525,Private,301619.69124870206,11th,10.996511200070382,Married-af-spouse,Tech-support,Husband,,,0,0,15.344002541303636,France,
72.21654601335526,Self-emp-inc,144550.9473192456,Masters,7.246971771121025,Never-married,Machine-op-inspct,Husband,,,0,0,39.845300818681714,Canada,
34.256546013355255,Private,100744.46671426756,9th,15.946744865179063,Married-civ-spouse,Armed-forces,Other-relative,,,0,0,25.144938894510272,United-states,
65.64654601335526,Federal-gov,147199.57980552298,Assoc-voc,3.3466439694166183,Widowed,Sales,Wife,,,0,0,44.74391790151596,Canada,
58.346546013355265,Private,193866.58921982133,11th,12.04650012254715,Widowed,Prof-specialty,Husband,,,0,0,29.063643070459364,United-states,
49.58654601335525,Self-emp-inc,162257.3497678277,Assoc-voc,7.2466588646173475,Never-married,Prof-specialty,,,,0,0,97.66159635305404,India,
26.226546013355254,State-gov,174703.78534461948,Masters,5.5967949599027635,Married-spouse-absent,Prof-specialty,,,,0,0,89.82193082332611,Canada,
47.396546013355255,,309376.2410005723,9th,3.9463359892368315,Married-af-spouse,Sales,,,,0,0,20.242095663547516,Canada,
42.286546013355256,,136175.80507121625,Hs-grad,5.746599265933037,Widowed,Prof-specialty,,,,0,0,75.12125084280969,?,
21.846546013355255,,190399.45770519038,Hs-grad,1.5463871479034426,Married-civ-spouse,Prof-specialty,,,,0,0,18.280931910276415,Columbia,
80.24654601335526,,38162.70077103929,Hs-grad,6.946626561880112,Married-civ-spouse,Craft-repair,,,,0,0,66.30294983029366,United-states,
75.13654601335526,,309390.37591352157,Assoc-voc,6.196585720777512,,Prof-specialty,,,,0,0,69.24041168808938,United-states,
56.15654601335526,,85429.18007581093,Assoc-acdm,3.3467208057641984,,Sales,,,,0,0,52.58147392034531,[UNK],
80.24654601335526,,243741.9884503702,Hs-grad,7.096720179915429,,Sales,,,,0,0,85.90266518592834,Germany,
45.936546013355255,,94533.10011789897,Assoc-voc,11.596544021368025,,,,,,0,0,20.238995125293734,England,
40.09654601335525,,162252.77363383668,Prof-school,3.646354219317436,,,,,,0,0,16.319946724176408,Hong,
53.23654601335525,,136163.71374470566,,15.946579945087432,,,,,,0,0,16.319412424564362,Germany,
80.97654601335526,,103111.52310349833,,13.996543887257575,,,,,,0,0,73.16002896904945,Ireland,
56.15654601335526,,177772.17549896706,,1.0965690732002258,,,,,,0,0,40.819622476100925,United-states,
34.98654601335525,,248222.98456140136,,14.146423858404159,,,,,,0,0,39.83922971010208,Cuba,
78.05654601335526,,162256.41023792588,,3.1966230213642124,,,,,,0,0,69.23997528791428,United-states,
66.37654601335527,Private,48158.07468517656,Hs-grad,7.096987310051918,Married-civ-spouse,Tech-support,Husband,White,Female,0,0,29.068066419363024,Canada,<=50k
45.936546013355255,Private,185349.28145760254,Bachelors,14.89695642888546,Married-af-spouse,Prof-specialty,Unmarried,Other,Female,0,0,49.647862033844,Cuba,<=50k
34.98654601335525,Without-pay,181803.08714177166,Assoc-voc,8.446646079421043,Married-spouse-absent,Sales,Husband,Black,Male,0,0,72.18666241526604,Poland,<=50k
77.32654601335526,State-gov,174703.61095981477,Assoc-voc,13.996753251552581,Married-af-spouse,Sales,Husband,White,Female,0,0,47.68806735396385,China,<=50k
73.67654601335525,Self-emp-inc,136169.9423224783,Hs-grad,1.396781101822853,Widowed,Machine-op-inspct,Wife,Other,,0,0,98.64558020591737,England,<=50k
40.09654601335525,State-gov,179801.07033048387,Hs-grad,6.1965160995721815,Widowed,Prof-specialty,Wife,Other,,0,0,14.364157334566118,Jamaica,<=50k
45.936546013355255,Private,309412.99830038793,Assoc-voc,12.046830275654793,Married-af-spouse,Craft-repair,Husband,Other,,0,0,32.98652841687203,United-states,<=50k
53.23654601335525,Private,139130.80148932422,Assoc-voc,10.996878117322922,Married-spouse-absent,Sales,Wife,White,,0,0,11.425893881320953,Hong,
70.75654601335526,Private,218575.64867828798,Assoc-acdm,5.7471786677837375,Married-civ-spouse,Sales,Other-relative,White,,592.4039625413493,0,16.326735898256302,Germany,
34.256546013355255,Private,183543.12592566622,11th,2.296743255853653,Widowed,Farming-fishing,Wife,White,,0,0,39.846247569322585,Germany,
28.416546013355255,Federal-gov,144549.91672037193,Assoc-voc,15.796711105108262,Married-civ-spouse,Sales,Wife,Other,,0,0,37.885884476900095,South,
77.32654601335526,State-gov,287260.6312872624,Assoc-voc,6.346846207976341,Widowed,Craft-repair,Husband,Other,,0,0,66.30607425928116,England,
51.77654601335526,Never-worked,20575.381068453666,Assoc-acdm,11.296583288908005,Widowed,Handlers-cleaners,Wife,Other,,0,0,36.904033850431446,Jamaica,
78.05654601335526,Private,112789.96676094146,Masters,12.046985656023024,Married-spouse-absent,Sales,Other-relative,White,,0,0,18.28758235454559,United-states,
80.24654601335526,Self-emp-inc,117139.81494678515,Masters,1.0968565613031387,Widowed,Prof-specialty,Husband,Black,,0,0,32.005672789812095,Jamaica,
47.396546013355255,Self-emp-inc,160043.31513287697,Hs-grad,3.496310901641846,Married-civ-spouse,Sales,Husband,White,,0,0,7.505751938819885,Taiwan,
77.32654601335526,Private,362287.44867382274,Hs-grad,4.996845555305481,Married-af-spouse,Armed-forces,Not-in-family,Black,,0,0,27.106359838247297,Canada,
80.24654601335526,Self-emp-inc,160045.68462825747,Bachelors,11.296631211042405,Widowed,Prof-specialty,Husband,Other,,0,0,23.18582916021347,United-states,
75.13654601335526,Private,375128.60757046565,Assoc-acdm,5.746986442804337,,Exec-managerial,Husband,,,0,0,53.56413256764412,Puerto-rico,
78.05654601335526,Private,218572.8700046533,Assoc-acdm,4.9969347476959225,,Craft-repair,,,,0,0,18.28296770453453,England,
28.416546013355255,Private,157646.25222749123,Bachelors,2.8970449596643446,,Protective-serv,,,,0,0,49.64326794505119,United-states,
31.336546013355253,,210318.92583962518,Assoc-acdm,14.896906593441964,,Craft-repair,,,,0,0,23.182144496440888,United-states,
28.416546013355255,,115048.43441856213,,14.146619427204133,,Sales,,,,0,0,73.16189092755319,England,
70.75654601335526,,487510.6643791614,,13.996749818325043,,Adm-clerical,,,,0,0,77.08106252074242,Germany,
51.77654601335526,,32432.456480074197,,15.79632314145565,,Prof-specialty,,,,0,0,5.5394757437706,Germany,
38.63654601335526,,193858.88863499442,,10.096397027373314,,?,,,,0,0,77.08023463964463,Jamaica,
75.13654601335526,,152341.18689335804,,5.596580293774605,,Machine-op-inspct,,,,0,0,17.300890963077546,Taiwan,
56.15654601335526,,212873.45620180157,,5.746800753474236,,,,,,0,0,37.88046893239021,Canada,
62.72654601335526,,195683.3879342774,,4.9965068906545635,,,,,,0,0,75.1195149385929,England,
21.846546013355255,,375105.10066363955,,10.996538504958153,,,,,,0,0,41.79982288956642,United-states,
69.29654601335525,,136164.78871965565,,14.146631488204003,,,,,,0,0,53.559418674707416,Philippines,
83.16654601335526,,334688.3113655416,,1.0966098070144654,,,,,,0,0,35.92003288269043,United-states,
45.936546013355255,Self-emp-not-inc,334666.2521619402,Some-college,6.796612042188645,Widowed,Machine-op-inspct,Husband,Other,Male,0,0,9.467834463119507,Taiwan,<=50k
47.396546013355255,Federal-gov,258173.92802242062,10th,14.146430876851081,Widowed,Craft-repair,Other-relative,Other,[UNK],0,0,53.566464455127715,Canada,<=50k
39.366546013355254,Private,117145.10736561922,Bachelors,4.6970692604780195,Widowed,Other-service,Husband,White,Male,0,0,41.8084028172493,United-states,<=50k
29.876546013355256,State-gov,243741.2176238792,7th-8th,12.046596404910087,Married-civ-spouse,Sales,Husband,Black,Female,0,0,34.94787418365479,Ireland,<=50k
80.24654601335526,Federal-gov,174704.18323610077,Assoc-voc,15.196760189533235,Separated,Prof-specialty,Not-in-family,White,Male,0,0,58.468007072210305,Canada,<=50k
86.08654601335526,State-gov,147201.00346307858,1st-4th,8.146579775214196,Married-af-spouse,Prof-specialty,Wife,White,Female,0,2899.211916422844,60.429532340765,?,<=50k
22.576546013355255,State-gov,144554.2128018588,Hs-grad,4.696849989891052,Married-civ-spouse,Other-service,Not-in-family,Black,Male,0,0,39.8478060746193,United-states,<=50k
24.036546013355256,Private,129794.34430190457,Hs-grad,12.946980372071268,Separated,Handlers-cleaners,Unmarried,Amer-indian-eskimo,,0,0,7.507308691740036,United-states,<=50k
49.58654601335525,Federal-gov,69463.81381799221,Hs-grad,7.996476045250893,Never-married,Sales,Husband,Amer-indian-eskimo,,0,0,52.58594376564026,?,<=50k
43.01654601335525,Private,258189.13314174683,Assoc-voc,1.3969791918992995,Married-civ-spouse,Prof-specialty,Other-relative,Other,,0,0,85.90481914877891,Taiwan,<=50k
59.80654601335526,Private,207943.30449398118,Assoc-acdm,1.547043761610985,Separated,Machine-op-inspct,Not-in-family,White,,0,0,30.04620971798897,Mexico,>50k
69.29654601335525,Private,157644.77027093415,9th,14.446756112575532,Widowed,Sales,Husband,White,,0,0,9.466389745473862,India,>50k
45.936546013355255,State-gov,168828.93328851942,Assoc-voc,7.696622985601426,Never-married,Prof-specialty,Husband,Asian-pac-islander,,0,0,41.80449046134949,Puerto-rico,<=50k
75.13654601335526,Self-emp-not-inc,210319.96979633896,Hs-grad,6.496682351827621,Married-civ-spouse,Farming-fishing,Wife,White,,0,1470.6630597749354,7.5058683550357825,Puerto-rico,<=50k
45.936546013355255,Private,144555.3294511325,12th,2.8967501491308214,Married-civ-spouse,Tech-support,Unmarried,Other,,0,0,45.725754508972166,Nicaragua,
28.416546013355255,[UNK],63474.595425780266,Hs-grad,3.6467093259096144,Widowed,Machine-op-inspct,Husband,White,,0,0,39.845963742733005,United-states,
83.16654601335526,Self-emp-inc,301596.19613327464,Assoc-voc,6.946914783120155,Married-civ-spouse,Machine-op-inspct,,,,0,0,30.042854384183883,Jamaica,
47.396546013355255,Federal-gov,281335.71621357044,Doctorate,12.946917894482613,Married-spouse-absent,Sales,,,,0,0,76.10298259973526,El-salvador,
46.66654601335526,State-gov,136169.38214760894,Assoc-voc,4.396730676293373,Married-civ-spouse,Machine-op-inspct,,,,0,0,41.80238141775131,Ireland,
31.336546013355253,Self-emp-not-inc,136163.70220981707,11th,11.296252322196962,Widowed,Adm-clerical,,,,0,0,39.84074025869369,Puerto-rico,
31.336546013355253,Private,34983.092237160476,Assoc-voc,8.146632266044616,Widowed,Craft-repair,,,,0,0,73.16386106610298,Puerto-rico,
43.01654601335525,Private,193867.47378213346,11th,7.696536269783974,Married-civ-spouse,Prof-specialty,,,,0,0,47.682261321544644,United-states,
27.686546013355255,,258167.9497788933,12th,5.29643363058567,,Craft-repair,,,,0,0,4.561418428421021,Columbia,
56.15654601335526,,90035.31264303836,5th-6th,7.696166214346886,,Sales,,,,0,0,30.04146597623825,Jamaica,
77.32654601335526,,121724.4950109381,11th,5.296439316868782,,Prof-specialty,,,,0,0,53.560017403364185,United-states,
80.24654601335526,,121727.79264458476,,1.996720314025879,,,,,,0,0,61.40037477135658,Germany,
29.146546013355255,,32437.08564972119,,3.3463983595371247,,,,,,0,0,15.339390403032304,United-states,
36.44654601335526,,157629.82058067954,,8.446617504954338,,,,,,0,0,35.91958830475807,United-states,
56.15654601335526,,215612.67788861922,,1.9966394186019898,,,,,,0,0,85.90013492941856,Germany,
69.29654601335525,,48132.74031492579,,12.196789693832397,,,,,,0,0,9.459931303262712,United-states,
59.076546013355255,,243730.2810698265,,12.346696871519088,,,,,,0,0,58.46009082794188,United-states,
40.826546013355255,,105682.92568104553,,3.3464421957731245,,,,,,0,0,35.91965261697769,Puerto-rico,
86.08654601335526,State-gov,162259.78109770885,Masters,11.446770596504212,Separated,Sales,Husband,Black,Male,0,0,30.04918466925621,?,<=50k
40.09654601335525,Self-emp-not-inc,126849.67195665144,Assoc-voc,14.596659258008005,Widowed,Sales,Husband,White,Male,0,0,17.306698455810547,Taiwan,<=50k
29.876546013355256,Self-emp-inc,121724.07606060192,Assoc-voc,4.39679069519043,Never-married,Sales,Husband,Other,Male,0,0,81.98748971223831,Puerto-rico,<=50k
47.396546013355255,State-gov,57667.77227942609,Hs-grad,6.796602582931519,Married-af-spouse,Craft-repair,Other-relative,Amer-indian-eskimo,,0,0,9.465143104791641,Poland,<=50k
75.13654601335526,Private,132890.9624585328,Assoc-voc,7.6970236808061605,Divorced,Prof-specialty,Own-child,White,,592.3962910797452,0,31.02544130086899,Puerto-rico,<=50k
40.09654601335525,Federal-gov,212879.93230332635,Doctorate,4.247001829743385,Separated,Machine-op-inspct,Unmarried,Amer-indian-eskimo,,0,0,1.6265093743801118,Puerto-rico,<=50k
40.09654601335525,State-gov,112782.66162256105,Assoc-voc,1.3966733396053315,Widowed,?,Husband,White,,0,0,1.624629249572754,Columbia,<=50k
80.24654601335526,Private,63493.69052896705,Assoc-voc,7.69687860906124,Widowed,Prof-specialty,Wife,White,,0,0,18.28557880401611,Germany,<=50k
32.796546013355254,State-gov,232225.86539874668,1st-4th,6.946761146187782,Widowed,Sales,Husband,Amer-indian-eskimo,,0,0,71.20720933198928,Columbia,<=50k
43.01654601335525,Private,210329.7875804521,Assoc-acdm,13.397158461809159,Married-spouse-absent,Adm-clerical,Wife,Asian-pac-islander,,0,2394.9657791218165,13.389077482223511,Nicaragua,<=50k
75.13654601335526,Federal-gov,243740.55256561263,Masters,2.296751633286476,Married-civ-spouse,Sales,Husband,Asian-pac-islander,,0,0,88.84727306008338,Jamaica,
34.98654601335525,?,181801.09765513943,1st-4th,14.896638506650925,Married-af-spouse,Adm-clerical,Other-relative,Other,,0,0,70.22415412187576,Taiwan,
89.00654601335526,?,144546.96769405334,Hs-grad,15.196577513217926,Married-af-spouse,Sales,Wife,,,0,0,93.74426849365236,United-states,
49.58654601335525,Private,185347.34192581815,Hs-grad,10.996677058935166,Widowed,Machine-op-inspct,Husband,,,0,0,32.984517272710804,United-states,
49.58654601335525,Private,309405.0417765245,Some-college,14.146904519200325,Widowed,Craft-repair,Wife,,,0,0,16.326521348953246,Germany,
85.35654601335526,[UNK],94544.84328915924,Hs-grad,7.696759384870529,Never-married,Craft-repair,Husband,,,0,0,24.16444793701172,Germany,
47.396546013355255,Never-worked,1021060.1322694276,Masters,6.046880370378495,Married-af-spouse,Tech-support,Wife,,,45304.31570345024,0,58.46447942137718,El-salvador,
65.64654601335526,Federal-gov,197559.11654639867,Masters,13.396442392468453,Widowed,Armed-forces,Husband,,,0,0,79.04344300746918,Germany,
47.396546013355255,State-gov,80653.88844710223,Hs-grad,3.4967744767665865,Widowed,Sales,Not-in-family,,,592.3401878627932,0,40.82461902737618,China,
80.24654601335526,,32442.268061983286,Hs-grad,6.946599945425987,Married-af-spouse,Sales,Husband,,,0,0,1.624202253818512,El-salvador,
38.63654601335526,,239661.61128625786,Hs-grad,13.996391654014587,,?,,,,0,0,66.30043417692185,Germany,
56.15654601335526,,232209.37270845848,Assoc-voc,4.996662199497223,,Prof-specialty,,,,0,0,75.12039416432381,Germany,
47.396546013355255,,129772.23753587817,9th,4.546459075808525,,Prof-specialty,,,,0,0,39.83956838607788,Puerto-rico,
40.09654601335525,,362207.2112916542,Hs-grad,1.0966247916221619,,,,,,0,0,32.001109893321996,France,
55.42654601335526,,132874.74871001276,,5.896484896540642,,,,,,0,0,31.999096587896346,Philippines,
31.336546013355253,,157631.29406405063,,5.596441015601158,,,,,,0,0,41.7986880505085,Germany,
39.366546013355254,,218557.25311800308,,7.696386155486107,,,,,,0,0,39.839084905385974,Dominican-republic,
36.44654601335526,,221798.8699110998,,4.696726304292678,,,,,,0,0,66.29993696928024,Germany,
44.476546013355254,,183537.70357201732,,7.246710988879204,,,,,,0,0,44.73957948446274,China,
75.13654601335526,,218563.38015161082,,5.746533533930778,,,,,,0,0,7.499887902736664,United-states,
67.10654601335526,,258168.39082981175,,6.346510136127472,,,,,,0,0,44.73933339238167,Taiwan,
22.576546013355255,,132886.5989167302,,1.3967099964618683,,,,,,0,0,55.519918043613444,Canada,
54.69654601335526,Federal-gov,85441.16248400172,5th-6th,6.946410581469536,Married-af-spouse,Machine-op-inspct,Husband,Amer-indian-eskimo,Male,0,0,93.74765875816347,?,>50k
56.15654601335526,State-gov,98054.4511546226,Masters,8.146587902307509,Married-civ-spouse,Prof-specialty,Wife,White,Female,0,0,32.00661737918854,Germany,>50k
85.35654601335526,Federal-gov,218560.7506632875,Bachelors,12.04675037264824,Married-civ-spouse,Prof-specialty,Husband,Amer-indian-eskimo,Female,0,0,16.327177438735966,Italy,<=50k
39.366546013355254,State-gov,57670.42276080395,Hs-grad,2.8965847194194794,Widowed,Sales,Wife,White,Male,14317.175153454373,0,79.04803528547288,Jamaica,<=50k
86.08654601335526,Private,139129.98491548255,7th-8th,5.446716818213463,Married-af-spouse,Machine-op-inspct,[UNK],Black,Female,0,0,18.28657520532608,Taiwan,>50k
24.036546013355256,[UNK],48164.49152090443,Assoc-voc,8.14689644575119,Married-civ-spouse,Sales,Husband,White,Male,0,0,98.64925832748413,Vietnam,<=50k
78.05654601335526,Federal-gov,232223.2018808875,11th,13.996605640649795,Widowed,[UNK],Husband,White,Male,0,0,51.608113675117494,England,>50k
47.396546013355255,Never-worked,263849.1987702004,11th,12.046531280875206,Married-civ-spouse,Sales,Husband,Other,Male,34563.4145674808,0,71.20869721651077,United-states,<=50k
49.58654601335525,?,144538.63441030408,Hs-grad,3.646418869495392,Never-married,Machine-op-inspct,Husband,White,,0,0,85.90522511601448,?,<=50k
24.766546013355253,Federal-gov,185345.56214069246,11th,6.646550431847572,Married-civ-spouse,Sales,Wife,White,,0,0,82.96564113020897,Canada,
80.97654601335526,[UNK],121734.84273155787,Hs-grad,13.696762952208518,Married-civ-spouse,Machine-op-inspct,Husband,Asian-pac-islander,,0,0,7.507167099714279,Germany,
34.256546013355255,Local-gov,183539.3876393222,Assoc-acdm,7.6968190550804145,Divorced,Farming-fishing,Husband,Amer-indian-eskimo,,0,0,17.30600463151932,England,
59.80654601335526,Private,174706.69220121187,Assoc-voc,12.046914809942246,Never-married,Adm-clerical,,Other,,0,0,32.00498901247978,Poland,
18.926546013355257,State-gov,212885.41685411884,Doctorate,7.246912708878517,Married-civ-spouse,Craft-repair,,Other,,0,3361.3043446651104,63.36752435088158,United-states,
45.936546013355255,Private,210330.19487495697,Hs-grad,7.246993899345398,Married-spouse-absent,Sales,,Other,,0,0,3.5852212607860565,United-states,
33.52654601335526,?,121722.23626747455,Assoc-acdm,12.646777266263962,Married-civ-spouse,Prof-specialty,,Other,,0,0,15.34327220916748,Germany,
80.24654601335526,State-gov,105687.79525486106,Assoc-voc,1.9967099338769914,Married-civ-spouse,Armed-forces,,White,,0,0,29.064528604745867,?,
83.16654601335526,Federal-gov,20583.87342088442,Hs-grad,7.246787521243096,Separated,Adm-clerical,,,,0,0,17.302776520252227,Taiwan,
36.44654601335526,Federal-gov,162258.42827460374,Hs-grad,5.596551156044006,Never-married,Prof-specialty,,,,0,0,32.002300457954405,Germany,
80.24654601335526,Private,375139.305956613,Preschool,4.997102439403534,Married-spouse-absent,Exec-managerial,,,,0,0,82.96400855779648,Canada,
70.75654601335526,,301600.6066410545,11th,11.296376866102218,Separated,Farming-fishing,,,,0,0,39.843020976781844,France,
47.396546013355255,,334674.8908865002,11th,2.446293494105339,,Prof-specialty,,,,0,0,32.000407832860944,Poland,
42.286546013355256,,112786.71545134122,11th,5.896431931853295,,Tech-support,,,,0,0,5.541796474456787,Columbia,
34.98654601335525,,132871.3196969934,Hs-grad,8.896503931283952,,Sales,,,,0,0,58.46168227791786,United-states,
80.97654601335526,,350945.2256409263,Hs-grad,12.946523860096931,,Farming-fishing,,,,0,0,1.6228337061405183,Taiwan,
27.686546013355255,,258167.9497788933,,5.596457636356353,,Farming-fishing,,,,0,0,85.90058231115341,Philippines,
33.52654601335526,,42820.42579237746,,3.346357151865959,,Protective-serv,,,,0,0,33.96071163654328,United-states,
80.24654601335526,,94540.05366891442,,7.996589851379395,,,,,,0,0,15.340084928274155,United-states,
24.036546013355256,,174705.4844647834,,11.446668609976768,,,,,,0,3865.574157202244,25.14347262263298,United-states,
38.63654601335526,,144542.8195066461,,1.3965107262134553,,,,,,0,0,91.77983375430107,Vietnam,
36.44654601335526,,136162.38663184005,,6.346488463878631,,,,,,0,0,60.41923946499824,Guatemala,
27.686546013355255,,136164.7931717532,,7.696518066525459,,,,,,0,0,18.279343205690385,United-states,
65.64654601335526,State-gov,121726.44422934968,11th,6.19665866792202,Married-af-spouse,Sales,Husband,Other,Male,0,0,13.387292511463166,Germany,>50k
28.416546013355255,State-gov,334699.8959006116,Assoc-acdm,5.446858742833137,Married-civ-spouse,Sales,Husband,Other,Male,0,0,24.167897081375123,Germany,<=50k
60.536546013355256,Private,100742.10006317636,Hs-grad,14.746625310182573,Widowed,Sales,Not-in-family,White,Male,34551.30351005662,0,83.94925388813019,Philippines,<=50k
80.97654601335526,Never-worked,117143.01135720887,Assoc-acdm,6.346950089931489,Married-spouse-absent,?,Wife,White,Female,0,0,86.8869457745552,United-states,<=50k
44.476546013355254,?,275496.99829007237,10th,10.09647806584835,Widowed,Farming-fishing,Not-in-family,Asian-pac-islander,[UNK],0,0,16.32683712720871,Ireland,>50k
28.416546013355255,?,136167.89024803494,Assoc-voc,3.346682244539261,Married-spouse-absent,Craft-repair,Unmarried,Amer-indian-eskimo,,0,3865.3483535423875,69.24887262940408,Germany,<=50k
45.936546013355255,Private,210330.19487495697,[UNK],5.5970137208700175,Married-spouse-absent,[UNK],Husband,White,,0,0,39.8451900100708,England,<=50k
18.926546013355257,State-gov,105688.64412952501,Assoc-acdm,6.946737658977509,Widowed,Machine-op-inspct,Husband,White,,0,0,32.00508183002472,Puerto-rico,<=50k
42.286546013355256,State-gov,218568.4776934291,Assoc-voc,3.3469412207603453,Married-civ-spouse,Prof-specialty,Husband,[UNK],,0,0,7.504214929342271,Mexico,
32.06654601335526,Self-emp-not-inc,215617.45092944702,11th,11.446580401062967,Widowed,Prof-specialty,Wife,White,,0,3865.476027041972,66.3078650712967,Hong,
28.416546013355255,State-gov,112785.53558212817,5th-6th,7.696491396427154,Never-married,Farming-fishing,Unmarried,White,,0,0,79.0458564388752,Puerto-rico,
24.036546013355256,[UNK],38174.719649770464,Hs-grad,5.896860557794572,Married-spouse-absent,Sales,Wife,Amer-indian-eskimo,,0,0,75.12684886813165,United-states,
47.396546013355255,Private,281348.96681663615,Assoc-acdm,15.947024413943291,Widowed,Craft-repair,Other-relative,Other,,0,0,16.327251505851745,China,
37.90654601335525,Self-emp-not-inc,90038.35885398708,Assoc-voc,15.196548920869828,Married-spouse-absent,Machine-op-inspct,,Black,,0,0,52.582950180768975,Puerto-rico,
89.73654601335525,Local-gov,117141.19320266947,Masters,2.2968067884445187,Married-spouse-absent,Craft-repair,,White,,0,0,5.545062320232391,England,
28.416546013355255,Private,132888.42878372737,9th,12.946789586544037,Married-spouse-absent,Armed-forces,,White,,0,0,66.30548131346703,England,
22.576546013355255,Self-emp-inc,136171.50689823783,Doctorate,11.44705156683922,Married-af-spouse,Armed-forces,,White,,0,0,53.56474841117859,Yugoslavia,
75.13654601335526,State-gov,149706.39011384887,Assoc-voc,14.596822720766069,Married-civ-spouse,Protective-serv,,White,,0,0,82.96401860475541,India,
47.396546013355255,Federal-gov,157635.4969003736,Assoc-acdm,1.996571460366249,Widowed,Prof-specialty,,White,,0,0,44.74273878574372,Puerto-rico,
47.396546013355255,,258167.13893676072,Hs-grad,7.696438592672348,Married-civ-spouse,Farming-fishing,,Amer-indian-eskimo,,0,0,11.4238134598732,Philippines,
56.15654601335526,,90035.31264303836,Hs-grad,12.49639036655426,[UNK],Prof-specialty,,,,0,0,91.78110451936722,Germany,
32.796546013355254,,149704.41959069975,12th,9.04653562605381,Widowed,Sales,,,,0,0,69.24280975699425,Italy,
45.936546013355255,,160044.66848774438,Doctorate,12.946522822976112,,Prof-specialty,,,,124.66928602161052,0,16.321399210691453,Canada,
45.936546013355255,,157634.85093051012,,9.046563842892647,,Armed-forces,,,,0,0,10.441152067184449,Cuba,
28.416546013355255,,121723.83162355395,,7.246651300787926,,Prof-specialty,,,,0,0,79.04038113832475,Taiwan,
21.846546013355255,,218570.3251516125,,6.496747815608978,,Prof-specialty,,,,0,0,10.440811638832091,Philippines,
72.21654601335526,,147205.17969293555,,12.94668927192688,,,,,,0,0,85.89985746979713,Germany,
40.09654601335525,,232209.97119550576,,7.246648868918419,,,,,,0,3697.4974061244725,7.501692558526993,Puerto-rico,
72.21654601335526,,144552.6033782916,,5.5968042582273485,,,,,,0,0,32.00046659588814,Germany,
45.936546013355255,,162257.68103522196,,1.3964896887540816,,,,,,0,0,5.53905347943306,Germany,
51.046546013355254,,375040.36627459445,,3.9463985651731495,,,,,,0,0,73.15938596367836,China,
75.13654601335526,,185343.76680624796,,6.196589064598084,,,,,,0,0,31.999985276460645,United-states,
75.13654601335526,?,94537.38058375014,9th,11.296519193053246,Widowed,Prof-specialty,Own-child,White,Male,0,0,68.2665334403515,England,<=50k
46.66654601335526,Self-emp-inc,325785.02664574585,11th,5.746368023753167,Never-married,Craft-repair,Husband,Other,Male,0,0,8.48713637471199,Mexico,<=50k
67.83654601335526,Private,362269.6033125756,Assoc-voc,13.69690714776516,Married-af-spouse,Sales,Husband,White,[UNK],0,0,39.8462572658062,United-states,<=50k
40.09654601335525,Private,136176.51139475603,Some-college,13.547033801674843,[UNK],Adm-clerical,Unmarried,Other,Male,0,0,37.8885086607933,Puerto-rico,>50k
37.90654601335525,Without-pay,94526.9625935712,11th,7.696391135454178,Married-civ-spouse,Protective-serv,Wife,Other,Male,0,0,73.16552039146424,United-states,<=50k
28.416546013355255,State-gov,334699.8959006116,11th,7.246561053395271,Separated,Sales,Husband,Black,,0,0,18.28665972828865,Germany,<=50k
28.416546013355255,?,309384.62803252693,9th,8.896369668841363,Married-civ-spouse,Craft-repair,Wife,Amer-indian-eskimo,,0,0,18.285782138109205,Germany,<=50k
43.01654601335525,Federal-gov,162259.69127723068,Hs-grad,13.9965253084898,Married-civ-spouse,Adm-clerical,Husband,Other,,0,0,89.82449016928673,Mexico,<=50k
31.336546013355253,State-gov,136172.07456986702,Assoc-acdm,11.446784991025925,Widowed,Adm-clerical,Unmarried,Amer-indian-eskimo,,0,0,31.02485402107239,Taiwan,<=50k
80.24654601335526,State-gov,309399.718414523,12th,11.296843257546426,Widowed,Farming-fishing,Wife,White,,0,0,4.56721873641014,Taiwan,>50k
70.75654601335526,State-gov,287261.65792342,Assoc-voc,15.946655958890915,Married-civ-spouse,?,Other-relative,White,,0,0,31.025838564634324,United-states,<=50k
61.26654601335526,,75213.91780979175,11th,3.346490189433098,Divorced,Other-service,Not-in-family,Other,,0,0,36.90442638278007,Taiwan,<=50k
67.10654601335526,,108130.86508662456,Masters,11.44675380587578,Married-civ-spouse,Prof-specialty,Unmarried,Amer-indian-eskimo,,0,0,93.74487750291824,Germany,<=50k
28.416546013355255,,193861.61025404235,Hs-grad,12.046376061439515,Married-civ-spouse,Prof-specialty,Not-in-family,White,,0,0,49.64460524201393,United-states,<=50k
85.35654601335526,,301593.7502868078,Some-college,10.096892976760865,Widowed,Prof-specialty,Husband,Black,,0,0,85.9055627989769,Puerto-rico,
78.05654601335526,,375059.6545244235,Assoc-voc,5.8965839594602585,,Adm-clerical,Other-relative,,,0,0,17.301643842458727,Germany,
67.83654601335526,,121720.99489924137,Assoc-voc,8.446669977903365,,Sales,Own-child,,,0,0,39.84228369355202,Philippines,
53.23654601335525,,160041.8069655508,12th,3.3461374700069424,,Farming-fishing,Not-in-family,,,0,0,27.10276109933853,United-states,
36.44654601335526,,188793.22800992194,Some-college,9.046871143579484,,Prof-specialty,Other-relative,,,0,0,10.443157253265381,Columbia,
56.15654601335526,,243726.0353002583,12th,3.196568706631661,,Prof-specialty,Husband,,,0,0,37.88185179114342,Philippines,
78.05654601335526,,309381.0855179408,Some-college,12.94680460691452,,Machine-op-inspct,Husband,,,0,0,92.76460126996041,Nicaragua,
83.16654601335526,,362239.0015916764,Assoc-voc,14.596738123893738,,Machine-op-inspct,,,,0,0,29.062106528282165,South,
47.396546013355255,,301584.5238767396,Some-college,3.6468026310205457,,Craft-repair,,,,0,0,14.362977576255801,United-states,
65.64654601335526,,243737.9376784054,,14.146618148684501,,Protective-serv,,,,0,0,69.24095848798753,Germany,
73.67654601335525,,136170.35658622847,,11.2965901106596,,Farming-fishing,,,,0,0,86.88084388256074,England,
40.826546013355255,,144546.7880835577,,4.546599131822586,,,,,,0,0,79.04003995060921,United-states,
47.396546013355255,,309376.2410005723,,4.546404099464416,,,,,,0,0,53.55900628209114,United-states,
47.396546013355255,,243730.70265346192,,3.346699446439743,,,,,,0,0,98.63955226421356,England,
65.64654601335526,,375074.60221979796,,13.54666375517845,,,,,,0,0,69.23947048664094,United-states,
17.466546013355256,,275499.97584718623,,10.996677836775781,,,,,,0,0,25.139564939737323,United-states,
24.766546013355253,,334697.10830912605,,1.5465951532125473,,,,,,0,0,1.6201021599769592,England,
24.036546013355256,,301612.6790771417,,8.146701779961585,,,,,,0,0,32.98008691430092,United-states,
89.73654601335525,Private,375108.87551534263,Hs-grad,12.046850678324699,Widowed,Sales,Husband,Amer-indian-eskimo,Male,0,0,39.84975249767304,Poland,<=50k
49.58654601335525,Self-emp-inc,57664.404338850436,Hs-grad,10.996436518430711,Married-civ-spouse,Craft-repair,Other-relative,White,Male,0,0,18.28620597958565,United-states,<=50k
78.05654601335526,Private,157645.79614589075,Hs-grad,1.0968865483999253,Widowed,Protective-serv,Wife,White,Male,0,0,66.30775747537612,Puerto-rico,>50k
38.63654601335526,State-gov,375079.3388790208,Hs-grad,13.996655279397963,Widowed,Prof-specialty,Wife,White,Male,0,0,91.78629891395569,Haiti,<=50k
27.686546013355255,State-gov,350938.90002921346,Hs-grad,6.3464174389839165,Separated,Sales,Other-relative,White,Female,0,0,93.74722270846368,India,>50k
39.366546013355254,?,139115.9232268645,Hs-grad,7.096535822749138,Married-civ-spouse,Tech-support,Unmarried,Asian-pac-islander,Male,0,0,5.546593663692475,United-states,<=50k
27.686546013355255,Private,162265.23276863204,Assoc-acdm,10.996890938282013,Married-civ-spouse,Transport-moving,Husband,White,Male,0,0,7.50704530954361,Germany,<=50k
65.64654601335526,Federal-gov,185343.35519928718,Assoc-acdm,13.996749684214592,Married-af-spouse,Prof-specialty,Unmarried,Amer-indian-eskimo,Male,0,0,39.846528708934784,Poland,>50k
17.466546013355256,Federal-gov,301598.82382283,5th-6th,8.896410349011422,Never-married,Machine-op-inspct,Not-in-family,White,,0,0,19.265031127929685,Columbia,<=50k
34.98654601335525,Self-emp-inc,275492.80440321594,11th,11.596414157748221,Widowed,Prof-specialty,Unmarried,[UNK],,0,0,86.88268907666206,United-states,<=50k
45.936546013355255,State-gov,281335.11890227697,12th,3.346744105219841,Never-married,Sales,Wife,Other,,0,0,16.326478824615478,Germany,<=50k
51.046546013355254,Private,218568.24119383233,Prof-school,6.946753439307213,[UNK],Craft-repair,Other-relative,White,,0,0,22.20607309103012,Nicaragua,
77.32654601335526,Federal-gov,275497.86808892956,Some-college,8.896921434998514,Widowed,Prof-specialty,Own-child,Amer-indian-eskimo,,0,0,29.06620597958565,Taiwan,
25.496546013355257,Private,136179.3632386035,Masters,4.696969276666641,Never-married,Prof-specialty,Husband,White,,0,3361.2949910062553,98.64746377706527,Germany,
77.32654601335526,Self-emp-not-inc,258166.78150042807,12th,12.046429839730262,Married-af-spouse,Sales,Unmarried,White,,0,0,30.044728842973708,Taiwan,
29.146546013355255,Federal-gov,154901.5179523378,Hs-grad,11.446457663178444,Separated,?,Wife,,,0,0,1.6235341894626618,Taiwan,
70.75654601335526,Private,275522.32919187006,Assoc-acdm,2.597036528587341,Widowed,Prof-specialty,,,,0,0,68.26338109016419,Taiwan,
49.58654601335525,Federal-gov,232220.8935691942,[UNK],9.046582394838333,Widowed,Exec-managerial,,,,0,0,73.16223077178002,Italy,
50.31654601335526,State-gov,301596.0667329072,Some-college,11.44687330722809,Separated,Farming-fishing,,,,0,0,47.68446417570114,Mexico,
89.73654601335525,?,144545.80212504748,Assoc-acdm,1.0966697186231613,,Craft-repair,,,,0,0,37.88218602776528,Mexico,
34.256546013355255,,162258.06859199927,9th,13.9965901106596,,Prof-specialty,,,,0,0,18.280246789455415,United-states,
66.37654601335527,,141947.17761467345,Hs-grad,6.946541258692742,,Adm-clerical,,,,0,0,1.621317549943924,El-salvador,
89.73654601335525,,179799.19341259878,11th,13.996342587471007,,,,,,0,0,17.298937413692475,United-states,
28.416546013355255,,287253.81233582937,Hs-grad,14.14650510251522,,,,,,0,0,85.90055783629417,England,
45.936546013355255,,193861.60952926608,,4.396236479282379,,,,,,0,0,70.21896808028221,England,
78.78654601335526,,157634.3256153946,,5.596617040038109,,,,,,0,0,91.77958275556566,China,
45.936546013355255,,218561.4532574421,,15.046339458227157,,,,,,0,0,20.238662407398223,Canada,
65.64654601335526,,94535.67616930186,,12.946568608283997,,,,,,0,0,6.519717338085174,Puerto-rico,
18.196546013355256,,212885.39583109124,,1.0964915663003922,,,,,,0,0,81.97887333512307,United-states,
80.24654601335526,,20588.373371357142,,7.696784338355065,,,,,,0,0,67.28049679517746,South,
34.98654601335525,,52851.79680432783,,4.996467319130898,,,,,,0,0,18.279474925994872,Philippines,
28.416546013355255,,174701.93207878794,,7.096604585647584,,,,,,0,0,79.039728962183,Puerto-rico,
39.366545839309694,State-gov,112784.38050301025,Hs-grad,13.696553444862365,Separated,Farming-fishing,Husband,Other,Male,0,0,30.046828248500823,Outlying-us(guam-usvi-etc),<=50k
80.9765458393097,Private,162268.8392163349,11th,1.9966583460569383,Married-civ-spouse,[UNK],Not-in-family,Other,Male,0,0,11.42705120921135,England,
47.396545839309695,Private,129782.01436959048,Assoc-acdm,12.496987962722777,Married-civ-spouse,Protective-serv,,,,0,0,16.322108631134032,United-states,
67.8365458393097,State-gov,362247.7604803878,1st-4th,14.596648010611535,,Protective-serv,,,,0,0,89.82147263526916,Germany,
28.41654583930969,,32436.304557273965,Hs-grad,2.896467015147209,,Handlers-cleaners,,,,0,0,5.541938533782959,Italy,
80.24654583930969,,121728.54098697216,Hs-grad,12.946739134192468,,Sales,,,,0,0,79.04313850283623,?,
26.226545839309694,,210320.44213458788,Assoc-voc,6.946770444512367,,,,,,0,0,22.2005990755558,England,
28.41654583930969,,136166.0083974824,,4.24668924510479,,,,,,0,0,7.5004615724086765,Germany,
