age,workclass,fnlwgt,education,education-num,marital-status,occupation,relationship,race,sex,capital-gain,capital-loss,hours-per-week,native-country,income
53.0,Private,147926.0,Hs-grad,9.0,Never-married,Prof-specialty,Husband,Other,Male,0.0,0.0,40.0,United-states,<=50k
40.0,Private,4058.0,Assoc-voc,7.0,Never-married,Adm-clerical,Husband,White,Male,0.0,0.0,14.0,United-states,<=50k
33.0,Private,146035.0,Some-college,9.0,Married-civ-spouse,Tech-support,Not-in-family,White,Female,0.0,0.0,40.0,United-states,<=50k
61.0,Private,756455.0,11th,13.0,Married-civ-spouse,Sales,Husband,White,Male,0.0,0.0,18.0,Guatemala,<=50k
34.0,Private,381904.0,11th,13.0,Married-civ-spouse,Exec-managerial,Husband,Black,Male,0.0,0.0,50.0,United-states,<=50k
41.0,Private,136839.0,Some-college,12.0,Married-civ-spouse,Adm-clerical,Husband,Black,Male,0.0,0.0,40.0,United-states,<=50k
28.0,Self-emp-not-inc,148898.0,Some-college,0.0,Married-civ-spouse,Exec-managerial,Husband,White,Male,0.0,36701.0,30.0,United-states,<=50k
50.0,Private,497550.0,Some-college,9.0,Never-married,Craft-repair,Husband,White,Male,0.0,0.0,40.0,United-states,<=50k
39.0,Private,241188.0,Hs-grad,9.0,Never-married,Craft-repair,Not-in-family,White,Male,0.0,0.0,20.0,United-states,<=50k
18.0,Private,78948.0,Some-college,9.0,Married-civ-spouse,Exec-managerial,Husband,Black,Male,0.0,0.0,40.0,United-states,<=50k
40.0,Private,97959.0,Hs-grad,9.0,Never-married,Adm-clerical,Not-in-family,White,Male,0.0,0.0,10.0,United-states,<=50k
40.0,Private,181188.0,Some-college,8.0,Divorced,Protective-serv,Not-in-family,White,Female,0.0,282.0,40.0,United-states,<=50k
40.0,Private,145455039.0,Assoc-voc,9.0,Separated,Machine-op-inspct,Not-in-family,Black,Male,404.0,0.0,20.0,United-states,<=50k
40.0,Private,121934.0,Hs-grad,13.0,Married-civ-spouse,Adm-clerical,Not-in-family,White,Female,0.0,0.0,20.0,United-states,<=50k
32.0,Self-emp-not-inc,247327.0,Hs-grad,11.0,Divorced,Handlers-cleaners,Not-in-family,White,Female,0.0,0.0,0.0,United-states,<=50k
34.0,Local-gov,138580.0,Hs-grad,10.0,Never-married,Craft-repair,Own-child,White,Male,0.0,0.0,50.0,United-states,<=50k
43.0,Self-emp-not-inc,147326.0,9th,9.0,Married-civ-spouse,Other-service,Unmarried,White,Female,0.0,0.0,46.0,United-states,>50k
40.0,Federal-gov,138531.0,Bachelors,9.0,Married-civ-spouse,Adm-clerical,Husband,White,Male,0.0,0.0,56.0,United-states,<=50k
58.0,Private,94528.0,Some-college,7.0,Never-married,Machine-op-inspct,Own-child,White,Male,0.0,0.0,40.0,United-states,<=50k
50.0,Private,61396.0,Some-college,10.0,Never-married,Craft-repair,Husband,Black,Male,0.0,0.0,40.0,United-states,<=50k
17.0,Private,56487.0,Some-college,9.0,Never-married,Tech-support,Not-in-family,White,Female,0.0,0.0,40.0,United-states,>50k
20.0,Private,281388.0,Hs-grad,4.0,Married-civ-spouse,Prof-specialty,Husband,White,Male,0.0,0.0,55.0,United-states,>50k
19.0,Federal-gov,1044265.0,Some-college,3.0,Never-married,Craft-repair,Unmarried,White,Male,0.0,0.0,36.0,United-states,>50k
40.0,Private,385450.0,Hs-grad,13.0,Never-married,Adm-clerical,Own-child,Black,Female,0.0,0.0,40.0,United-states,<=50k
46.0,Self-emp-inc,104462.0,Bachelors,13.0,Divorced,Prof-specialty,Unmarried,White,Female,0.0,0.0,18.0,United-states,<=50k
18.0,Private,322724.0,Hs-grad,13.0,Never-married,Sales,Husband,White,Female,0.0,0.0,50.0,United-states,<=50k
40.0,Private,69524.0,Assoc-voc,10.0,Never-married,Sales,Unmarried,White,Male,0.0,0.0,40.0,Nicaragua,<=50k
53.0,Private,30710.0,11th,9.0,Separated,Handlers-cleaners,Husband,White,Male,0.0,332421.0,42.0,United-states,>50k
30.0,Private,92499.0,Hs-grad,6.0,Married-civ-spouse,Sales,Wife,White,Male,0.0,0.0,40.0,United-states,<=50k
45.0,Private,384898.0,Bachelors,13.0,Never-married,Machine-op-inspct,Husband,White,Male,0.0,0.0,17.0,United-states,<=50k
36.0,Private,46762.0,Hs-grad,14.0,Married-civ-spouse,Exec-managerial,Not-in-family,White,Female,0.0,0.0,60.0,United-states,>50k
25.0,Private,1184542.0,Doctorate,8.0,Married-civ-spouse,Protective-serv,Husband,White,Female,58847.0,0.0,16.0,United-states,>50k
53.0,Private,46878.0,Some-college,10.0,Separated,Sales,Not-in-family,White,Male,0.0,0.0,40.0,United-states,<=50k
60.0,Private,201.0,Assoc-acdm,7.0,Separated,Sales,Husband,White,Male,0.0,0.0,40.0,United-states,<=50k
70.0,Private,303685.0,Some-college,13.0,Never-married,Protective-serv,Wife,White,Female,0.0,0.0,53.0,United-states,<=50k
55.0,Private,68831.0,Hs-grad,7.0,Widowed,Transport-moving,Husband,White,Male,0.0,0.0,40.0,United-states,<=50k
23.0,Private,389854.0,Some-college,2.0,Married-civ-spouse,Craft-repair,Own-child,White,Female,0.0,0.0,40.0,United-states,>50k
46.0,Private,252988.0,Some-college,711.0,Divorced,Transport-moving,Not-in-family,White,Male,0.0,0.0,40.0,United-states,<=50k
19.0,Private,254854.0,9th,9.0,Married-civ-spouse,Adm-clerical,Own-child,White,Male,0.0,0.0,40.0,United-states,<=50k
26.0,Federal-gov,353531.0,11th,5.0,Married-civ-spouse,Adm-clerical,Wife,White,Male,73340.0,0.0,10.0,United-states,<=50k
40.0,Private,165902.0,Hs-grad,9.0,Never-married,Exec-managerial,Own-child,White,Male,0.0,0.0,40.0,United-states,<=50k
75.0,Private,1181635.0,Hs-grad,10.0,Married-civ-spouse,Craft-repair,Husband,White,Male,0.0,0.0,36.0,United-states,>50k
41.0,Private,292588.0,Hs-grad,10.0,Married-civ-spouse,Adm-clerical,Unmarried,Black,Female,0.0,0.0,40.0,United-states,<=50k
81.0,Private,1262078.0,Hs-grad,16.0,Never-married,Craft-repair,Husband,White,Male,0.0,0.0,40.0,United-states,<=50k
38.0,Private,145467.0,Bachelors,4.0,Never-married,Adm-clerical,Husband,White,Female,0.0,0.0,40.0,United-states,<=50k
40.0,Private,171924.0,Hs-grad,10.0,Married-civ-spouse,Sales,Husband,Black,Female,2507950.0,0.0,32.0,United-states,<=50k
40.0,Private,1482489.0,Hs-grad,12.0,Married-civ-spouse,Protective-serv,Own-child,White,Male,0.0,0.0,40.0,United-states,<=50k
40.0,Private,1393883.0,Hs-grad,7.0,Married-civ-spouse,Craft-repair,Husband,White,Female,402626.0,0.0,40.0,United-states,<=50k
40.0,Private,205518.0,Some-college,40.0,Never-married,Adm-clerical,Not-in-family,Black,Female,0.0,0.0,50.0,United-states,<=50k
30.0,Private,54224.0,Bachelors,13.0,Divorced,Adm-clerical,Own-child,White,Male,0.0,0.0,46.0,United-states,<=50k
40.0,Private,108549.0,Bachelors,14.0,Never-married,Other-service,Own-child,White,Male,0.0,0.0,26.0,United-states,<=50k
45.0,Private,153627.0,9th,9.0,Never-married,Exec-managerial,Own-child,White,Male,0.0,0.0,42.0,United-states,<=50k
22.0,Private,305421.0,Hs-grad,13.0,Separated,Sales,Own-child,White,Male,0.0,0.0,53.0,United-states,<=50k
35.0,Never-worked,402662.0,Bachelors,12.0,Never-married,Exec-managerial,Husband,White,Male,0.0,0.0,50.0,United-states,>50k
26.0,Private,118476213.0,Assoc-voc,13.0,Married-civ-spouse,Exec-managerial,Husband,White,Female,0.0,0.0,37.0,United-states,<=50k
37.0,Self-emp-not-inc,132413.0,Hs-grad,4.0,Married-civ-spouse,Prof-specialty,Unmarried,White,Male,4073.0,185042.0,40.0,United-states,<=50k
60.0,Private,229844.0,9th,9.0,Married-civ-spouse,Other-service,Not-in-family,White,Female,106078.0,0.0,20.0,Vietnam,<=50k
35.0,Private,253924.0,Prof-school,10.0,Divorced,Adm-clerical,Husband,White,Male,0.0,0.0,17.0,United-states,<=50k
50.0,Self-emp-not-inc,0.0,Some-college,16.0,Married-civ-spouse,Exec-managerial,Not-in-family,White,Male,0.0,0.0,22.0,United-states,<=50k
40.0,Self-emp-not-inc,148898.0,Hs-grad,10.0,Married-civ-spouse,Other-service,Husband,White,Male,0.0,0.0,32.0,United-states,>50k
50.0,Self-emp-inc,1195075.0,Bachelors,14.0,Married-civ-spouse,Other-service,Husband,White,Female,0.0,0.0,46.0,United-states,<=50k
20.0,Private,132635.0,Some-college,16.0,Married-civ-spouse,Prof-specialty,Husband,White,Female,0.0,0.0,40.0,United-states,<=50k
28.0,Private,627.0,Hs-grad,5.0,Divorced,Adm-clerical,Husband,White,Female,0.0,0.0,34.0,United-states,<=50k
28.0,Private,1152599.0,Some-college,16.0,Never-married,Exec-managerial,Unmarried,White,Male,203593.0,0.0,27.0,United-states,<=50k
60.0,Private,405589.0,Some-college,5.0,Married-civ-spouse,Craft-repair,Husband,White,Male,0.0,0.0,40.0,United-states,<=50k
43.0,Private,175453.0,Hs-grad,10.0,Separated,Sales,Unmarried,Black,Female,0.0,0.0,40.0,United-states,<=50k
31.0,Self-emp-not-inc,116614.0,Hs-grad,5.0,Married-civ-spouse,Adm-clerical,Husband,White,Male,0.0,0.0,50.0,United-states,<=50k
18.0,Private,168072.0,Some-college,13.0,Married-civ-spouse,Farming-fishing,Husband,White,Male,0.0,0.0,45.0,Ecuador,<=50k
42.0,Private,45580.0,Hs-grad,9.0,Married-civ-spouse,Exec-managerial,Husband,White,Male,0.0,0.0,40.0,United-states,<=50k
31.0,Private,71339.0,Hs-grad,10.0,Married-civ-spouse,Exec-managerial,Husband,White,Male,0.0,0.0,45.0,United-states,<=50k
40.0,Self-emp-not-inc,1152913.0,Hs-grad,10.0,Widowed,Prof-specialty,Husband,White,Male,0.0,0.0,20.0,United-states,>50k
46.0,Private,454268.0,Masters,9.0,Divorced,Adm-clerical,Husband,White,Male,0.0,0.0,25.0,United-states,<=50k
80.0,Federal-gov,1482239.0,Some-college,12.0,Never-married,Exec-managerial,Not-in-family,White,Female,0.0,0.0,0.0,United-states,>50k
40.0,Private,152687.0,Hs-grad,14.0,Married-civ-spouse,Exec-managerial,Unmarried,White,Male,0.0,0.0,36.0,United-states,<=50k
59.0,Private,1453489.0,Prof-school,13.0,Divorced,Exec-managerial,Husband,White,Male,0.0,0.0,37.0,United-states,<=50k
45.0,Private,89944.0,Some-college,14.0,Married-civ-spouse,Prof-specialty,Husband,White,Male,0.0,0.0,20.0,United-states,<=50k
40.0,Private,137419.0,Assoc-acdm,2.0,Widowed,Exec-managerial,Not-in-family,White,Male,0.0,0.0,46.0,United-states,<=50k
18.0,Private,95424.0,Hs-grad,9.0,Married-spouse-absent,Exec-managerial,Unmarried,White,Female,0.0,0.0,40.0,United-states,<=50k
60.0,Local-gov,139026.0,Hs-grad,14.0,Never-married,Exec-managerial,Not-in-family,White,Female,17526.0,0.0,14.0,United-states,<=50k
40.0,Private,586035.0,Some-college,9.0,Married-civ-spouse,Tech-support,Unmarried,White,Male,0.0,0.0,10.0,United-states,<=50k
45.0,Private,407850.0,Some-college,10.0,Married-civ-spouse,Prof-specialty,Not-in-family,White,Female,0.0,0.0,53.0,Cuba,<=50k
40.0,Private,554465.0,Hs-grad,9.0,Divorced,Sales,Own-child,White,Male,0.0,0.0,40.0,United-states,<=50k
40.0,Private,4797550.0,Assoc-voc,9.0,Never-married,Adm-clerical,Not-in-family,White,Male,0.0,0.0,40.0,Vietnam,<=50k
18.0,Private,20147.0,Hs-grad,10.0,Never-married,Machine-op-inspct,Unmarried,White,Male,0.0,0.0,45.0,United-states,<=50k
17.0,Self-emp-not-inc,131902.0,Assoc-acdm,10.0,Never-married,Exec-managerial,Not-in-family,White,Male,0.0,0.0,25.0,United-states,>50k
65.0,Private,205067.0,Some-college,13.0,Never-married,Sales,Husband,White,Male,0.0,4259.0,50.0,United-states,<=50k
55.0,Local-gov,135511.0,Hs-grad,9.0,Married-civ-spouse,Prof-specialty,Not-in-family,White,Male,0.0,0.0,40.0,United-states,<=50k
40.0,Self-emp-not-inc,397949.0,Some-college,13.0,Married-civ-spouse,Craft-repair,Not-in-family,White,Female,0.0,0.0,24.0,United-states,<=50k
25.0,Private,316865.0,Some-college,12.0,Married-civ-spouse,Adm-clerical,Unmarried,White,Male,0.0,0.0,40.0,United-states,<=50k
50.0,Private,123949.0,Hs-grad,11.0,Married-civ-spouse,Adm-clerical,Not-in-family,White,Female,0.0,0.0,13.0,United-states,<=50k
60.0,Private,0.0,11th,13.0,Married-civ-spouse,Prof-specialty,Husband,White,Male,0.0,0.0,45.0,United-states,>50k
28.0,State-gov,136086.0,Hs-grad,13.0,Never-married,Craft-repair,Own-child,White,Female,0.0,0.0,10.0,United-states,<=50k
35.0,Private,107873.0,9th,0.0,Married-civ-spouse,Transport-moving,Husband,White,Male,0.0,0.0,52.0,United-states,>50k
17.0,Local-gov,0.0,Some-college,0.0,Married-civ-spouse,Adm-clerical,Own-child,White,Female,0.0,0.0,10.0,United-states,<=50k
17.0,Local-gov,406600.0,Hs-grad,10.0,Married-civ-spouse,Prof-specialty,Unmarried,Black,Male,0.0,0.0,25.0,United-states,<=50k
40.0,Private,143339.0,Hs-grad,12.0,Never-married,Handlers-cleaners,Husband,White,Female,0.0,0.0,40.0,United-states,<=50k
41.0,Private,381708.0,Some-college,16.0,Never-married,Craft-repair,Not-in-family,White,Male,0.0,0.0,60.0,United-states,<=50k
40.0,Private,1424.0,Some-college,7.0,Never-married,Exec-managerial,Own-child,Black,Male,0.0,0.0,35.0,United-states,<=50k
33.0,Self-emp-inc,121957.0,Some-college,10.0,Married-civ-spouse,Craft-repair,Husband,White,Male,0.0,0.0,34.0,United-states,<=50k
20.0,Self-emp-not-inc,102382.0,Hs-grad,10.0,Separated,Exec-managerial,Other-relative,White,Female,0.0,0.0,0.0,United-states,<=50k
19.0,Private,141855.0,Hs-grad,9.0,Never-married,Adm-clerical,Own-child,Black,Male,0.0,0.0,0.0,United-states,<=50k
39.0,Private,114765.0,Hs-grad,13.0,Never-married,Sales,Own-child,Black,Male,0.0,36.0,35.0,United-states,<=50k
40.0,Private,121851.0,Some-college,11.0,Divorced,Prof-specialty,Own-child,White,Male,0.0,0.0,50.0,United-states,<=50k
40.0,Private,48728.0,Bachelors,15.0,Never-married,Craft-repair,Not-in-family,White,Male,0.0,0.0,40.0,United-states,<=50k
56.0,Private,28000.0,Hs-grad,10.0,Never-married,Prof-specialty,Not-in-family,White,Male,0.0,0.0,35.0,United-states,<=50k
39.0,Private,54675.0,Hs-grad,10.0,Married-civ-spouse,Craft-repair,Husband,White,Male,2896.0,0.0,20.0,United-states,>50k
57.0,Private,0.0,Hs-grad,9.0,Married-civ-spouse,Craft-repair,Own-child,White,Male,0.0,36.0,40.0,United-states,<=50k
60.0,Private,502248.0,Bachelors,9.0,Divorced,Craft-repair,Not-in-family,White,Female,0.0,0.0,25.0,United-states,<=50k
17.0,Private,101732.0,Some-college,4.0,Married-civ-spouse,Adm-clerical,Unmarried,White,Male,0.0,0.0,45.0,United-states,<=50k
17.0,Self-emp-not-inc,145986.0,Hs-grad,13.0,Never-married,Tech-support,Unmarried,White,Female,0.0,0.0,9.0,United-states,<=50k
43.0,Private,207042.0,Some-college,2.0,Married-civ-spouse,Handlers-cleaners,Own-child,White,Male,0.0,0.0,40.0,United-states,<=50k
30.0,Self-emp-not-inc,1397826.0,Hs-grad,16.0,Divorced,Prof-specialty,Not-in-family,White,Female,0.0,1083.0,40.0,Mexico,<=50k
29.0,Private,482124.0,11th,10.0,Never-married,Prof-specialty,Husband,White,Female,0.0,0.0,25.0,United-states,<=50k
34.0,Private,133578.0,Masters,10.0,Never-married,Adm-clerical,Own-child,White,Male,0.0,0.0,30.0,United-states,<=50k
76.0,Private,303923.0,Hs-grad,8.0,Married-civ-spouse,Craft-repair,Not-in-family,White,Male,0.0,0.0,9.0,United-states,<=50k
70.0,Private,134765.0,Hs-grad,3.0,Married-civ-spouse,Craft-repair,Not-in-family,White,Male,0.0,0.0,40.0,United-states,<=50k
34.0,Private,242645.0,Bachelors,9.0,Married-civ-spouse,Exec-managerial,Husband,White,Male,0.0,0.0,46.0,United-states,<=50k
30.0,Private,82798.0,Hs-grad,9.0,Never-married,Sales,Husband,White,Male,0.0,0.0,40.0,Peru,<=50k
25.0,Local-gov,147026.0,Some-college,13.0,Divorced,Transport-moving,Unmarried,White,Male,0.0,0.0,28.0,United-states,<=50k
40.0,Private,9191918.0,Assoc-voc,9.0,Married-civ-spouse,Sales,Not-in-family,White,Male,0.0,0.0,42.0,United-states,<=50k
44.0,Private,319941.0,Prof-school,15.0,Married-civ-spouse,Other-service,Husband,White,Male,0.0,0.0,10.0,United-states,<=50k
51.0,Private,2142.0,Some-college,13.0,Divorced,Sales,Husband,White,Female,0.0,0.0,36.0,United-states,<=50k
43.0,Self-emp-not-inc,1219.0,7th-8th,6.0,Married-spouse-absent,Transport-moving,Not-in-family,White,Male,0.0,0.0,55.0,United-states,<=50k
49.0,Private,106816.0,Assoc-voc,9.0,Never-married,Exec-managerial,Not-in-family,White,Female,0.0,0.0,46.0,United-states,<=50k
50.0,Private,2085.0,Hs-grad,4.0,Married-civ-spouse,Craft-repair,Unmarried,White,Male,0.0,0.0,40.0,United-states,<=50k
40.0,Private,77579.0,Bachelors,13.0,Divorced,Sales,Husband,White,Male,0.0,0.0,40.0,United-states,<=50k
52.0,Private,1483850.0,Prof-school,7.0,Married-civ-spouse,Sales,Not-in-family,White,Female,0.0,0.0,55.0,United-states,<=50k
34.0,Private,131259.0,Bachelors,15.0,Married-civ-spouse,Handlers-cleaners,Husband,White,Male,0.0,0.0,45.0,France,<=50k
53.0,Private,127319.0,Hs-grad,9.0,Divorced,Transport-moving,Own-child,White,Male,93305.0,0.0,40.0,United-states,<=50k
57.0,Private,391664.0,Hs-grad,13.0,Never-married,Transport-moving,Not-in-family,White,Male,0.0,0.0,40.0,United-states,<=50k
40.0,Private,1488096.0,Some-college,9.0,Married-civ-spouse,Sales,Not-in-family,White,Male,0.0,0.0,40.0,United-states,>50k
58.0,Private,1191172.0,11th,11.0,Married-civ-spouse,Exec-managerial,Not-in-family,White,Female,0.0,0.0,48.0,United-states,<=50k
36.0,Private,45311.0,Masters,10.0,Married-spouse-absent,Protective-serv,Own-child,White,Male,0.0,0.0,40.0,United-states,<=50k
58.0,Private,1133982.0,Hs-grad,8.0,Separated,Sales,Husband,White,Male,0.0,0.0,25.0,United-states,<=50k
38.0,Self-emp-not-inc,383944.0,Hs-grad,4.0,Divorced,Transport-moving,Husband,White,Male,0.0,0.0,50.0,Mexico,<=50k
40.0,Local-gov,913982.0,10th,9.0,Married-civ-spouse,Sales,Own-child,Black,Male,0.0,0.0,45.0,United-states,<=50k
37.0,Private,1155886.0,Hs-grad,10.0,Married-civ-spouse,Craft-repair,Not-in-family,Black,Male,0.0,0.0,18.0,United-states,<=50k
80.0,Private,303311.0,Some-college,3.0,Never-married,Farming-fishing,Husband,White,Male,0.0,0.0,40.0,United-states,<=50k
55.0,Private,90140.0,Hs-grad,15.0,Divorced,Exec-managerial,Husband,White,Male,0.0,0.0,0.0,United-states,<=50k
34.0,Private,454264.0,Some-college,10.0,Divorced,Exec-managerial,Other-relative,White,Male,0.0,0.0,9.0,United-states,>50k
35.0,Self-emp-not-inc,356050.0,Some-college,10.0,Never-married,Sales,Own-child,White,Female,0.0,0.0,35.0,United-states,<=50k
40.0,Private,87856.0,Assoc-voc,9.0,Married-civ-spouse,Prof-specialty,Husband,Asian-pac-islander,Male,0.0,0.0,40.0,United-states,<=50k
47.0,Private,502613.0,Hs-grad,15.0,Never-married,Tech-support,Husband,White,Male,0.0,0.0,25.0,United-states,<=50k
55.0,Private,138501.0,Some-college,9.0,Never-married,Farming-fishing,Husband,White,Female,0.0,0.0,55.0,United-states,<=50k
57.0,Private,464314.0,Preschool,9.0,Never-married,Adm-clerical,Not-in-family,White,Female,0.0,0.0,40.0,United-states,<=50k
40.0,Private,130775.0,10th,9.0,Never-married,Prof-specialty,Not-in-family,White,Male,0.0,0.0,40.0,United-states,<=50k
36.0,Private,38787867.0,Some-college,10.0,Divorced,Craft-repair,Not-in-family,Black,Male,0.0,409857.0,36.0,United-states,<=50k
39.0,Private,1452228.0,Some-college,8.0,Never-married,Sales,Husband,White,Male,40335.0,0.0,40.0,United-states,<=50k
35.0,Private,7336066.0,Hs-grad,10.0,Never-married,Sales,Not-in-family,White,Male,0.0,0.0,40.0,Philippines,<=50k
45.0,Private,116573.0,Hs-grad,10.0,Married-civ-spouse,Other-service,Husband,White,Male,0.0,0.0,23.0,United-states,>50k
27.0,Private,135424.0,Hs-grad,13.0,Never-married,Machine-op-inspct,Husband,White,Female,0.0,0.0,30.0,United-states,<=50k
25.0,Private,9590515.0,Prof-school,14.0,Married-civ-spouse,Craft-repair,Husband,White,Male,0.0,1085.0,40.0,United-states,<=50k
45.0,Private,4414.0,Some-college,10.0,Never-married,Craft-repair,Husband,White,Male,0.0,0.0,25.0,United-states,<=50k
29.0,Never-worked,404824.0,Hs-grad,9.0,Never-married,Protective-serv,Own-child,White,Female,0.0,0.0,40.0,United-states,>50k
37.0,Federal-gov,39385.0,Bachelors,12.0,Married-civ-spouse,Tech-support,Husband,White,Female,1740.0,0.0,40.0,United-states,>50k
40.0,Private,145275.0,Hs-grad,9.0,Widowed,Craft-repair,Husband,Black,Male,0.0,0.0,58.0,United-states,<=50k
36.0,Private,181813.0,Bachelors,10.0,Married-civ-spouse,Adm-clerical,Unmarried,Black,Male,0.0,0.0,50.0,United-states,<=50k
60.0,Local-gov,135950.0,Some-college,10.0,Divorced,Transport-moving,Own-child,Black,Male,1405.0,0.0,40.0,Canada,<=50k
18.0,Private,74464.0,Bachelors,13.0,Never-married,Machine-op-inspct,Not-in-family,White,Female,0.0,0.0,40.0,United-states,>50k
40.0,Private,86839.0,11th,9.0,Married-civ-spouse,Other-service,Unmarried,White,Female,0.0,0.0,65.0,United-states,<=50k
40.0,Private,208560.0,Some-college,15.0,Never-married,Tech-support,Husband,White,Female,0.0,0.0,40.0,United-states,<=50k
30.0,Private,111930.0,Bachelors,9.0,Married-civ-spouse,Machine-op-inspct,Husband,White,Female,0.0,0.0,46.0,United-states,>50k
60.0,Private,55819.0,Some-college,9.0,Married-civ-spouse,Craft-repair,Wife,White,Female,0.0,0.0,40.0,United-states,<=50k
61.0,Private,231268.0,Hs-grad,13.0,Never-married,Adm-clerical,Not-in-family,White,Male,0.0,0.0,40.0,United-states,<=50k
49.0,Private,14228846.0,Bachelors,5.0,Divorced,Sales,Husband,White,Male,0.0,0.0,56.0,United-states,<=50k
42.0,Self-emp-not-inc,169550.0,11th,10.0,Married-civ-spouse,Machine-op-inspct,Husband,White,Male,0.0,0.0,27.0,United-states,<=50k
45.0,Federal-gov,316811.0,11th,10.0,Married-civ-spouse,Sales,Own-child,White,Male,0.0,0.0,75.0,Mexico,<=50k
36.0,Private,1305976.0,Bachelors,7.0,Never-married,Prof-specialty,Own-child,White,Female,0.0,0.0,16.0,United-states,<=50k
29.0,Private,0.0,Some-college,9.0,Married-civ-spouse,Adm-clerical,Not-in-family,Black,Male,0.0,0.0,13.0,United-states,<=50k
35.0,Private,60311.0,Hs-grad,12.0,Married-civ-spouse,Craft-repair,Husband,White,Male,0.0,0.0,55.0,United-states,<=50k
36.0,Private,1452919.0,Hs-grad,15.0,Never-married,Adm-clerical,Husband,Asian-pac-islander,Male,0.0,0.0,40.0,United-states,<=50k
40.0,Private,135024.0,Hs-grad,9.0,Divorced,Handlers-cleaners,Husband,White,Male,40.0,0.0,20.0,Canada,<=50k
19.0,Self-emp-not-inc,257316.0,5th-6th,9.0,Never-married,Farming-fishing,Husband,White,Male,0.0,0.0,3.0,Philippines,<=50k
60.0,Private,3306.0,Prof-school,10.0,Never-married,Other-service,Husband,White,Male,0.0,0.0,40.0,United-states,<=50k
45.0,Private,743997.0,Bachelors,9.0,Never-married,Handlers-cleaners,Husband,White,Male,0.0,0.0,17.0,United-states,<=50k
20.0,Private,62613.0,Some-college,15.0,Never-married,Adm-clerical,Husband,White,Male,0.0,0.0,40.0,United-states,<=50k
27.0,Private,1088000.0,Hs-grad,9.0,Married-civ-spouse,Exec-managerial,Husband,White,Male,0.0,0.0,52.0,United-states,<=50k
23.0,Local-gov,102648.0,Hs-grad,10.0,Never-married,Machine-op-inspct,Own-child,White,Male,0.0,0.0,40.0,United-states,<=50k
40.0,Self-emp-not-inc,131224.0,Masters,10.0,Never-married,Exec-managerial,Husband,White,Male,38.0,0.0,20.0,United-states,<=50k
38.0,Private,175075.0,Hs-grad,9.0,Never-married,Exec-managerial,Own-child,White,Male,1819.0,0.0,40.0,United-states,<=50k
55.0,Private,947.0,Assoc-acdm,13.0,Married-civ-spouse,Machine-op-inspct,Own-child,White,Female,0.0,0.0,11.0,United-states,<=50k
19.0,Private,185428.0,Assoc-acdm,2.0,Never-married,Exec-managerial,Own-child,White,Male,0.0,0.0,45.0,United-states,<=50k
81.0,Private,139121513.0,Hs-grad,13.0,Separated,Sales,Husband,White,Male,0.0,0.0,45.0,United-states,<=50k
18.0,Federal-gov,276972.0,Some-college,5.0,Never-married,Transport-moving,Husband,White,Male,0.0,0.0,40.0,United-states,<=50k
57.0,Self-emp-not-inc,95598.0,Bachelors,10.0,Married-civ-spouse,Farming-fishing,Other-relative,Black,Female,0.0,0.0,60.0,United-states,<=50k
41.0,Private,272695.0,Hs-grad,14.0,Married-civ-spouse,Tech-support,Not-in-family,White,Female,0.0,0.0,40.0,United-states,<=50k
35.0,Private,1105622.0,Masters,13.0,Married-civ-spouse,Prof-specialty,Husband,White,Female,0.0,2240.0,36.0,United-states,<=50k
44.0,Private,1169950.0,Hs-grad,7.0,Married-civ-spouse,Machine-op-inspct,Other-relative,White,Male,0.0,0.0,40.0,United-states,<=50k
50.0,Local-gov,498821.0,Some-college,10.0,Married-civ-spouse,Other-service,Not-in-family,White,Male,0.0,0.0,40.0,United-states,>50k
50.0,Private,105875.0,Hs-grad,11.0,Married-civ-spouse,Adm-clerical,Not-in-family,White,Male,0.0,0.0,29.0,United-states,<=50k
41.0,Private,1454700.0,Some-college,10.0,Divorced,Exec-managerial,Other-relative,White,Male,0.0,0.0,9.0,United-states,<=50k
40.0,Self-emp-not-inc,104485.0,Bachelors,10.0,Married-civ-spouse,Prof-specialty,Own-child,White,Male,0.0,0.0,40.0,United-states,<=50k
20.0,Private,88854.0,Hs-grad,9.0,Divorced,Sales,Unmarried,White,Male,0.0,0.0,26.0,United-states,<=50k
41.0,State-gov,145526.0,Hs-grad,9.0,Divorced,Other-service,Own-child,White,Male,0.0,0.0,9.0,United-states,<=50k
18.0,Private,409860.0,9th,12.0,Widowed,Craft-repair,Not-in-family,White,Male,0.0,924.0,40.0,United-states,<=50k
45.0,Private,134944.0,Hs-grad,6.0,Married-civ-spouse,Transport-moving,Husband,Black,Male,0.0,0.0,50.0,United-states,<=50k
32.0,Private,86989.0,Bachelors,10.0,Married-civ-spouse,Prof-specialty,Unmarried,White,Female,0.0,0.0,50.0,Peru,<=50k
36.0,Private,1158136.0,Some-college,13.0,Divorced,Machine-op-inspct,Not-in-family,White,Female,0.0,0.0,27.0,United-states,<=50k
23.0,Self-emp-inc,177550.0,Assoc-voc,6.0,Married-civ-spouse,Tech-support,Not-in-family,White,Male,0.0,0.0,40.0,United-states,<=50k
45.0,Private,53570.0,Some-college,9.0,Widowed,Craft-repair,Unmarried,White,Male,0.0,0.0,40.0,United-states,>50k
29.0,Private,11838028.0,Some-college,9.0,Never-married,Transport-moving,Not-in-family,White,Male,0.0,0.0,40.0,United-states,<=50k
53.0,Private,91919.0,Some-college,11.0,Married-civ-spouse,Exec-managerial,Husband,Black,Male,0.0,3221.0,40.0,United-states,<=50k
18.0,Private,1198444.0,Masters,10.0,Divorced,Exec-managerial,Not-in-family,White,Male,0.0,396629.0,60.0,United-states,<=50k
35.0,Local-gov,148225075.0,Hs-grad,7.0,Never-married,Prof-specialty,Own-child,White,Female,0.0,0.0,33.0,United-states,<=50k
48.0,Private,113633.0,Hs-grad,4.0,Never-married,Other-service,Not-in-family,White,Male,0.0,0.0,53.0,United-states,>50k
50.0,Federal-gov,131944.0,Hs-grad,3.0,Never-married,Sales,Unmarried,White,Male,0.0,0.0,36.0,United-states,<=50k
29.0,Private,55419.0,Hs-grad,15.0,Married-civ-spouse,Exec-managerial,Not-in-family,White,Male,0.0,0.0,45.0,United-states,<=50k
58.0,State-gov,61902.0,Hs-grad,11.0,Separated,Other-service,Husband,White,Male,0.0,0.0,65.0,Vietnam,<=50k
40.0,Private,47974.0,Masters,13.0,Married-civ-spouse,Protective-serv,Other-relative,White,Female,25085.0,0.0,40.0,United-states,<=50k
17.0,Local-gov,235650.0,Hs-grad,9.0,Married-spouse-absent,Exec-managerial,Not-in-family,White,Male,0.0,0.0,40.0,United-states,<=50k
40.0,Private,64411.0,Bachelors,9.0,Never-married,Transport-moving,Unmarried,White,Male,0.0,0.0,25.0,United-states,<=50k
70.0,Private,352565.0,Masters,13.0,Never-married,Machine-op-inspct,Husband,White,Male,0.0,0.0,40.0,United-states,<=50k
19.0,Private,121948.0,Hs-grad,11.0,Divorced,Exec-managerial,Not-in-family,White,Male,0.0,0.0,4035.0,United-states,<=50k
60.0,Private,1194950.0,Hs-grad,10.0,Married-civ-spouse,Other-service,Own-child,White,Female,0.0,0.0,10.0,United-states,<=50k
40.0,Local-gov,922891.0,Hs-grad,15.0,Married-civ-spouse,Craft-repair,Not-in-family,Black,Male,0.0,0.0,31.0,United-states,<=50k
34.0,Private,275.0,Some-college,10.0,Never-married,Machine-op-inspct,Other-relative,White,Male,0.0,0.0,52.0,United-states,<=50k
24.0,Private,18736041.0,Assoc-voc,13.0,Married-civ-spouse,Other-service,Own-child,White,Male,2301.0,0.0,25.0,United-states,<=50k
45.0,State-gov,31004.0,Some-college,10.0,Never-married,Machine-op-inspct,Husband,White,Male,0.0,0.0,35.0,United-states,<=50k
35.0,Private,1847.0,Some-college,43.0,Never-married,Adm-clerical,Not-in-family,White,Male,0.0,0.0,23.0,United-states,<=50k
23.0,Private,484898.0,11th,9.0,Married-civ-spouse,Transport-moving,Own-child,White,Male,0.0,0.0,40.0,United-states,<=50k
35.0,Private,9369838.0,Masters,9.0,Never-married,Exec-managerial,Husband,White,Male,0.0,0.0,24.0,United-states,<=50k
40.0,Private,988240.0,Bachelors,9.0,Married-civ-spouse,Machine-op-inspct,Husband,White,Male,0.0,0.0,29.0,United-states,<=50k
40.0,Private,1183578.0,Bachelors,11.0,Married-civ-spouse,Sales,Not-in-family,White,Female,0.0,0.0,40.0,United-states,<=50k
39.0,Private,0.0,Bachelors,10.0,Divorced,Machine-op-inspct,Husband,White,Male,0.0,0.0,30.0,United-states,<=50k
27.0,Private,103612.0,10th,9.0,Married-civ-spouse,Protective-serv,Husband,White,Female,0.0,353024.0,50.0,United-states,>50k
25.0,Private,188513.0,Hs-grad,10.0,Married-civ-spouse,Exec-managerial,Husband,White,Female,0.0,0.0,34.0,United-states,<=50k
81.0,Private,1487562.0,Hs-grad,11.0,Widowed,Prof-specialty,Not-in-family,White,Male,0.0,0.0,35.0,United-states,<=50k
17.0,Private,879505.0,Hs-grad,9.0,Divorced,Other-service,Husband,White,Male,0.0,0.0,40.0,United-states,<=50k
20.0,Self-emp-not-inc,17139580.0,11th,7.0,Married-civ-spouse,Prof-specialty,Not-in-family,White,Male,0.0,0.0,50.0,United-states,<=50k
49.0,Private,552488.0,Hs-grad,7.0,Never-married,Craft-repair,Husband,White,Male,1079.0,0.0,40.0,United-states,<=50k
40.0,Federal-gov,67965.0,Assoc-acdm,14.0,Divorced,Exec-managerial,Husband,White,Male,0.0,0.0,45.0,United-states,>50k
34.0,Private,402441.0,Prof-school,7.0,Never-married,Exec-managerial,Husband,White,Female,0.0,0.0,40.0,United-states,<=50k
20.0,Private,104912.0,Hs-grad,9.0,Never-married,Sales,Husband,Asian-pac-islander,Male,0.0,0.0,35.0,Peru,<=50k
50.0,Federal-gov,0.0,Some-college,13.0,Never-married,Handlers-cleaners,Own-child,White,Male,0.0,0.0,60.0,United-states,<=50k
57.0,Private,756273.0,Assoc-voc,14.0,Married-civ-spouse,Craft-repair,Unmarried,White,Male,0.0,0.0,19.0,United-states,>50k
60.0,Local-gov,76562.0,Hs-grad,9.0,Married-civ-spouse,Craft-repair,Own-child,White,Female,0.0,1295.0,50.0,United-states,>50k
17.0,Private,86442.0,Some-college,10.0,Married-civ-spouse,Machine-op-inspct,Not-in-family,White,Male,0.0,0.0,40.0,United-states,<=50k
30.0,Private,162485.0,Some-college,16.0,Married-civ-spouse,Craft-repair,Husband,White,Male,0.0,0.0,40.0,United-states,>50k
76.0,Private,86847.0,Some-college,7.0,Married-civ-spouse,Craft-repair,Own-child,White,Male,1802.0,0.0,20.0,United-states,<=50k
18.0,Private,104535.0,Hs-grad,10.0,Married-civ-spouse,Farming-fishing,Not-in-family,White,Male,0.0,404215.0,52.0,United-states,<=50k
28.0,Private,71955.0,9th,13.0,Married-civ-spouse,Craft-repair,Husband,White,Male,0.0,0.0,40.0,United-states,<=50k
25.0,Private,40275.0,Some-college,13.0,Married-civ-spouse,Prof-specialty,Husband,Black,Male,0.0,0.0,28.0,United-states,<=50k
36.0,Private,1453534.0,Some-college,10.0,Never-married,Other-service,Not-in-family,White,Female,27835.0,0.0,52.0,United-states,<=50k
45.0,Private,110178.0,Hs-grad,13.0,Married-civ-spouse,Transport-moving,Not-in-family,White,Female,0.0,0.0,33.0,United-states,>50k
39.0,Private,46978.0,Hs-grad,11.0,Married-civ-spouse,Tech-support,Own-child,White,Male,0.0,0.0,19.0,United-states,>50k
40.0,Private,131325.0,Some-college,10.0,Married-civ-spouse,Transport-moving,Not-in-family,White,Male,0.0,0.0,40.0,United-states,<=50k
25.0,Private,99550.0,Some-college,6.0,Divorced,Craft-repair,Husband,White,Male,0.0,0.0,40.0,United-states,<=50k
49.0,Self-emp-not-inc,13458098.0,Hs-grad,32.0,Married-civ-spouse,Machine-op-inspct,Husband,White,Male,0.0,0.0,40.0,United-states,>50k
45.0,Self-emp-not-inc,404480.0,Hs-grad,16.0,Married-civ-spouse,Other-service,Own-child,White,Male,0.0,0.0,40.0,United-states,<=50k
49.0,Private,27873.0,Bachelors,13.0,Married-civ-spouse,Adm-clerical,Own-child,White,Female,0.0,0.0,50.0,United-states,<=50k
40.0,Self-emp-inc,766962.0,Doctorate,11.0,Married-civ-spouse,Prof-specialty,Unmarried,White,Female,0.0,0.0,40.0,United-states,<=50k
40.0,Local-gov,0.0,Masters,9.0,Never-married,Prof-specialty,Wife,Black,Female,0.0,0.0,40.0,United-states,<=50k
42.0,Private,1265897.0,Hs-grad,9.0,Divorced,Exec-managerial,Not-in-family,Black,Male,0.0,1588.0,40.0,United-states,>50k
50.0,Private,754244.0,11th,2.0,Never-married,Exec-managerial,Husband,White,Male,0.0,3531.0,32.0,United-states,<=50k
40.0,Private,314513.0,Prof-school,13.0,Married-civ-spouse,Other-service,Husband,White,Female,25029.0,3598.0,30.0,United-states,<=50k
60.0,Self-emp-not-inc,105988.0,Some-college,12.0,Never-married,Adm-clerical,Unmarried,White,Male,0.0,391801.0,10.0,United-states,<=50k
35.0,Private,203974.0,Hs-grad,13.0,Never-married,Craft-repair,Husband,White,Male,0.0,0.0,0.0,United-states,>50k
50.0,Private,77522.0,Bachelors,9.0,Never-married,Adm-clerical,Husband,White,Male,0.0,0.0,26.0,Mexico,<=50k
33.0,Private,139580.0,Masters,13.0,Never-married,Machine-op-inspct,Husband,White,Male,0.0,0.0,45.0,United-states,<=50k
28.0,Private,396834.0,Hs-grad,11.0,Divorced,Adm-clerical,Own-child,White,Male,0.0,0.0,18.0,United-states,<=50k
18.0,Private,66489.0,10th,9.0,Married-civ-spouse,Sales,Husband,White,Male,0.0,0.0,9.0,United-states,>50k
55.0,Self-emp-inc,405427.0,Some-college,10.0,Divorced,Exec-managerial,Husband,White,Male,0.0,275.0,40.0,United-states,<=50k
34.0,Self-emp-not-inc,923223.0,Some-college,10.0,Never-married,Prof-specialty,Own-child,White,Female,0.0,0.0,40.0,United-states,>50k
26.0,Private,253323.0,Bachelors,5.0,Married-civ-spouse,Sales,Unmarried,White,Male,0.0,0.0,20.0,United-states,>50k
58.0,Private,1216892.0,Some-college,10.0,Never-married,Machine-op-inspct,Own-child,White,Female,0.0,0.0,13.0,United-states,<=50k
38.0,Private,140873.0,Bachelors,4.0,Separated,Other-service,Husband,White,Male,0.0,0.0,58.0,United-states,<=50k
39.0,Never-worked,253401.0,Hs-grad,7.0,Married-civ-spouse,Other-service,Not-in-family,White,Male,0.0,0.0,40.0,United-states,<=50k
28.0,Private,134486.0,Hs-grad,9.0,Married-civ-spouse,Other-service,Not-in-family,White,Male,0.0,0.0,40.0,United-states,<=50k
48.0,Private,50544.0,Hs-grad,9.0,Married-spouse-absent,Prof-specialty,Wife,White,Male,0.0,0.0,40.0,United-states,<=50k
57.0,Private,0.0,Hs-grad,9.0,Married-civ-spouse,Craft-repair,Husband,White,Male,0.0,0.0,40.0,United-states,<=50k
33.0,Private,133513.0,Bachelors,7.0,Divorced,Prof-specialty,Not-in-family,White,Female,0.0,0.0,28.0,United-states,<=50k
26.0,Local-gov,10136.0,Some-college,3.0,Never-married,Machine-op-inspct,Own-child,White,Male,0.0,0.0,53.0,United-states,>50k
25.0,Self-emp-not-inc,86988.0,Hs-grad,10.0,Married-civ-spouse,Protective-serv,Own-child,White,Male,45680.0,0.0,36.0,United-states,<=50k
39.0,Private,1470.0,Some-college,9.0,Never-married,Craft-repair,Own-child,White,Male,0.0,0.0,20.0,United-states,>50k
45.0,Private,146079.0,Bachelors,9.0,Never-married,Exec-managerial,Own-child,White,Male,0.0,0.0,40.0,United-states,<=50k
40.0,Private,103851.0,Hs-grad,0.0,Never-married,Protective-serv,Husband,White,Male,0.0,0.0,40.0,Philippines,<=50k
40.0,Local-gov,356849.0,Hs-grad,13.0,Never-married,Transport-moving,Wife,White,Female,2506.0,0.0,9.0,United-states,>50k
52.0,Federal-gov,136059.0,Some-college,10.0,Divorced,Sales,Not-in-family,White,Male,0.0,0.0,40.0,United-states,<=50k
28.0,Private,1302773.0,Bachelors,10.0,Never-married,Prof-specialty,Unmarried,White,Male,0.0,0.0,40.0,United-states,<=50k
37.0,Private,493413.0,Hs-grad,8.0,Never-married,Sales,Husband,White,Male,0.0,0.0,40.0,United-states,<=50k
22.0,Private,1482474.0,Hs-grad,13.0,Married-civ-spouse,Adm-clerical,Husband,White,Male,0.0,0.0,3.0,United-states,<=50k
19.0,Private,384862.0,Hs-grad,13.0,Married-civ-spouse,Exec-managerial,Unmarried,White,Female,0.0,0.0,40.0,United-states,>50k
75.0,Private,92781.0,Hs-grad,9.0,Married-civ-spouse,Protective-serv,Husband,White,Male,0.0,0.0,40.0,United-states,<=50k
43.0,Private,295026.0,11th,10.0,Divorced,Prof-specialty,Own-child,White,Male,0.0,2562.0,35.0,United-states,>50k
40.0,Private,1197867.0,Masters,10.0,Divorced,Handlers-cleaners,Own-child,Black,Male,0.0,0.0,26.0,United-states,<=50k
50.0,Private,132656.0,Hs-grad,5.0,Never-married,Adm-clerical,Husband,Black,Male,0.0,264.0,27.0,United-states,<=50k
55.0,Private,285988.0,Some-college,4.0,Never-married,Adm-clerical,Own-child,White,Male,0.0,0.0,40.0,United-states,<=50k
48.0,Private,13018316.0,Some-college,13.0,Divorced,Other-service,Other-relative,White,Male,238621.0,0.0,55.0,United-states,<=50k
40.0,Private,233924.0,Bachelors,10.0,Never-married,Exec-managerial,Not-in-family,White,Male,0.0,0.0,40.0,United-states,<=50k
50.0,Private,756279.0,Hs-grad,13.0,Married-civ-spouse,Exec-managerial,Husband,White,Male,0.0,0.0,40.0,United-states,<=50k
20.0,Private,132660.0,Hs-grad,10.0,Married-civ-spouse,Adm-clerical,Not-in-family,White,Male,1790.0,0.0,45.0,United-states,>50k
44.0,Private,359824.0,Some-college,4.0,Married-civ-spouse,Prof-specialty,Not-in-family,White,Male,0.0,0.0,18.0,United-states,<=50k
38.0,Self-emp-not-inc,1041003.0,Bachelors,10.0,Divorced,Adm-clerical,Not-in-family,White,Female,19.0,0.0,25.0,United-states,>50k
36.0,Private,504.0,Doctorate,13.0,Never-married,Other-service,Husband,White,Female,0.0,207092.0,9.0,United-states,<=50k
19.0,Private,201.0,Some-college,16.0,Never-married,Tech-support,Husband,White,Male,0.0,0.0,93.0,United-states,<=50k
42.0,Private,404593.0,Some-college,9.0,Never-married,Protective-serv,Not-in-family,White,Male,0.0,0.0,10.0,United-states,<=50k
18.0,Self-emp-inc,1391859.0,Some-college,13.0,Divorced,Exec-managerial,Own-child,Black,Male,973.0,0.0,40.0,United-states,<=50k
42.0,Private,145227.0,9th,9.0,Never-married,Prof-specialty,Own-child,White,Male,0.0,0.0,25.0,United-states,<=50k
81.0,Private,136879.0,Masters,9.0,Divorced,Craft-repair,Husband,White,Female,0.0,0.0,40.0,United-states,<=50k
25.0,Private,113378.0,Bachelors,9.0,Married-civ-spouse,Tech-support,Not-in-family,White,Male,0.0,0.0,20.0,Mexico,<=50k
56.0,Private,132815.0,Hs-grad,13.0,Never-married,Exec-managerial,Husband,White,Male,0.0,0.0,65.0,United-states,<=50k
25.0,Private,124468.0,Hs-grad,9.0,Married-civ-spouse,Other-service,Own-child,White,Male,4042.0,0.0,52.0,United-states,<=50k
41.0,Private,91412.0,Some-college,10.0,Married-civ-spouse,Sales,Unmarried,White,Female,0.0,0.0,40.0,United-states,<=50k
60.0,Private,136073.0,Hs-grad,9.0,Never-married,Sales,Wife,White,Male,0.0,0.0,55.0,United-states,<=50k
50.0,Private,24961.0,Hs-grad,10.0,Married-civ-spouse,Adm-clerical,Husband,White,Male,0.0,0.0,13.0,United-states,<=50k
42.0,Private,3115.0,Hs-grad,10.0,Married-civ-spouse,Prof-specialty,Not-in-family,White,Male,40988.0,0.0,43.0,United-states,<=50k
23.0,Private,148580.0,Hs-grad,14.0,Married-civ-spouse,Craft-repair,Husband,White,Male,0.0,0.0,40.0,United-states,<=50k
48.0,Private,137324.0,Masters,10.0,Married-civ-spouse,Craft-repair,Husband,White,Male,0.0,0.0,0.0,United-states,>50k
60.0,Private,1391859.0,Hs-grad,0.0,Separated,Tech-support,Unmarried,White,Male,0.0,0.0,37.0,United-states,<=50k
20.0,Private,79519.0,Hs-grad,13.0,Never-married,Sales,Husband,White,Male,0.0,4002.0,55.0,United-states,<=50k
25.0,State-gov,890.0,Hs-grad,11.0,Never-married,Prof-specialty,Own-child,White,Male,0.0,0.0,34.0,United-states,<=50k
48.0,Private,767000.0,Hs-grad,0.0,Married-civ-spouse,Exec-managerial,Own-child,White,Female,0.0,1719.0,40.0,United-states,<=50k
31.0,Private,30544.0,Some-college,7.0,Never-married,Craft-repair,Not-in-family,White,Male,0.0,0.0,32.0,United-states,<=50k
33.0,Private,35422016.0,Some-college,4.0,Never-married,Adm-clerical,Wife,Black,Male,0.0,0.0,40.0,United-states,<=50k
40.0,Private,135099.0,Masters,10.0,Never-married,Sales,Husband,White,Male,0.0,0.0,13.0,United-states,<=50k
40.0,Private,74883.0,Hs-grad,9.0,Separated,Craft-repair,Husband,White,Male,0.0,0.0,40.0,United-states,<=50k
52.0,Private,128548.0,Hs-grad,9.0,Married-civ-spouse,Adm-clerical,Husband,Black,Male,175.0,0.0,45.0,United-states,<=50k
61.0,Private,386623.0,Masters,9.0,Married-civ-spouse,Prof-specialty,Husband,White,Female,0.0,0.0,9.0,United-states,<=50k
76.0,Private,273600.0,Hs-grad,14.0,Never-married,Sales,Husband,White,Female,0.0,0.0,35.0,United-states,<=50k
49.0,Federal-gov,89988.0,Bachelors,9.0,Married-civ-spouse,Machine-op-inspct,Not-in-family,White,Male,0.0,0.0,18.0,United-states,>50k
45.0,Private,136544.0,Hs-grad,13.0,Married-spouse-absent,Craft-repair,Own-child,White,Male,0.0,0.0,40.0,United-states,<=50k
32.0,Private,142218.0,Some-college,1.0,Married-civ-spouse,Adm-clerical,Own-child,White,Male,0.0,0.0,46.0,United-states,<=50k
40.0,Private,74637.0,Masters,10.0,Never-married,Sales,Own-child,Black,Female,0.0,0.0,40.0,United-states,<=50k
40.0,Local-gov,145445.0,Hs-grad,4.0,Married-civ-spouse,Craft-repair,Own-child,Black,Male,0.0,0.0,56.0,United-states,<=50k
51.0,Self-emp-not-inc,10395400.0,Hs-grad,10.0,Divorced,Sales,Not-in-family,White,Male,0.0,0.0,40.0,United-states,<=50k
45.0,Private,1153195.0,Hs-grad,10.0,Married-civ-spouse,Sales,Husband,White,Male,0.0,0.0,34.0,United-states,<=50k
40.0,Local-gov,319944.0,Hs-grad,6.0,Married-civ-spouse,Exec-managerial,Husband,White,Female,0.0,0.0,50.0,United-states,<=50k
19.0,Private,8448639.0,Bachelors,3.0,Married-civ-spouse,Craft-repair,Husband,White,Female,0.0,0.0,45.0,United-states,<=50k
43.0,Private,51189.0,Hs-grad,10.0,Married-civ-spouse,Other-service,Unmarried,Black,Male,0.0,0.0,50.0,United-states,<=50k
25.0,Private,391859.0,Masters,9.0,Divorced,Craft-repair,Not-in-family,White,Male,0.0,0.0,46.0,United-states,<=50k
44.0,Private,249516.0,Hs-grad,7.0,Married-civ-spouse,Adm-clerical,Not-in-family,White,Male,0.0,0.0,40.0,United-states,<=50k
50.0,Private,267319.0,Assoc-voc,10.0,Never-married,Prof-specialty,Husband,Black,Male,0.0,0.0,35.0,United-states,<=50k
23.0,Never-worked,6790579.0,Bachelors,9.0,Married-civ-spouse,Handlers-cleaners,Husband,White,Male,0.0,0.0,40.0,United-states,<=50k
30.0,Private,403685.0,Hs-grad,14.0,Divorced,Exec-managerial,Own-child,White,Male,0.0,0.0,35.0,Greece,<=50k
18.0,Private,667892.0,Hs-grad,10.0,Married-civ-spouse,Adm-clerical,Husband,White,Male,0.0,0.0,40.0,United-states,>50k
40.0,Private,131288.0,Hs-grad,7.0,Divorced,Machine-op-inspct,Not-in-family,Other,Male,0.0,0.0,40.0,United-states,<=50k
75.0,Private,178859.0,11th,10.0,Divorced,Handlers-cleaners,Husband,White,Female,0.0,0.0,40.0,United-states,<=50k
50.0,Private,231821.0,Some-college,9.0,Never-married,Exec-managerial,Husband,White,Male,0.0,0.0,13.0,United-states,<=50k
40.0,State-gov,1273350.0,Hs-grad,11.0,Never-married,Machine-op-inspct,Husband,White,Male,0.0,0.0,40.0,United-states,<=50k
22.0,Private,145195054.0,Hs-grad,14.0,Divorced,Adm-clerical,Husband,White,Male,0.0,0.0,41.0,United-states,<=50k
35.0,Private,89950.0,Bachelors,7.0,Married-civ-spouse,Sales,Not-in-family,White,Male,0.0,0.0,40.0,United-states,>50k
20.0,Private,137318.0,Some-college,10.0,Married-civ-spouse,Adm-clerical,Husband,Black,Male,0.0,0.0,58.0,United-states,<=50k
35.0,Local-gov,58893.0,Hs-grad,7.0,Married-civ-spouse,Adm-clerical,Not-in-family,White,Male,0.0,0.0,16.0,United-states,<=50k
45.0,Private,281955.0,Masters,7.0,Divorced,Craft-repair,Not-in-family,White,Male,0.0,0.0,50.0,United-states,<=50k
55.0,Private,147211.0,Hs-grad,9.0,Divorced,Adm-clerical,Own-child,Amer-indian-eskimo,Male,0.0,0.0,41.0,United-states,>50k
53.0,Private,295045.0,Hs-grad,9.0,Never-married,Machine-op-inspct,Wife,Black,Male,1156511.0,0.0,40.0,United-states,<=50k
36.0,Private,287436.0,Assoc-voc,10.0,Never-married,Craft-repair,Own-child,Black,Male,0.0,0.0,33.0,United-states,<=50k
52.0,Never-worked,1193613.0,Hs-grad,16.0,Married-civ-spouse,Prof-specialty,Husband,White,Male,0.0,0.0,5.0,United-states,<=50k
19.0,Private,1271922.0,Hs-grad,14.0,Married-civ-spouse,Prof-specialty,Husband,White,Male,4078.0,0.0,40.0,United-states,<=50k
22.0,Private,381348.0,Some-college,13.0,Married-civ-spouse,Craft-repair,Own-child,White,Male,0.0,0.0,40.0,United-states,<=50k
56.0,Never-worked,208841.0,Hs-grad,10.0,Separated,Sales,Husband,White,Female,0.0,0.0,27.0,United-states,>50k
27.0,Private,1482285.0,Bachelors,14.0,Married-civ-spouse,Tech-support,Own-child,Amer-indian-eskimo,Female,0.0,0.0,10.0,United-states,<=50k
58.0,Private,0.0,Bachelors,9.0,Never-married,Exec-managerial,Husband,White,Female,0.0,0.0,40.0,United-states,<=50k
40.0,Private,71385.0,Hs-grad,9.0,Married-civ-spouse,Craft-repair,Not-in-family,White,Male,0.0,0.0,40.0,United-states,<=50k
32.0,Private,103490.0,Some-college,6.0,Never-married,Craft-repair,Not-in-family,White,Male,0.0,0.0,40.0,United-states,<=50k
25.0,Private,0.0,Hs-grad,3.0,Married-civ-spouse,Exec-managerial,Husband,White,Male,0.0,0.0,40.0,United-states,<=50k
40.0,Private,325716.0,Some-college,9.0,Widowed,Other-service,Not-in-family,White,Male,0.0,0.0,55.0,United-states,<=50k
70.0,Self-emp-not-inc,253450.0,Bachelors,14.0,Divorced,Prof-specialty,Own-child,White,Male,0.0,0.0,40.0,United-states,<=50k
48.0,Private,397950.0,7th-8th,6.0,Never-married,Farming-fishing,Husband,White,Female,0.0,0.0,25.0,United-states,>50k
39.0,Private,380088.0,Hs-grad,5.0,Married-civ-spouse,Exec-managerial,Not-in-family,White,Female,27819.0,0.0,40.0,United-states,<=50k
30.0,Private,94319.0,Hs-grad,14.0,Married-civ-spouse,Craft-repair,Husband,White,Male,3056.0,0.0,57.0,United-states,<=50k
23.0,Private,99655.0,Bachelors,15.0,Married-civ-spouse,Machine-op-inspct,Husband,White,Female,0.0,0.0,40.0,United-states,<=50k
34.0,Private,403539.0,Hs-grad,10.0,Married-civ-spouse,Adm-clerical,Own-child,White,Male,0.0,0.0,40.0,United-states,>50k
56.0,Private,107970.0,Some-college,12.0,Married-civ-spouse,Handlers-cleaners,Own-child,Black,Female,0.0,0.0,40.0,United-states,<=50k
36.0,Private,203326.0,Masters,9.0,Married-civ-spouse,Prof-specialty,Husband,White,Male,0.0,0.0,27.0,United-states,<=50k
40.0,Never-worked,65850.0,Some-college,9.0,Married-civ-spouse,Tech-support,Own-child,White,Female,0.0,0.0,40.0,United-states,<=50k
22.0,Private,402665.0,11th,13.0,Married-spouse-absent,Adm-clerical,Unmarried,White,Female,3689.0,250.0,28.0,United-states,<=50k
33.0,Private,497310.0,9th,9.0,Never-married,Exec-managerial,Husband,White,Female,0.0,0.0,65.0,United-states,<=50k
55.0,Private,295905.0,Hs-grad,13.0,Married-civ-spouse,Adm-clerical,Own-child,White,Female,40018.0,0.0,35.0,United-states,<=50k
40.0,Private,453479.0,Hs-grad,12.0,Married-civ-spouse,Tech-support,Unmarried,Asian-pac-islander,Male,0.0,0.0,36.0,United-states,<=50k
20.0,Private,98519.0,Bachelors,14.0,Married-civ-spouse,Craft-repair,Unmarried,Black,Female,0.0,0.0,20.0,United-states,<=50k
55.0,Private,1481350.0,Masters,9.0,Married-spouse-absent,Craft-repair,Own-child,White,Female,0.0,0.0,14.0,United-states,<=50k
48.0,Private,11074600.0,11th,10.0,Widowed,Craft-repair,Husband,White,Female,0.0,0.0,35.0,United-states,>50k
70.0,Private,1481951.0,Hs-grad,11.0,Married-civ-spouse,Adm-clerical,Husband,White,Male,0.0,0.0,60.0,United-states,<=50k
45.0,Private,62854.0,Hs-grad,13.0,Married-civ-spouse,Adm-clerical,Not-in-family,White,Male,0.0,0.0,40.0,United-states,<=50k
40.0,Private,110929.0,Hs-grad,14.0,Married-civ-spouse,Prof-specialty,Unmarried,White,Male,0.0,0.0,30.0,United-states,<=50k
36.0,Private,106854.0,Hs-grad,10.0,Married-civ-spouse,Sales,Other-relative,White,Male,0.0,0.0,60.0,Peru,<=50k
29.0,Private,207310.0,Hs-grad,10.0,Married-civ-spouse,Craft-repair,Husband,White,Male,0.0,0.0,35.0,United-states,<=50k
55.0,Private,175457.0,9th,10.0,Married-civ-spouse,Handlers-cleaners,Husband,White,Male,0.0,0.0,40.0,United-states,<=50k
28.0,Private,147468.0,Some-college,10.0,Never-married,Tech-support,Husband,White,Male,0.0,0.0,35.0,United-states,<=50k
50.0,Local-gov,134033.0,Hs-grad,10.0,Never-married,Adm-clerical,Own-child,White,Female,0.0,0.0,14.0,United-states,>50k
36.0,Private,94941.0,Hs-grad,10.0,Never-married,Sales,Husband,White,Male,0.0,0.0,36.0,United-states,<=50k
24.0,Self-emp-not-inc,351119.0,Some-college,9.0,Married-civ-spouse,Craft-repair,Wife,White,Female,0.0,0.0,40.0,United-states,<=50k
60.0,Private,1195034.0,Assoc-voc,14.0,Married-civ-spouse,Other-service,Husband,White,Male,0.0,0.0,40.0,United-states,<=50k
50.0,Private,1395985.0,Hs-grad,9.0,Never-married,Prof-specialty,Not-in-family,White,Male,0.0,0.0,41.0,United-states,<=50k
40.0,Private,1484770.0,Hs-grad,13.0,Never-married,Transport-moving,Unmarried,White,Female,0.0,0.0,32.0,United-states,>50k
40.0,Private,435941.0,10th,5.0,Separated,Exec-managerial,Own-child,White,Male,0.0,0.0,35.0,United-states,>50k
50.0,Private,148324.0,Some-college,7.0,Married-civ-spouse,Craft-repair,Not-in-family,White,Male,0.0,0.0,50.0,Peru,<=50k
24.0,Private,1451162.0,Hs-grad,3.0,Never-married,Prof-specialty,Husband,White,Male,0.0,1839.0,28.0,United-states,<=50k
26.0,Self-emp-not-inc,488075.0,Prof-school,15.0,Married-civ-spouse,Other-service,Husband,White,Female,0.0,0.0,30.0,United-states,<=50k
55.0,State-gov,272825.0,Bachelors,4.0,Widowed,Prof-specialty,Not-in-family,White,Female,0.0,0.0,18.0,United-states,<=50k
60.0,Private,144313.0,Some-college,9.0,Divorced,Adm-clerical,Unmarried,White,Male,0.0,0.0,40.0,United-states,<=50k
40.0,Private,281654.0,Assoc-voc,6.0,Divorced,Transport-moving,Not-in-family,White,Male,0.0,0.0,32.0,United-states,<=50k
39.0,Private,430424.0,Hs-grad,13.0,Married-civ-spouse,Exec-managerial,Unmarried,White,Female,0.0,0.0,50.0,United-states,<=50k
40.0,Private,113953.0,Some-college,2.0,Never-married,Craft-repair,Husband,White,Male,0.0,0.0,40.0,United-states,<=50k
34.0,Self-emp-not-inc,284874.0,11th,9.0,Married-civ-spouse,Craft-repair,Husband,White,Female,0.0,0.0,18.0,United-states,<=50k
17.0,Self-emp-not-inc,424466.0,11th,9.0,Married-civ-spouse,Other-service,Own-child,Black,Male,0.0,0.0,40.0,United-states,<=50k
40.0,Self-emp-inc,118606075.0,Hs-grad,13.0,Married-civ-spouse,Prof-specialty,Husband,White,Male,0.0,0.0,32.0,United-states,<=50k
50.0,Private,92698.0,Bachelors,10.0,Divorced,Sales,Husband,White,Male,0.0,0.0,50.0,United-states,>50k
80.0,Private,2013.0,Hs-grad,9.0,Married-civ-spouse,Prof-specialty,Unmarried,White,Male,0.0,0.0,46.0,United-states,>50k
40.0,State-gov,93762804.0,11th,10.0,Widowed,Machine-op-inspct,Not-in-family,White,Male,0.0,0.0,40.0,United-states,>50k
21.0,Private,111250.0,Bachelors,9.0,Married-civ-spouse,Craft-repair,Husband,White,Male,0.0,0.0,40.0,United-states,<=50k
80.0,Private,1454949.0,Some-college,10.0,Married-civ-spouse,Machine-op-inspct,Husband,White,Female,0.0,0.0,40.0,United-states,<=50k
4545.0,Local-gov,485911.0,11th,12.0,Divorced,Sales,Own-child,White,Female,0.0,0.0,50.0,United-states,<=50k
40.0,Private,74814.0,Hs-grad,9.0,Never-married,Adm-clerical,Unmarried,White,Female,0.0,0.0,50.0,United-states,<=50k
34.0,Federal-gov,176539.0,Some-college,9.0,Married-civ-spouse,Exec-managerial,Husband,White,Male,0.0,0.0,27.0,United-states,<=50k
30.0,Self-emp-not-inc,307.0,Masters,10.0,Never-married,Prof-specialty,Husband,White,Female,0.0,0.0,20.0,United-states,<=50k
40.0,Private,452880.0,Assoc-voc,9.0,Divorced,Exec-managerial,Not-in-family,White,Male,0.0,0.0,40.0,United-states,<=50k
45.0,Local-gov,157913.0,Hs-grad,9.0,Married-civ-spouse,Sales,Husband,White,Male,0.0,0.0,35.0,United-states,<=50k
19.0,Private,94418.0,Bachelors,9.0,Divorced,Machine-op-inspct,Own-child,White,Male,0.0,0.0,35.0,United-states,<=50k
76.0,Private,108824.0,Hs-grad,7.0,Never-married,Other-service,Husband,Asian-pac-islander,Male,0.0,0.0,40.0,United-states,<=50k
40.0,Private,135032.0,Hs-grad,10.0,Married-civ-spouse,Sales,Not-in-family,White,Male,0.0,39.0,5.0,United-states,<=50k
42.0,Private,255548.0,Masters,10.0,Never-married,Craft-repair,Not-in-family,White,Male,0.0,0.0,65.0,United-states,<=50k
44.0,Self-emp-not-inc,48988.0,Bachelors,4.0,Married-civ-spouse,Other-service,Husband,White,Male,0.0,0.0,40.0,United-states,<=50k
38.0,Private,278454.0,Masters,29.0,Married-civ-spouse,Other-service,Unmarried,White,Male,0.0,0.0,45.0,United-states,<=50k
53.0,Private,1456726.0,Bachelors,10.0,Never-married,Handlers-cleaners,Husband,White,Male,0.0,426611.0,18.0,United-states,<=50k
23.0,Private,117434.0,Hs-grad,13.0,Never-married,Transport-moving,Own-child,White,Female,0.0,0.0,27.0,United-states,<=50k
42.0,Private,62400.0,Hs-grad,32.0,Married-civ-spouse,Other-service,Own-child,White,Female,0.0,0.0,40.0,United-states,>50k
17.0,Private,142439.0,Assoc-voc,9.0,Married-civ-spouse,Other-service,Unmarried,White,Male,0.0,0.0,40.0,United-states,<=50k
55.0,Federal-gov,88898.0,Hs-grad,13.0,Married-civ-spouse,Sales,Not-in-family,White,Male,0.0,0.0,18.0,United-states,<=50k
40.0,Private,114912.0,Some-college,12.0,Married-civ-spouse,Exec-managerial,Husband,White,Female,0.0,0.0,40.0,United-states,<=50k
50.0,Private,114478.0,Bachelors,11.0,Divorced,Other-service,Husband,White,Female,0.0,0.0,45.0,United-states,<=50k
52.0,Private,106217.0,11th,9.0,Never-married,Exec-managerial,Own-child,White,Female,0.0,0.0,14.0,United-states,>50k
35.0,Self-emp-not-inc,106364.0,Hs-grad,9.0,Never-married,Machine-op-inspct,Not-in-family,White,Male,0.0,0.0,65.0,United-states,>50k
25.0,Private,293598.0,Hs-grad,12.0,Married-civ-spouse,Prof-specialty,Not-in-family,White,Male,0.0,0.0,40.0,United-states,<=50k
45.0,Private,1184588.0,Hs-grad,9.0,Never-married,Machine-op-inspct,Own-child,White,Male,0.0,0.0,53.0,United-states,<=50k
51.0,Private,131299.0,Bachelors,7.0,Never-married,Machine-op-inspct,Husband,White,Male,0.0,0.0,10.0,United-states,<=50k
20.0,Private,131145.0,Some-college,9.0,Married-civ-spouse,Handlers-cleaners,Husband,White,Male,0.0,0.0,40.0,Peru,<=50k
40.0,Private,13394327.0,Bachelors,9.0,Married-civ-spouse,Sales,Husband,White,Male,0.0,0.0,40.0,United-states,<=50k
18.0,Federal-gov,127318.0,Prof-school,10.0,Divorced,Prof-specialty,Not-in-family,Black,Male,0.0,0.0,70.0,Peru,<=50k
30.0,Private,85542.0,Some-college,45.0,Married-civ-spouse,Other-service,Own-child,White,Male,71936.0,0.0,40.0,United-states,<=50k
35.0,Private,5687828.0,Hs-grad,4.0,Divorced,Other-service,Husband,White,Female,0.0,0.0,60.0,United-states,<=50k
41.0,Private,2864.0,Bachelors,13.0,Never-married,Prof-specialty,Husband,White,Male,0.0,0.0,39.0,United-states,<=50k
45.0,Private,78828.0,Masters,11.0,Never-married,Other-service,Not-in-family,White,Male,0.0,0.0,40.0,United-states,<=50k
51.0,Private,116878.0,Hs-grad,10.0,Married-civ-spouse,Exec-managerial,Other-relative,Black,Female,0.0,0.0,25.0,United-states,>50k
50.0,Private,2689.0,Hs-grad,9.0,Married-civ-spouse,Craft-repair,Husband,White,Male,0.0,0.0,40.0,United-states,>50k
35.0,Local-gov,452002.0,11th,7.0,Never-married,Other-service,Unmarried,White,Male,1152101.0,0.0,40.0,United-states,<=50k
45.0,Private,75600.0,Hs-grad,10.0,Never-married,Machine-op-inspct,Own-child,White,Female,0.0,0.0,45.0,United-states,<=50k
51.0,Private,237044.0,Some-college,13.0,Never-married,Adm-clerical,Wife,White,Male,0.0,0.0,24.0,United-states,>50k
58.0,Private,1194864.0,Bachelors,13.0,Married-civ-spouse,Sales,Own-child,White,Female,0.0,0.0,38.0,United-states,<=50k
40.0,Private,113048.0,10th,9.0,Married-civ-spouse,Craft-repair,Husband,White,Male,0.0,0.0,40.0,United-states,<=50k
30.0,Private,1105970.0,Hs-grad,9.0,Married-civ-spouse,Adm-clerical,Husband,White,Male,0.0,0.0,50.0,United-states,<=50k
45.0,Private,353350.0,11th,13.0,Married-civ-spouse,Other-service,Husband,White,Male,0.0,0.0,22.0,United-states,<=50k
60.0,Private,55918.0,Hs-grad,9.0,Never-married,Craft-repair,Not-in-family,White,Male,0.0,0.0,60.0,United-states,<=50k
55.0,Self-emp-not-inc,246888.0,Hs-grad,16.0,Divorced,Exec-managerial,Husband,White,Female,0.0,0.0,36.0,United-states,<=50k
17.0,Private,287811.0,Some-college,9.0,Married-civ-spouse,Tech-support,Not-in-family,White,Male,0.0,0.0,23.0,United-states,>50k
25.0,Self-emp-inc,302413.0,Hs-grad,9.0,Married-civ-spouse,Craft-repair,Own-child,White,Male,0.0,0.0,22.0,United-states,>50k
60.0,Private,118852.0,Assoc-voc,13.0,Divorced,Machine-op-inspct,Not-in-family,White,Male,0.0,0.0,50.0,United-states,>50k
33.0,Private,743504.0,Assoc-voc,10.0,Never-married,Sales,Husband,White,Male,0.0,0.0,40.0,United-states,<=50k
60.0,Self-emp-not-inc,2055.0,Hs-grad,9.0,Never-married,Craft-repair,Husband,White,Female,0.0,0.0,22.0,United-states,<=50k
40.0,Self-emp-not-inc,203540.0,Hs-grad,13.0,Married-civ-spouse,Machine-op-inspct,Not-in-family,White,Female,0.0,0.0,25.0,Hong,<=50k
40.0,Private,251423.0,Bachelors,10.0,Divorced,Adm-clerical,Own-child,White,Male,0.0,0.0,27.0,United-states,<=50k
18.0,Private,394840.0,Bachelors,2.0,Never-married,Exec-managerial,Husband,White,Male,0.0,0.0,40.0,United-states,<=50k
46.0,Private,107562.0,Some-college,12.0,Never-married,Exec-managerial,Other-relative,Black,Male,0.0,0.0,40.0,United-states,<=50k
18.0,Private,116288.0,Hs-grad,11.0,Married-civ-spouse,Sales,Unmarried,White,Female,0.0,0.0,65.0,United-states,<=50k
80.0,Private,133920.0,Bachelors,4.0,Married-civ-spouse,Craft-repair,Own-child,Other,Male,0.0,0.0,50.0,United-states,<=50k
45.0,Private,133930.0,Some-college,14.0,Never-married,Adm-clerical,Own-child,White,Male,1864.0,0.0,16.0,United-states,<=50k
41.0,Private,439769.0,Bachelors,13.0,Married-civ-spouse,Prof-specialty,Unmarried,Other,Male,0.0,0.0,93.0,United-states,>50k
45.0,Private,173850.0,Masters,8.0,Divorced,Adm-clerical,Unmarried,White,Male,0.0,0.0,44.0,Mexico,<=50k
41.0,Private,1458859.0,Hs-grad,10.0,Never-married,Tech-support,Unmarried,White,Female,0.0,0.0,38.0,United-states,>50k
26.0,Private,494526.0,Hs-grad,9.0,Divorced,Exec-managerial,Other-relative,White,Male,0.0,0.0,46.0,United-states,<=50k
39.0,Private,133523.0,11th,16.0,Married-civ-spouse,Exec-managerial,Husband,White,Male,0.0,0.0,74.0,United-states,<=50k
35.0,Private,242681.0,Hs-grad,10.0,Never-married,Exec-managerial,Not-in-family,White,Male,0.0,0.0,33.0,United-states,>50k
70.0,Federal-gov,147310.0,Hs-grad,9.0,Married-civ-spouse,Craft-repair,Not-in-family,White,Female,148512.0,0.0,40.0,United-states,<=50k
40.0,Self-emp-not-inc,407501.0,Some-college,9.0,Married-civ-spouse,Craft-repair,Husband,White,Male,0.0,0.0,40.0,United-states,<=50k
18.0,Private,257850.0,Hs-grad,14.0,Divorced,Exec-managerial,Husband,White,Male,0.0,0.0,40.0,United-states,<=50k
34.0,Private,553468.0,Hs-grad,13.0,Never-married,Transport-moving,Own-child,White,Male,17566.0,0.0,36.0,United-states,>50k
40.0,Private,1153962.0,Hs-grad,13.0,Married-civ-spouse,Craft-repair,Not-in-family,White,Male,0.0,0.0,40.0,United-states,>50k
37.0,Private,152368.0,Bachelors,9.0,Divorced,Craft-repair,Not-in-family,White,Male,0.0,0.0,50.0,United-states,<=50k
32.0,Private,1186588.0,Some-college,5.0,Never-married,Tech-support,Husband,White,Male,25897.0,2949.0,40.0,United-states,>50k
23.0,Private,106848.0,Hs-grad,10.0,Never-married,Transport-moving,Not-in-family,White,Female,0.0,0.0,40.0,United-states,<=50k
40.0,Private,1195426.0,Masters,16.0,Never-married,Handlers-cleaners,Not-in-family,White,Male,0.0,0.0,34.0,United-states,<=50k
60.0,Private,113368.0,Prof-school,7.0,Married-civ-spouse,Sales,Unmarried,White,Male,0.0,0.0,25.0,United-states,<=50k
81.0,Private,133902.0,Some-college,11.0,Married-civ-spouse,Adm-clerical,Husband,White,Male,201.0,0.0,40.0,United-states,>50k
40.0,Private,402424.0,Some-college,15.0,Married-civ-spouse,Tech-support,Own-child,White,Female,0.0,0.0,60.0,United-states,<=50k
18.0,Private,113918.0,Hs-grad,13.0,Never-married,Craft-repair,Husband,White,Male,0.0,409873.0,13.0,United-states,<=50k
57.0,Local-gov,1130.0,Some-college,10.0,Married-civ-spouse,Adm-clerical,Own-child,White,Male,0.0,61142.0,36.0,United-states,<=50k
41.0,Federal-gov,1103412.0,Bachelors,13.0,Married-civ-spouse,Prof-specialty,Husband,White,Female,0.0,0.0,93.0,United-states,<=50k
40.0,Private,1046888.0,Bachelors,10.0,Married-spouse-absent,Sales,Own-child,White,Female,36222.0,0.0,50.0,United-states,<=50k
42.0,Private,175477.0,Assoc-acdm,14.0,Married-civ-spouse,Craft-repair,Husband,White,Male,91870.0,0.0,17.0,United-states,>50k
25.0,Private,381762.0,Hs-grad,10.0,Married-civ-spouse,Craft-repair,Unmarried,White,Male,0.0,0.0,40.0,United-states,<=50k
45.0,Self-emp-not-inc,1815.0,9th,7.0,Married-civ-spouse,Prof-specialty,Husband,White,Male,0.0,0.0,40.0,United-states,>50k
60.0,Self-emp-inc,124924.0,Bachelors,2.0,Never-married,Craft-repair,Own-child,White,Female,353532.0,362.0,0.0,United-states,<=50k
52.0,Private,7366218.0,Prof-school,9.0,Married-civ-spouse,Other-service,Husband,White,Male,0.0,0.0,40.0,United-states,<=50k
55.0,Private,353750.0,Hs-grad,14.0,Married-civ-spouse,Other-service,Unmarried,White,Male,0.0,0.0,40.0,United-states,>50k
22.0,Private,1157873.0,Hs-grad,10.0,Never-married,Craft-repair,Own-child,White,Female,0.0,0.0,40.0,United-states,<=50k
50.0,Self-emp-inc,1373.0,Hs-grad,9.0,Married-civ-spouse,Protective-serv,Husband,White,Male,0.0,0.0,50.0,United-states,<=50k
33.0,Private,85859.0,Hs-grad,9.0,Married-civ-spouse,Adm-clerical,Not-in-family,White,Male,25042.0,97311.0,40.0,United-states,<=50k
65.0,Private,147875.0,Some-college,9.0,Never-married,Transport-moving,Not-in-family,White,Male,0.0,0.0,40.0,United-states,<=50k
45.0,Private,205550.0,Bachelors,9.0,Divorced,Craft-repair,Not-in-family,White,Male,0.0,0.0,40.0,United-states,<=50k
22.0,Private,99724.0,Masters,10.0,Divorced,Sales,Not-in-family,White,Male,0.0,0.0,10.0,United-states,<=50k
50.0,Private,89600.0,9th,9.0,Married-spouse-absent,Other-service,Unmarried,White,Male,0.0,0.0,29.0,India,<=50k
60.0,Private,128853.0,Hs-grad,14.0,Married-civ-spouse,Craft-repair,Own-child,White,Male,0.0,0.0,27.0,United-states,<=50k
27.0,Private,72414.0,Hs-grad,10.0,Never-married,Craft-repair,Unmarried,White,Female,0.0,0.0,40.0,United-states,<=50k
40.0,Private,452865.0,Masters,9.0,Divorced,Exec-managerial,Not-in-family,White,Male,0.0,0.0,25.0,United-states,<=50k
56.0,Private,123911.0,Hs-grad,4.0,Never-married,Craft-repair,Unmarried,White,Female,4042.0,0.0,13.0,United-states,<=50k
48.0,Private,83313.0,9th,9.0,Never-married,Craft-repair,Husband,Black,Male,0.0,0.0,48.0,United-states,<=50k
65.0,Private,143431.0,Hs-grad,9.0,Married-civ-spouse,Craft-repair,Not-in-family,White,Male,0.0,0.0,26.0,United-states,<=50k
40.0,Private,136739.0,Hs-grad,10.0,Widowed,Other-service,Own-child,White,Female,0.0,0.0,38.0,United-states,<=50k
27.0,Local-gov,387862.0,Hs-grad,10.0,Married-civ-spouse,Sales,Not-in-family,White,Male,0.0,0.0,28.0,United-states,>50k
41.0,Private,492424.0,Bachelors,10.0,Separated,Sales,Husband,Black,Male,0.0,0.0,40.0,United-states,<=50k
35.0,Private,403478.0,Some-college,9.0,Never-married,Craft-repair,Own-child,White,Male,0.0,0.0,40.0,United-states,<=50k
55.0,Private,520070.0,Some-college,16.0,Married-civ-spouse,Exec-managerial,Own-child,Black,Male,0.0,0.0,41.0,United-states,<=50k
28.0,Private,92264.0,11th,10.0,Married-civ-spouse,Exec-managerial,Own-child,White,Male,0.0,0.0,40.0,United-states,<=50k
34.0,Private,1451850.0,Some-college,14.0,Widowed,Prof-specialty,Husband,White,Male,0.0,0.0,40.0,United-states,<=50k
42.0,Private,258550.0,Hs-grad,7.0,Divorced,Exec-managerial,Not-in-family,White,Female,0.0,0.0,93.0,United-states,<=50k
55.0,Private,294911.0,Hs-grad,9.0,Never-married,Exec-managerial,Unmarried,White,Male,0.0,91913.0,13.0,United-states,<=50k
26.0,Private,1481947.0,Bachelors,12.0,Never-married,Adm-clerical,Not-in-family,White,Female,0.0,0.0,50.0,United-states,<=50k
42.0,Private,71905.0,Hs-grad,12.0,Married-civ-spouse,Other-service,Other-relative,White,Female,0.0,0.0,40.0,United-states,<=50k
42.0,Private,105916.0,Assoc-voc,3.0,Divorced,Adm-clerical,Husband,White,Male,0.0,0.0,46.0,United-states,<=50k
4535.0,Private,121183.0,Prof-school,14.0,Never-married,Other-service,Not-in-family,White,Male,0.0,0.0,93.0,United-states,<=50k
60.0,Private,184498.0,Hs-grad,5.0,Divorced,Prof-specialty,Husband,White,Male,0.0,0.0,18.0,United-states,<=50k
29.0,Federal-gov,145885.0,Hs-grad,9.0,Married-civ-spouse,Adm-clerical,Husband,White,Male,0.0,0.0,40.0,United-states,<=50k
40.0,Local-gov,241872.0,Some-college,13.0,Never-married,Exec-managerial,Not-in-family,White,Male,0.0,0.0,3.0,United-states,<=50k
35.0,Private,118866.0,Hs-grad,10.0,Married-civ-spouse,Exec-managerial,Unmarried,Black,Female,0.0,0.0,40.0,United-states,<=50k
76.0,Private,556826.0,Hs-grad,8.0,Separated,Other-service,Wife,White,Male,0.0,0.0,40.0,United-states,>50k
39.0,Federal-gov,483613.0,Prof-school,10.0,Married-civ-spouse,Sales,Husband,White,Male,0.0,0.0,40.0,United-states,>50k
43.0,Private,105960.0,Assoc-voc,9.0,Never-married,Tech-support,Husband,White,Male,0.0,404976.0,5.0,United-states,<=50k
22.0,Local-gov,481265.0,Masters,10.0,Married-civ-spouse,Adm-clerical,Husband,White,Male,0.0,0.0,50.0,United-states,<=50k
17.0,Private,81335.0,Some-college,8.0,Widowed,Exec-managerial,Own-child,White,Male,0.0,0.0,40.0,United-states,<=50k
44.0,Self-emp-not-inc,413718.0,Bachelors,15.0,Divorced,Exec-managerial,Own-child,White,Male,0.0,0.0,50.0,United-states,<=50k
40.0,Self-emp-not-inc,11689.0,Some-college,13.0,Divorced,Adm-clerical,Husband,White,Male,0.0,9134985.0,45.0,United-states,<=50k
28.0,Private,653227.0,Bachelors,7.0,Married-civ-spouse,Sales,Husband,White,Male,0.0,0.0,34.0,United-states,>50k
40.0,Private,103500.0,Masters,9.0,Divorced,Sales,Not-in-family,White,Male,0.0,0.0,58.0,United-states,<=50k
23.0,Private,132690.0,11th,10.0,Married-civ-spouse,Machine-op-inspct,Husband,Black,Male,0.0,0.0,28.0,Greece,>50k
45.0,Self-emp-not-inc,1151960.0,Hs-grad,9.0,Divorced,Prof-specialty,Not-in-family,White,Male,0.0,0.0,33.0,United-states,<=50k
40.0,Private,1327882.0,Masters,10.0,Married-civ-spouse,Craft-repair,Husband,White,Male,10900.0,0.0,40.0,United-states,<=50k
46.0,Private,4078.0,11th,12.0,Married-civ-spouse,Sales,Not-in-family,White,Female,0.0,0.0,34.0,United-states,<=50k
23.0,Self-emp-not-inc,142485.0,Hs-grad,14.0,Never-married,Transport-moving,Own-child,White,Female,0.0,0.0,40.0,United-states,<=50k
35.0,Self-emp-not-inc,554466.0,Prof-school,3.0,Never-married,Machine-op-inspct,Own-child,White,Female,40639.0,0.0,29.0,United-states,>50k
31.0,Private,117088.0,Hs-grad,7.0,Never-married,Craft-repair,Husband,White,Male,0.0,0.0,40.0,United-states,<=50k
29.0,Private,13758085.0,Some-college,12.0,Married-civ-spouse,Protective-serv,Husband,White,Female,0.0,0.0,40.0,United-states,<=50k
22.0,Private,62418.0,Hs-grad,7.0,Married-civ-spouse,Sales,Husband,White,Male,0.0,0.0,23.0,United-states,<=50k
43.0,Private,402446.0,Hs-grad,13.0,Divorced,Machine-op-inspct,Own-child,White,Male,0.0,0.0,40.0,United-states,<=50k
26.0,Private,1189924.0,12th,10.0,Married-civ-spouse,Adm-clerical,Unmarried,White,Female,10895.0,0.0,35.0,United-states,<=50k
76.0,Private,61416.0,Some-college,7.0,Never-married,Prof-specialty,Husband,White,Female,197.0,0.0,40.0,United-states,<=50k
40.0,Self-emp-inc,171290.0,Prof-school,9.0,Never-married,Craft-repair,Not-in-family,White,Male,0.0,0.0,20.0,United-states,>50k
46.0,Private,1185513.0,Some-college,4.0,Never-married,Transport-moving,Husband,White,Female,0.0,4049.0,29.0,United-states,<=50k
35.0,Private,109878.0,Hs-grad,9.0,Married-civ-spouse,Machine-op-inspct,Not-in-family,White,Male,0.0,0.0,35.0,United-states,<=50k
24.0,Private,75980.0,Hs-grad,9.0,Divorced,Exec-managerial,Husband,White,Female,0.0,0.0,29.0,Mexico,<=50k
60.0,Private,1487873.0,Hs-grad,10.0,Married-civ-spouse,Sales,Own-child,White,Male,0.0,0.0,14.0,United-states,<=50k
42.0,Private,0.0,Masters,9.0,Never-married,Craft-repair,Husband,White,Male,0.0,257419.0,40.0,Philippines,<=50k
40.0,Private,11487075.0,Hs-grad,9.0,Divorced,Other-service,Own-child,White,Male,0.0,0.0,40.0,United-states,<=50k
45.0,Private,0.0,Assoc-voc,10.0,Married-civ-spouse,Prof-specialty,Not-in-family,White,Male,0.0,0.0,45.0,United-states,<=50k
81.0,Private,502311.0,9th,15.0,Married-civ-spouse,Tech-support,Own-child,White,Male,0.0,0.0,9.0,United-states,<=50k
57.0,Private,2875.0,Hs-grad,13.0,Never-married,Transport-moving,Husband,White,Female,0.0,0.0,40.0,United-states,>50k
40.0,Private,142682.0,Hs-grad,2.0,Divorced,Transport-moving,Husband,White,Male,0.0,1866.0,33.0,United-states,<=50k
40.0,Private,756257.0,Some-college,12.0,Divorced,Prof-specialty,Not-in-family,White,Female,0.0,0.0,35.0,United-states,<=50k
28.0,Private,1154333.0,Some-college,16.0,Married-civ-spouse,Farming-fishing,Wife,White,Female,0.0,0.0,37.0,United-states,<=50k
33.0,Private,1451373.0,Assoc-voc,14.0,Never-married,Adm-clerical,Unmarried,White,Female,0.0,0.0,40.0,United-states,<=50k
38.0,Self-emp-not-inc,231832.0,Hs-grad,4.0,Married-spouse-absent,Exec-managerial,Own-child,White,Male,0.0,0.0,93.0,United-states,<=50k
37.0,Private,135311.0,Some-college,13.0,Married-spouse-absent,Prof-specialty,Own-child,Asian-pac-islander,Male,175.0,0.0,35.0,United-states,>50k
40.0,Private,278090.0,Hs-grad,10.0,Separated,Adm-clerical,Wife,White,Female,0.0,0.0,40.0,Philippines,<=50k
60.0,Private,144910.0,Assoc-voc,10.0,Married-civ-spouse,Craft-repair,Unmarried,White,Female,0.0,0.0,13.0,United-states,<=50k
61.0,Private,147922.0,Some-college,8.0,Married-civ-spouse,Craft-repair,Husband,White,Female,0.0,0.0,19.0,United-states,<=50k
45.0,Private,132318.0,Hs-grad,9.0,Separated,Craft-repair,Husband,White,Female,567.0,0.0,46.0,United-states,<=50k
19.0,Self-emp-not-inc,4025.0,Hs-grad,13.0,Never-married,Prof-specialty,Husband,White,Male,0.0,4326.0,40.0,United-states,<=50k
40.0,Private,255922.0,Bachelors,9.0,Married-civ-spouse,Prof-specialty,Own-child,White,Female,0.0,0.0,29.0,United-states,<=50k
23.0,Private,9298324.0,Bachelors,2.0,Divorced,Sales,Husband,White,Male,25034.0,0.0,17.0,United-states,<=50k
40.0,Private,60457419.0,Some-college,10.0,Never-married,Transport-moving,Not-in-family,White,Male,0.0,0.0,40.0,United-states,>50k
32.0,Private,178550.0,11th,10.0,Divorced,Sales,Husband,White,Male,0.0,0.0,40.0,United-states,<=50k
45.0,Private,1152440.0,Bachelors,9.0,Married-civ-spouse,Sales,Husband,White,Male,0.0,0.0,40.0,United-states,<=50k
40.0,Private,2578.0,Some-college,9.0,Never-married,Prof-specialty,Unmarried,White,Female,0.0,0.0,40.0,United-states,<=50k
32.0,Private,339819.0,Some-college,9.0,Married-civ-spouse,Transport-moving,Husband,White,Male,0.0,0.0,5.0,United-states,<=50k
40.0,Private,137422.0,Hs-grad,14513.0,Married-civ-spouse,Exec-managerial,Unmarried,White,Male,0.0,0.0,40.0,United-states,<=50k
45.0,Private,551451.0,Bachelors,13.0,Married-civ-spouse,Other-service,Husband,White,Male,0.0,0.0,40.0,United-states,>50k
40.0,Self-emp-not-inc,137964.0,Hs-grad,14.0,Never-married,Protective-serv,Not-in-family,White,Female,0.0,0.0,40.0,Philippines,<=50k
61.0,Private,86898.0,Some-college,14.0,Married-civ-spouse,Craft-repair,Husband,White,Male,0.0,0.0,40.0,United-states,<=50k
48.0,State-gov,1483311.0,Hs-grad,6.0,Married-civ-spouse,Adm-clerical,Unmarried,White,Male,0.0,0.0,50.0,United-states,<=50k
34.0,Private,113593.0,Hs-grad,9.0,Never-married,Exec-managerial,Husband,White,Female,0.0,0.0,52.0,United-states,<=50k
19.0,Private,1305424.0,Some-college,10.0,Married-civ-spouse,Craft-repair,Husband,Black,Male,25600.0,17519.0,3.0,United-states,<=50k
45.0,Private,175385.0,Hs-grad,10.0,Never-married,Sales,Husband,White,Male,0.0,0.0,40.0,United-states,<=50k
39.0,Private,105587.0,Assoc-acdm,16.0,Divorced,Sales,Not-in-family,White,Male,0.0,0.0,40.0,United-states,<=50k
20.0,Private,171953.0,Some-college,9.0,Divorced,Machine-op-inspct,Husband,White,Male,93528.0,0.0,40.0,Mexico,<=50k
22.0,Self-emp-not-inc,304216.0,Some-college,11.0,Married-civ-spouse,Prof-specialty,Not-in-family,White,Male,0.0,0.0,40.0,United-states,>50k
21.0,Private,118513.0,Hs-grad,9.0,Never-married,Craft-repair,Own-child,Asian-pac-islander,Male,0.0,0.0,40.0,United-states,<=50k
51.0,Private,988455.0,Hs-grad,6.0,Divorced,Craft-repair,Husband,White,Male,27835.0,0.0,40.0,United-states,<=50k
36.0,Private,48959.0,Bachelors,5.0,Married-civ-spouse,Exec-managerial,Own-child,White,Male,0.0,0.0,46.0,United-states,<=50k
24.0,Private,353573.0,Hs-grad,12.0,Widowed,Adm-clerical,Own-child,White,Female,0.0,0.0,40.0,Greece,<=50k
60.0,Federal-gov,47919.0,Hs-grad,4.0,Never-married,Other-service,Husband,White,Male,0.0,0.0,40.0,United-states,<=50k
43.0,Private,5381693.0,Assoc-voc,9.0,Married-civ-spouse,Craft-repair,Unmarried,White,Male,0.0,0.0,40.0,United-states,<=50k
31.0,Self-emp-not-inc,113393.0,Masters,9.0,Divorced,Craft-repair,Own-child,White,Female,0.0,0.0,3.0,United-states,<=50k
32.0,Private,282873.0,Bachelors,11.0,Married-civ-spouse,Transport-moving,Husband,Asian-pac-islander,Male,0.0,0.0,55.0,United-states,<=50k
25.0,Private,905859.0,Hs-grad,9.0,Married-civ-spouse,Transport-moving,Husband,White,Female,0.0,0.0,40.0,United-states,<=50k
28.0,Private,0.0,Hs-grad,10.0,Never-married,Adm-clerical,Not-in-family,White,Male,0.0,0.0,3.0,United-states,<=50k
44.0,State-gov,968245.0,Hs-grad,9.0,Married-civ-spouse,Other-service,Husband,White,Male,0.0,0.0,45.0,United-states,<=50k
31.0,Local-gov,135049.0,Hs-grad,16.0,Divorced,Sales,Husband,White,Male,0.0,0.0,10.0,United-states,>50k
40.0,Private,104935.0,11th,14.0,Divorced,Exec-managerial,Husband,White,Male,382.0,0.0,16.0,United-states,<=50k
17.0,Federal-gov,139640.0,Some-college,10.0,Never-married,Adm-clerical,Own-child,White,Male,0.0,67.0,40.0,United-states,<=50k
44.0,Private,102450.0,11th,9.0,Divorced,Sales,Husband,White,Male,0.0,0.0,9.0,United-states,<=50k
40.0,Private,175441.0,9th,10.0,Married-civ-spouse,Other-service,Not-in-family,White,Male,561.0,0.0,40.0,United-states,<=50k
57.0,Private,148819.0,Some-college,9.0,Married-civ-spouse,Sales,Not-in-family,Other,Male,0.0,0.0,14.0,United-states,<=50k
23.0,Private,327811.0,Hs-grad,9.0,Never-married,Exec-managerial,Not-in-family,White,Male,0.0,0.0,40.0,United-states,<=50k
44.0,Private,142852.0,Hs-grad,3.0,Married-civ-spouse,Exec-managerial,Husband,Black,Male,0.0,3548.0,40.0,Mexico,<=50k
50.0,Self-emp-not-inc,99749.0,Hs-grad,13.0,Never-married,Craft-repair,Husband,White,Male,0.0,0.0,41.0,United-states,<=50k
53.0,Private,55418.0,Assoc-acdm,9.0,Divorced,Sales,Wife,White,Male,0.0,0.0,28.0,United-states,<=50k
34.0,Private,14403535.0,Hs-grad,10.0,Married-civ-spouse,Craft-repair,Husband,White,Male,0.0,0.0,40.0,United-states,<=50k
45.0,Private,1484089.0,Masters,13.0,Divorced,Exec-managerial,Own-child,White,Female,0.0,0.0,45.0,United-states,<=50k
52.0,Private,128851.0,Some-college,10.0,Married-civ-spouse,Craft-repair,Husband,White,Male,0.0,0.0,14.0,Philippines,<=50k
40.0,Private,218548.0,Hs-grad,13.0,Never-married,Craft-repair,Not-in-family,White,Male,0.0,0.0,40.0,United-states,<=50k
41.0,Private,1018711.0,9th,9.0,Married-civ-spouse,Exec-managerial,Not-in-family,Black,Male,0.0,0.0,60.0,Guatemala,<=50k
59.0,Private,402678.0,Hs-grad,9.0,Married-civ-spouse,Tech-support,Unmarried,Black,Female,92281.0,0.0,20.0,United-states,>50k
36.0,Private,393949.0,9th,10.0,Married-civ-spouse,Transport-moving,Not-in-family,Asian-pac-islander,Male,0.0,0.0,40.0,United-states,<=50k
32.0,Private,5590740.0,Hs-grad,10.0,Married-civ-spouse,Prof-specialty,Husband,White,Male,91319.0,0.0,40.0,United-states,<=50k
50.0,Private,104819.0,Bachelors,11.0,Never-married,Tech-support,Husband,White,Male,0.0,0.0,30.0,United-states,<=50k
19.0,Private,1487815.0,Bachelors,5.0,Never-married,Adm-clerical,Own-child,White,Female,0.0,0.0,20.0,United-states,<=50k
45.0,Private,10453499.0,9th,7.0,Never-married,Prof-specialty,Unmarried,White,Female,0.0,0.0,40.0,United-states,<=50k
33.0,Private,764900.0,Some-college,14.0,Divorced,Exec-managerial,Husband,White,Male,0.0,0.0,40.0,United-states,<=50k
40.0,Private,1390239.0,Some-college,924.0,Married-civ-spouse,Adm-clerical,Own-child,White,Male,0.0,0.0,20.0,United-states,<=50k
22.0,Private,1196381.0,Masters,14.0,Married-civ-spouse,Tech-support,Unmarried,White,Male,973.0,1695.0,40.0,United-states,<=50k
39.0,Private,133942.0,Some-college,10.0,Married-civ-spouse,Craft-repair,Not-in-family,White,Male,0.0,0.0,40.0,United-states,<=50k
37.0,Local-gov,287878.0,Hs-grad,10.0,Widowed,Prof-specialty,Husband,Black,Male,0.0,0.0,30.0,United-states,>50k
45.0,Private,5289950.0,Hs-grad,4.0,Divorced,Prof-specialty,Other-relative,White,Female,0.0,0.0,40.0,United-states,>50k
40.0,Self-emp-not-inc,71943.0,Hs-grad,14.0,Never-married,Adm-clerical,Husband,White,Male,0.0,0.0,18.0,United-states,<=50k
22.0,Private,52279.0,Bachelors,6.0,Widowed,Adm-clerical,Not-in-family,White,Male,0.0,0.0,53.0,United-states,>50k
76.0,Private,97931.0,Some-college,13.0,Married-civ-spouse,Craft-repair,Unmarried,White,Male,0.0,0.0,40.0,United-states,<=50k
45.0,Private,121914.0,Hs-grad,9.0,Never-married,Machine-op-inspct,Husband,White,Female,40.0,4085.0,22.0,United-states,<=50k
55.0,Local-gov,1473.0,Bachelors,10.0,Married-civ-spouse,Transport-moving,Own-child,White,Female,0.0,0.0,38.0,United-states,<=50k
39.0,Private,99516.0,Hs-grad,10.0,Married-civ-spouse,Exec-managerial,Own-child,White,Male,0.0,109950.0,40.0,United-states,<=50k
20.0,Private,503942.0,Masters,12.0,Married-civ-spouse,Handlers-cleaners,Own-child,White,Male,0.0,0.0,49.0,Laos,<=50k
36.0,Private,931872.0,Hs-grad,3.0,Divorced,Transport-moving,Own-child,White,Male,483511.0,0.0,25.0,United-states,>50k
58.0,Private,271385.0,Some-college,9.0,Married-civ-spouse,Other-service,Own-child,White,Female,0.0,0.0,24.0,United-states,<=50k
45.0,Private,175088.0,Some-college,10.0,Married-civ-spouse,Sales,Not-in-family,White,Male,0.0,0.0,26.0,United-states,<=50k
42.0,Private,73624.0,Bachelors,9.0,Married-civ-spouse,Craft-repair,Husband,White,Female,0.0,0.0,40.0,United-states,<=50k
36.0,Private,1155275.0,Some-college,13.0,Married-civ-spouse,Craft-repair,Unmarried,White,Female,4149.0,0.0,40.0,United-states,<=50k
39.0,Private,6053.0,Some-college,10.0,Married-civ-spouse,Sales,Husband,White,Male,0.0,0.0,40.0,United-states,<=50k
24.0,Private,931390.0,12th,15.0,Married-civ-spouse,Sales,Not-in-family,White,Female,0.0,0.0,46.0,United-states,<=50k
40.0,Private,145553.0,Hs-grad,0.0,Divorced,Prof-specialty,Husband,White,Male,0.0,0.0,30.0,United-states,<=50k
28.0,Private,137934.0,Hs-grad,15.0,Married-civ-spouse,Sales,Not-in-family,White,Male,0.0,0.0,40.0,United-states,<=50k
60.0,Private,101932.0,Hs-grad,8.0,Married-civ-spouse,Adm-clerical,Not-in-family,Black,Female,0.0,0.0,52.0,United-states,<=50k
40.0,Private,397943.0,Hs-grad,6.0,Married-civ-spouse,Transport-moving,Own-child,White,Male,0.0,0.0,9.0,United-states,<=50k
49.0,Self-emp-not-inc,149024.0,Masters,15.0,Never-married,Craft-repair,Own-child,White,Female,0.0,0.0,34.0,United-states,>50k
40.0,Private,12566421.0,Hs-grad,9.0,Never-married,Other-service,Not-in-family,Black,Male,0.0,1233.0,9.0,United-states,>50k
27.0,Private,70558.0,Hs-grad,14.0,Married-civ-spouse,Prof-specialty,Husband,White,Male,0.0,0.0,28.0,United-states,<=50k
49.0,Private,1484843.0,Hs-grad,9.0,Never-married,Sales,Own-child,White,Male,0.0,0.0,16.0,United-states,<=50k
40.0,Private,95588.0,Hs-grad,9.0,Married-civ-spouse,Craft-repair,Own-child,White,Male,0.0,0.0,40.0,Germany,<=50k
37.0,Private,108810.0,11th,10.0,Never-married,Protective-serv,Husband,Black,Male,0.0,0.0,40.0,United-states,>50k
17.0,Private,270075.0,Assoc-voc,9.0,Divorced,Transport-moving,Not-in-family,White,Female,0.0,0.0,40.0,United-states,<=50k
40.0,Private,116288.0,Some-college,9.0,Never-married,Craft-repair,Own-child,White,Female,0.0,0.0,50.0,United-states,<=50k
40.0,Local-gov,320160.0,Hs-grad,10.0,Never-married,Craft-repair,Husband,White,Female,0.0,459.0,45.0,United-states,<=50k
49.0,Private,1482485.0,Bachelors,10.0,Never-married,Adm-clerical,Own-child,White,Male,0.0,0.0,45.0,United-states,>50k
25.0,Private,1302738.0,11th,14.0,Never-married,Prof-specialty,Own-child,White,Male,0.0,0.0,40.0,United-states,<=50k
45.0,Private,320022.0,Bachelors,16.0,Married-civ-spouse,Exec-managerial,Husband,White,Female,0.0,0.0,50.0,United-states,<=50k
55.0,Private,122485.0,Hs-grad,10.0,Married-civ-spouse,Prof-specialty,Not-in-family,White,Male,0.0,0.0,40.0,United-states,<=50k
30.0,Private,81680.0,Hs-grad,9.0,Never-married,Prof-specialty,Unmarried,Black,Male,0.0,24.0,41.0,United-states,<=50k
22.0,Private,73598.0,Some-college,9.0,Married-spouse-absent,Sales,Not-in-family,White,Male,40682.0,0.0,42.0,United-states,<=50k
34.0,Private,6795913.0,9th,9.0,Never-married,Craft-repair,Own-child,White,Male,0.0,0.0,20.0,United-states,>50k
40.0,Private,148859.0,Some-college,9.0,Married-civ-spouse,Exec-managerial,Not-in-family,White,Male,0.0,0.0,40.0,United-states,<=50k
45.0,Private,106896.0,Some-college,15.0,Divorced,Prof-specialty,Unmarried,White,Male,0.0,0.0,40.0,United-states,>50k
57.0,Private,148549.0,Prof-school,12.0,Never-married,Handlers-cleaners,Husband,White,Male,36275.0,0.0,45.0,United-states,<=50k
50.0,Private,315849.0,Assoc-voc,11.0,Married-civ-spouse,Sales,Own-child,White,Male,0.0,0.0,40.0,United-states,<=50k
49.0,Private,483514.0,Bachelors,10.0,Married-civ-spouse,Exec-managerial,Husband,White,Male,0.0,0.0,40.0,United-states,<=50k
35.0,Private,110512.0,Assoc-voc,13.0,Married-civ-spouse,Craft-repair,Own-child,White,Female,0.0,0.0,40.0,Philippines,<=50k
17.0,Private,1483419.0,Some-college,14.0,Never-married,Exec-managerial,Own-child,Asian-pac-islander,Male,0.0,0.0,60.0,Mexico,<=50k
50.0,Private,115941.0,Bachelors,9.0,Never-married,Exec-managerial,Unmarried,White,Male,0.0,0.0,13.0,India,<=50k
74.0,Private,493989.0,Some-college,4.0,Divorced,Other-service,Husband,White,Male,0.0,0.0,40.0,United-states,<=50k
40.0,Local-gov,44780.0,Hs-grad,15.0,Divorced,Exec-managerial,Husband,White,Female,43275.0,285023.0,27.0,United-states,<=50k
55.0,Never-worked,1151459.0,Assoc-acdm,10.0,Married-civ-spouse,Exec-managerial,Husband,White,Female,0.0,36772.0,28.0,United-states,<=50k
30.0,Private,78847.0,11th,10.0,Married-civ-spouse,Exec-managerial,Unmarried,White,Male,0.0,0.0,40.0,Philippines,>50k
50.0,Self-emp-inc,175443.0,Hs-grad,9.0,Married-civ-spouse,Prof-specialty,Husband,White,Female,0.0,0.0,29.0,United-states,<=50k
50.0,Private,29446.0,Hs-grad,10.0,Divorced,Prof-specialty,Own-child,White,Male,0.0,0.0,40.0,United-states,>50k
57.0,State-gov,11574089.0,Some-college,10.0,Married-civ-spouse,Farming-fishing,Wife,White,Male,0.0,0.0,23.0,United-states,<=50k
31.0,Private,155560.0,Some-college,10.0,Married-civ-spouse,Prof-specialty,Own-child,White,Male,0.0,0.0,37.0,United-states,<=50k
40.0,Self-emp-inc,1458090.0,Hs-grad,10.0,Married-civ-spouse,Exec-managerial,Husband,White,Male,0.0,0.0,42.0,United-states,<=50k
44.0,Private,181428.0,Bachelors,11.0,Married-civ-spouse,Farming-fishing,Not-in-family,White,Male,0.0,0.0,50.0,United-states,<=50k
57.0,Private,178547.0,Hs-grad,9.0,Widowed,Transport-moving,Not-in-family,White,Female,0.0,0.0,0.0,United-states,<=50k
25.0,Private,0.0,Some-college,14.0,Never-married,Sales,Husband,White,Male,2393.0,1131.0,40.0,United-states,<=50k
27.0,Private,1452553.0,Hs-grad,13.0,Married-civ-spouse,Adm-clerical,Not-in-family,White,Female,27.0,0.0,30.0,United-states,>50k
51.0,Private,1048223.0,Hs-grad,13.0,Never-married,Prof-specialty,Own-child,White,Male,0.0,0.0,60.0,United-states,<=50k
55.0,Private,407060.0,Hs-grad,12.0,Married-civ-spouse,Adm-clerical,Not-in-family,Other,Male,0.0,0.0,0.0,United-states,<=50k
40.0,Self-emp-inc,923.0,Hs-grad,7.0,Married-civ-spouse,Sales,Husband,White,Male,0.0,0.0,40.0,United-states,<=50k
50.0,Federal-gov,1487867.0,Hs-grad,7.0,Never-married,Adm-clerical,Other-relative,White,Male,0.0,2575.0,40.0,United-states,<=50k
59.0,Private,1451353.0,Some-college,9.0,Married-civ-spouse,Exec-managerial,Wife,White,Female,0.0,0.0,32.0,United-states,<=50k
32.0,Self-emp-inc,1458087.0,Bachelors,14.0,Married-civ-spouse,Adm-clerical,Own-child,White,Male,0.0,0.0,40.0,Peru,>50k
34.0,Private,102665.0,Assoc-acdm,14.0,Separated,Exec-managerial,Husband,White,Female,0.0,0.0,30.0,United-states,<=50k
75.0,Federal-gov,140918.0,Assoc-acdm,10.0,Divorced,Other-service,Own-child,White,Male,0.0,0.0,40.0,United-states,<=50k
18.0,Private,253650.0,9th,14.0,Married-civ-spouse,Prof-specialty,Husband,White,Male,0.0,0.0,40.0,United-states,>50k
39.0,Never-worked,1456511.0,Hs-grad,4.0,Married-civ-spouse,Exec-managerial,Husband,Black,Male,0.0,402626.0,3.0,United-states,<=50k
35.0,Private,406062.0,Hs-grad,10.0,Divorced,Sales,Not-in-family,White,Male,0.0,0.0,34.0,United-states,<=50k
46.0,Private,1154391.0,Hs-grad,10.0,Never-married,Prof-specialty,Husband,White,Male,40275.0,0.0,40.0,United-states,<=50k
40.0,Private,121948.0,Hs-grad,5.0,Never-married,Tech-support,Not-in-family,White,Male,0.0,0.0,26.0,United-states,>50k
28.0,Private,102678.0,Some-college,10.0,Never-married,Other-service,Husband,White,Female,0.0,0.0,14.0,United-states,<=50k
28.0,Self-emp-inc,94475.0,Some-college,7.0,Never-married,Transport-moving,Husband,White,Female,0.0,0.0,30.0,United-states,<=50k
20.0,Self-emp-inc,1106695.0,Hs-grad,7.0,Never-married,Exec-managerial,Not-in-family,White,Male,0.0,0.0,40.0,United-states,<=50k
25.0,Private,303023.0,Some-college,10.0,Divorced,Craft-repair,Husband,White,Male,0.0,0.0,37.0,United-states,<=50k
60.0,Private,1167519.0,Prof-school,9.0,Never-married,Exec-managerial,Not-in-family,White,Female,602640.0,1613.0,9.0,United-states,<=50k
52.0,Private,111930.0,Hs-grad,9.0,Never-married,Transport-moving,Not-in-family,White,Female,0.0,0.0,27.0,United-states,<=50k
32.0,Private,115865.0,Hs-grad,14.0,Married-civ-spouse,Adm-clerical,Not-in-family,White,Female,0.0,36749.0,0.0,United-states,<=50k
25.0,Private,351939.0,Hs-grad,6.0,Married-civ-spouse,Prof-specialty,Husband,White,Male,0.0,0.0,60.0,United-states,<=50k
41.0,Self-emp-not-inc,140817.0,Hs-grad,13.0,Never-married,Adm-clerical,Wife,White,Male,0.0,0.0,49.0,United-states,<=50k
20.0,Federal-gov,402693.0,Bachelors,3.0,Married-spouse-absent,Exec-managerial,Husband,White,Male,0.0,0.0,40.0,United-states,<=50k
40.0,Private,382094.0,Hs-grad,0.0,Never-married,Craft-repair,Own-child,White,Male,0.0,0.0,40.0,United-states,<=50k
31.0,Private,141643.0,Masters,16.0,Married-civ-spouse,Transport-moving,Husband,White,Male,0.0,264275.0,50.0,Hungary,<=50k
23.0,Private,294911.0,Hs-grad,9.0,Never-married,Transport-moving,Husband,White,Male,0.0,0.0,40.0,United-states,>50k
40.0,Private,106548.0,Some-college,7.0,Married-civ-spouse,Adm-clerical,Unmarried,White,Male,0.0,0.0,15.0,United-states,<=50k
40.0,Private,505671.0,Some-college,3.0,Married-civ-spouse,Transport-moving,Own-child,White,Male,0.0,0.0,93.0,United-states,<=50k
61.0,Private,11368619.0,Hs-grad,10.0,Divorced,Prof-specialty,Wife,White,Male,1031.0,0.0,50.0,United-states,<=50k
21.0,Private,61919.0,10th,9.0,Married-civ-spouse,Adm-clerical,Not-in-family,White,Male,0.0,0.0,25.0,United-states,<=50k
55.0,Private,152817.0,Hs-grad,7.0,Separated,Prof-specialty,Husband,White,Male,0.0,0.0,40.0,United-states,<=50k
57.0,Self-emp-inc,107340.0,Bachelors,9.0,Married-civ-spouse,Machine-op-inspct,Husband,White,Female,0.0,4259.0,40.0,United-states,<=50k
26.0,Private,988275.0,11th,12.0,Divorced,Machine-op-inspct,Wife,Black,Male,0.0,0.0,38.0,United-states,<=50k
39.0,Private,282679.0,Hs-grad,913.0,Widowed,Protective-serv,Husband,White,Female,499.0,0.0,42.0,United-states,<=50k
50.0,Self-emp-not-inc,455565.0,Hs-grad,10.0,Never-married,Craft-repair,Husband,White,Male,0.0,0.0,40.0,United-states,<=50k
27.0,Local-gov,63573.0,Hs-grad,9.0,Married-civ-spouse,Craft-repair,Not-in-family,White,Male,0.0,0.0,28.0,United-states,<=50k
60.0,Private,118085.0,Hs-grad,0.0,Married-civ-spouse,Adm-clerical,Husband,White,Female,0.0,0.0,20.0,United-states,<=50k
38.0,Local-gov,351485.0,Hs-grad,13.0,Married-civ-spouse,Machine-op-inspct,Not-in-family,White,Male,0.0,0.0,40.0,United-states,<=50k
26.0,Private,1191844.0,Hs-grad,10.0,Married-civ-spouse,Exec-managerial,Other-relative,White,Male,0.0,0.0,40.0,United-states,>50k
22.0,Private,158879.0,11th,9.0,Never-married,Farming-fishing,Husband,White,Female,0.0,0.0,40.0,United-states,>50k
35.0,Private,1013.0,Bachelors,10.0,Divorced,Prof-specialty,Own-child,White,Male,0.0,0.0,19.0,United-states,>50k
40.0,Private,48638.0,Hs-grad,9.0,Never-married,Adm-clerical,Husband,White,Male,0.0,0.0,14.0,United-states,<=50k
53.0,Private,1456273.0,Masters,5.0,Divorced,Prof-specialty,Not-in-family,White,Male,0.0,0.0,40.0,United-states,<=50k
45.0,Private,491959.0,Hs-grad,13.0,Married-civ-spouse,Adm-clerical,Not-in-family,White,Male,0.0,0.0,30.0,United-states,<=50k
34.0,Private,1253223.0,Hs-grad,10.0,Married-civ-spouse,Craft-repair,Unmarried,White,Male,0.0,0.0,55.0,United-states,<=50k
40.0,Private,13336425.0,Some-college,14.0,Never-married,Craft-repair,Husband,White,Female,0.0,0.0,40.0,United-states,<=50k
44.0,Self-emp-not-inc,614521.0,Assoc-voc,14.0,Never-married,Sales,Husband,White,Male,0.0,0.0,50.0,United-states,<=50k
30.0,Private,241860.0,Hs-grad,45.0,Married-civ-spouse,Adm-clerical,Husband,Black,Male,0.0,0.0,9.0,United-states,>50k
40.0,Private,252816.0,Hs-grad,5.0,Married-civ-spouse,Adm-clerical,Husband,White,Female,0.0,0.0,28.0,United-states,<=50k
28.0,Private,503942.0,Bachelors,3.0,Never-married,Exec-managerial,Own-child,Black,Male,0.0,0.0,40.0,United-states,<=50k
29.0,Private,637667.0,Bachelors,14.0,Never-married,Craft-repair,Own-child,White,Male,47901.0,402401.0,30.0,United-states,>50k
19.0,State-gov,175928.0,Hs-grad,9.0,Divorced,Adm-clerical,Own-child,White,Male,0.0,0.0,48.0,United-states,<=50k
65.0,Private,10676713.0,Hs-grad,10.0,Never-married,Tech-support,Husband,White,Female,0.0,0.0,19.0,United-states,<=50k
59.0,Private,397414.0,Hs-grad,10.0,Never-married,Prof-specialty,Husband,White,Male,0.0,0.0,40.0,United-states,<=50k
29.0,Private,145755088.0,Bachelors,10.0,Married-civ-spouse,Sales,Husband,White,Female,0.0,0.0,34.0,United-states,<=50k
50.0,Private,175200.0,Some-college,10.0,Married-civ-spouse,Handlers-cleaners,Husband,White,Male,1813.0,0.0,41.0,United-states,<=50k
62.0,Private,916900.0,Hs-grad,10.0,Married-civ-spouse,Sales,Unmarried,White,Male,0.0,0.0,20.0,United-states,<=50k
44.0,Private,1157166.0,Hs-grad,15.0,Married-civ-spouse,Sales,Wife,White,Male,29792.0,0.0,40.0,United-states,>50k
43.0,Private,277544.0,Masters,10.0,Separated,Prof-specialty,Husband,White,Male,0.0,4045.0,40.0,United-states,<=50k
38.0,Private,1302360.0,10th,6.0,Married-civ-spouse,Exec-managerial,Other-relative,White,Male,0.0,179327.0,45.0,United-states,<=50k
50.0,Private,2650.0,Hs-grad,9.0,Married-civ-spouse,Tech-support,Husband,White,Male,0.0,0.0,40.0,United-states,<=50k
24.0,Never-worked,62293.0,Hs-grad,13.0,Separated,Machine-op-inspct,Wife,White,Female,2418.0,0.0,40.0,United-states,<=50k
48.0,Private,0.0,Hs-grad,14.0,Married-civ-spouse,Craft-repair,Own-child,White,Male,0.0,0.0,40.0,United-states,<=50k
31.0,Private,1451924.0,Hs-grad,13.0,Married-civ-spouse,Craft-repair,Not-in-family,White,Female,185415.0,0.0,45.0,United-states,<=50k
18.0,Private,406212.0,Hs-grad,10.0,Married-civ-spouse,Prof-specialty,Not-in-family,White,Male,0.0,0.0,49.0,United-states,<=50k
50.0,Private,145227.0,Some-college,13.0,Married-civ-spouse,Exec-managerial,Husband,White,Male,0.0,0.0,50.0,United-states,<=50k
25.0,Private,495.0,Some-college,35.0,Married-civ-spouse,Sales,Husband,White,Male,0.0,0.0,40.0,United-states,<=50k
20.0,State-gov,1454985.0,Bachelors,13.0,Never-married,Machine-op-inspct,Not-in-family,White,Male,0.0,0.0,40.0,United-states,<=50k
45.0,Private,105464.0,Bachelors,9.0,Married-civ-spouse,Protective-serv,Not-in-family,White,Female,0.0,0.0,40.0,United-states,<=50k
19.0,Private,156587.0,Masters,12.0,Separated,Other-service,Own-child,White,Male,0.0,0.0,40.0,United-states,<=50k
18.0,Private,10487.0,Some-college,10.0,Married-civ-spouse,Machine-op-inspct,Husband,Black,Female,30.0,0.0,34.0,United-states,<=50k
32.0,Private,141893.0,Some-college,13.0,Married-civ-spouse,Craft-repair,Unmarried,White,Male,0.0,0.0,93.0,Mexico,>50k
40.0,Private,1162254.0,Bachelors,10.0,Never-married,Machine-op-inspct,Own-child,White,Male,0.0,0.0,40.0,United-states,<=50k
55.0,Self-emp-not-inc,1304472.0,Assoc-voc,15.0,Married-civ-spouse,Handlers-cleaners,Husband,White,Male,0.0,0.0,45.0,United-states,<=50k
28.0,Private,1137719.0,Some-college,10.0,Never-married,Handlers-cleaners,Unmarried,Black,Female,1183.0,0.0,43.0,United-states,<=50k
65.0,Local-gov,1016854.0,Hs-grad,10.0,Married-civ-spouse,Craft-repair,Own-child,White,Male,0.0,17542.0,40.0,Peru,<=50k
30.0,Private,351279.0,Some-college,10.0,Married-civ-spouse,Sales,Not-in-family,White,Male,0.0,11531.0,40.0,United-states,<=50k
40.0,Private,107324.0,Hs-grad,10.0,Divorced,Craft-repair,Not-in-family,White,Female,0.0,0.0,10.0,United-states,<=50k
61.0,Local-gov,1104762.0,Doctorate,10.0,Never-married,Craft-repair,Not-in-family,White,Male,0.0,0.0,20.0,United-states,<=50k
34.0,Private,494481.0,Hs-grad,9.0,Married-civ-spouse,Sales,Own-child,Asian-pac-islander,Female,0.0,4085.0,58.0,United-states,>50k
40.0,Private,1155818.0,Some-college,10.0,Divorced,Craft-repair,Other-relative,White,Male,0.0,0.0,34.0,United-states,<=50k
40.0,Self-emp-not-inc,5414.0,Bachelors,15.0,Divorced,Prof-specialty,Husband,White,Male,0.0,0.0,55.0,United-states,>50k
23.0,Private,78764.0,Hs-grad,10.0,Divorced,Exec-managerial,Husband,White,Female,0.0,0.0,40.0,United-states,<=50k
40.0,Private,397928.0,Hs-grad,14.0,Widowed,Handlers-cleaners,Husband,White,Female,0.0,0.0,40.0,United-states,<=50k
40.0,Private,0.0,Hs-grad,5.0,Married-civ-spouse,Exec-managerial,Not-in-family,White,Female,0.0,0.0,40.0,United-states,<=50k
50.0,Local-gov,122635.0,Masters,9.0,Divorced,Craft-repair,Not-in-family,White,Female,0.0,0.0,37.0,United-states,<=50k
17.0,Private,145655.0,Some-college,13.0,Separated,Machine-op-inspct,Own-child,White,Male,0.0,0.0,16.0,United-states,<=50k
34.0,Private,248034.0,Assoc-voc,10.0,Never-married,Protective-serv,Own-child,White,Male,0.0,0.0,33.0,United-states,<=50k
24.0,Private,291953.0,Hs-grad,14.0,Divorced,Sales,Husband,White,Male,0.0,0.0,18.0,United-states,<=50k
28.0,Self-emp-not-inc,131951.0,Some-college,10.0,Married-civ-spouse,Transport-moving,Not-in-family,White,Male,0.0,0.0,40.0,United-states,<=50k
28.0,Private,3924.0,Hs-grad,4.0,Never-married,Sales,Unmarried,White,Male,0.0,0.0,20.0,United-states,<=50k
56.0,Private,576222.0,Hs-grad,6.0,Married-civ-spouse,Exec-managerial,Own-child,Black,Female,0.0,0.0,35.0,United-states,<=50k
40.0,Private,81619.0,Some-college,16.0,Divorced,Machine-op-inspct,Own-child,White,Male,0.0,0.0,36.0,United-states,<=50k
18.0,Private,394.0,Some-college,9.0,Divorced,Farming-fishing,Own-child,White,Male,0.0,0.0,36.0,United-states,<=50k
24.0,Self-emp-not-inc,2855.0,Bachelors,9.0,Married-spouse-absent,Exec-managerial,Not-in-family,White,Male,79525.0,0.0,40.0,United-states,<=50k
45.0,Private,645894.0,Hs-grad,9.0,Married-civ-spouse,Other-service,Husband,White,Male,964.0,0.0,50.0,United-states,>50k
40.0,Private,205985.0,11th,10.0,Married-civ-spouse,Craft-repair,Own-child,White,Female,0.0,0.0,36.0,United-states,>50k
50.0,Private,0.0,Some-college,3.0,Never-married,Craft-repair,Not-in-family,White,Male,0.0,0.0,29.0,Peru,<=50k
19.0,Local-gov,175366.0,Some-college,13.0,Never-married,Sales,Own-child,Black,Male,0.0,0.0,26.0,United-states,<=50k
37.0,Private,305.0,Hs-grad,12.0,Never-married,Prof-specialty,Wife,White,Male,0.0,0.0,60.0,United-states,<=50k
43.0,Private,132739.0,Hs-grad,12.0,Never-married,Other-service,Not-in-family,White,Male,0.0,0.0,40.0,United-states,<=50k
52.0,Private,0.0,Some-college,9.0,Married-civ-spouse,Transport-moving,Not-in-family,White,Female,0.0,0.0,55.0,United-states,<=50k
40.0,Private,56842.0,Hs-grad,10.0,Married-civ-spouse,Exec-managerial,Not-in-family,White,Male,0.0,0.0,40.0,United-states,<=50k
57.0,Private,63913.0,Some-college,10.0,Never-married,Prof-specialty,Husband,White,Male,0.0,0.0,30.0,United-states,<=50k
40.0,Private,56744.0,Hs-grad,9.0,Married-civ-spouse,Other-service,Unmarried,White,Male,0.0,0.0,40.0,United-states,<=50k
36.0,Private,1452313.0,Bachelors,9.0,Divorced,Craft-repair,Not-in-family,White,Female,0.0,201.0,40.0,United-states,<=50k
40.0,Private,964667.0,Masters,11.0,Married-civ-spouse,Other-service,Husband,White,Male,0.0,0.0,40.0,United-states,<=50k
50.0,Private,134422.0,Hs-grad,10.0,Never-married,Sales,Unmarried,White,Male,0.0,0.0,40.0,United-states,<=50k
40.0,Private,726900.0,Hs-grad,10.0,Never-married,Craft-repair,Own-child,White,Male,0.0,0.0,40.0,United-states,<=50k
47.0,Private,92698.0,Hs-grad,7.0,Married-civ-spouse,Exec-managerial,Husband,White,Male,0.0,188526.0,93.0,United-states,<=50k
34.0,Private,92684.0,Some-college,9.0,Married-civ-spouse,Prof-specialty,Own-child,White,Female,0.0,0.0,40.0,United-states,<=50k
41.0,Private,276485.0,Hs-grad,9.0,Separated,Sales,Husband,White,Male,0.0,0.0,40.0,United-states,<=50k
40.0,Private,130113.0,Bachelors,9.0,Married-civ-spouse,Sales,Own-child,White,Male,0.0,0.0,40.0,United-states,<=50k
48.0,Private,86862.0,Bachelors,9.0,Never-married,Craft-repair,Other-relative,White,Male,0.0,0.0,18.0,United-states,>50k
56.0,Private,121953.0,Hs-grad,9.0,Married-civ-spouse,Adm-clerical,Husband,White,Male,0.0,0.0,40.0,United-states,<=50k
58.0,Private,147075.0,Hs-grad,7.0,Married-civ-spouse,Sales,Husband,White,Male,0.0,0.0,40.0,United-states,<=50k
45.0,Private,104581.0,Bachelors,10.0,Married-civ-spouse,Machine-op-inspct,Not-in-family,White,Female,0.0,0.0,40.0,United-states,<=50k
40.0,Private,1457550.0,Some-college,13.0,Never-married,Craft-repair,Husband,White,Female,0.0,0.0,40.0,United-states,<=50k
40.0,Private,659264.0,Some-college,10.0,Married-civ-spouse,Sales,Husband,White,Male,0.0,0.0,40.0,United-states,<=50k
40.0,Private,502350.0,Hs-grad,14.0,Never-married,Craft-repair,Unmarried,White,Male,0.0,0.0,40.0,United-states,<=50k
33.0,Private,203970.0,Some-college,10.0,Widowed,Transport-moving,Husband,White,Male,0.0,0.0,40.0,United-states,<=50k
84.0,Private,107516.0,Hs-grad,14.0,Married-civ-spouse,Exec-managerial,Not-in-family,White,Male,0.0,0.0,40.0,United-states,<=50k
43.0,Private,98873.0,Hs-grad,10.0,Married-civ-spouse,Prof-specialty,Husband,White,Male,0.0,0.0,40.0,United-states,<=50k
30.0,Private,139550.0,Hs-grad,10.0,Married-civ-spouse,Protective-serv,Husband,White,Female,0.0,0.0,50.0,United-states,>50k
50.0,Private,73944613.0,Hs-grad,10.0,Never-married,Protective-serv,Other-relative,White,Male,0.0,0.0,40.0,United-states,<=50k
31.0,Private,85614.0,Hs-grad,9.0,Never-married,Handlers-cleaners,Own-child,White,Male,0.0,0.0,40.0,United-states,<=50k
82.0,Private,131488.0,Hs-grad,9.0,Married-civ-spouse,Craft-repair,Own-child,White,Male,0.0,0.0,50.0,United-states,<=50k
36.0,Private,278850.0,Some-college,9.0,Never-married,Prof-specialty,Husband,White,Male,0.0,0.0,32.0,United-states,<=50k
40.0,Private,135066.0,Hs-grad,10.0,Married-civ-spouse,Sales,Husband,White,Female,0.0,0.0,40.0,United-states,<=50k
50.0,Private,1451952.0,Hs-grad,12.0,Married-civ-spouse,Craft-repair,Own-child,White,Male,0.0,0.0,40.0,United-states,<=50k
25.0,Private,148878.0,Hs-grad,10.0,Married-civ-spouse,Adm-clerical,Not-in-family,White,Male,0.0,0.0,40.0,United-states,<=50k
30.0,Private,0.0,Some-college,11.0,Married-civ-spouse,Protective-serv,Unmarried,White,Male,0.0,0.0,40.0,United-states,<=50k
41.0,Local-gov,48612.0,Hs-grad,13.0,Never-married,Exec-managerial,Husband,White,Male,0.0,0.0,40.0,United-states,<=50k
30.0,Private,407319.0,Hs-grad,11.0,Never-married,Sales,Own-child,White,Female,0.0,0.0,40.0,United-states,<=50k
45.0,Private,130140.0,Hs-grad,10.0,Married-civ-spouse,Craft-repair,Own-child,White,Female,0.0,0.0,40.0,United-states,<=50k
27.0,Private,126786.0,Hs-grad,14.0,Married-civ-spouse,Prof-specialty,Husband,White,Male,0.0,0.0,40.0,United-states,<=50k
58.0,Private,111379.0,Hs-grad,9.0,Married-civ-spouse,Exec-managerial,Husband,White,Male,50.0,0.0,40.0,United-states,<=50k
50.0,Private,56898.0,Masters,13.0,Married-civ-spouse,Exec-managerial,Own-child,White,Male,0.0,0.0,45.0,United-states,<=50k
40.0,Private,168564.0,Hs-grad,9.0,Married-civ-spouse,Other-service,Husband,White,Female,0.0,0.0,50.0,United-states,<=50k
20.0,Private,11368896.0,Hs-grad,10.0,Never-married,Adm-clerical,Husband,White,Male,0.0,0.0,23.0,United-states,<=50k
41.0,Private,383849.0,Assoc-acdm,9.0,Married-civ-spouse,Prof-specialty,Not-in-family,White,Male,0.0,0.0,80.0,United-states,<=50k
55.0,Private,1154.0,Hs-grad,9.0,Married-civ-spouse,Farming-fishing,Not-in-family,White,Male,0.0,0.0,53.0,United-states,<=50k
40.0,Private,353843.0,Hs-grad,9.0,Married-civ-spouse,Craft-repair,Not-in-family,White,Male,0.0,0.0,40.0,United-states,>50k
18.0,Self-emp-not-inc,0.0,11th,15.0,Never-married,Machine-op-inspct,Husband,White,Male,0.0,0.0,40.0,United-states,>50k
60.0,Private,505125.0,Hs-grad,9.0,Never-married,Craft-repair,Husband,White,Male,0.0,0.0,45.0,United-states,<=50k
50.0,Private,503959.0,Bachelors,9.0,Married-civ-spouse,Adm-clerical,Wife,White,Male,0.0,0.0,40.0,United-states,<=50k
40.0,Private,121915.0,Masters,13.0,Married-civ-spouse,Tech-support,Own-child,White,Female,0.0,0.0,13.0,United-states,>50k
46.0,Private,131944.0,Some-college,10.0,Never-married,Craft-repair,Not-in-family,White,Male,0.0,0.0,40.0,United-states,<=50k
39.0,Private,120143.0,Some-college,10.0,Married-civ-spouse,Exec-managerial,Not-in-family,White,Male,0.0,0.0,40.0,United-states,<=50k
34.0,Private,137550.0,Hs-grad,9.0,Married-civ-spouse,Craft-repair,Husband,White,Male,0.0,0.0,40.0,United-states,<=50k
48.0,Private,391488.0,Hs-grad,10.0,Separated,Craft-repair,Husband,White,Male,0.0,0.0,40.0,United-states,<=50k
33.0,Private,1396424.0,Hs-grad,9.0,Married-civ-spouse,Craft-repair,Own-child,White,Female,0.0,0.0,48.0,United-states,<=50k
60.0,Private,278691.0,Hs-grad,10.0,Never-married,Prof-specialty,Own-child,White,Male,0.0,0.0,40.0,United-states,<=50k
40.0,Private,10292698.0,Some-college,9.0,Never-married,Other-service,Not-in-family,White,Female,0.0,0.0,40.0,United-states,<=50k
45.0,Private,140424.0,Assoc-voc,12.0,Married-civ-spouse,Sales,Not-in-family,White,Male,0.0,0.0,40.0,United-states,<=50k
40.0,Private,202665.0,Assoc-voc,10.0,Never-married,Other-service,Husband,White,Male,0.0,0.0,40.0,United-states,<=50k
40.0,Private,505.0,Bachelors,13.0,Married-civ-spouse,Sales,Not-in-family,White,Male,0.0,0.0,40.0,United-states,<=50k
40.0,Private,278456.0,Hs-grad,10.0,Never-married,Transport-moving,Husband,White,Male,0.0,0.0,40.0,United-states,<=50k
37.0,Private,141679.0,Hs-grad,9.0,Married-civ-spouse,Exec-managerial,Husband,White,Male,0.0,0.0,40.0,United-states,<=50k
57.0,Private,125624.0,Bachelors,0.0,Never-married,Exec-managerial,Husband,White,Male,0.0,0.0,50.0,United-states,<=50k
50.0,Private,1482913.0,Some-college,10.0,Married-civ-spouse,Adm-clerical,Husband,White,Male,0.0,0.0,46.0,United-states,<=50k
40.0,Private,6148344.0,Some-college,11.0,Never-married,Priv-house-serv,Husband,Black,Male,0.0,0.0,50.0,United-states,>50k
31.0,Private,63943.0,Hs-grad,9.0,Married-civ-spouse,Exec-managerial,Husband,White,Male,0.0,0.0,40.0,United-states,<=50k
40.0,Private,118856.0,Some-college,9.0,Married-civ-spouse,Exec-managerial,Not-in-family,White,Male,0.0,0.0,40.0,United-states,<=50k
50.0,Private,135424.0,Bachelors,13.0,Married-civ-spouse,Tech-support,Own-child,White,Female,0.0,0.0,0.0,United-states,<=50k
50.0,Private,57429.0,Bachelors,7.0,Widowed,Exec-managerial,Husband,White,Male,0.0,0.0,40.0,United-states,<=50k
40.0,Private,77316.0,Bachelors,10.0,Married-civ-spouse,Sales,Not-in-family,White,Male,0.0,0.0,9.0,United-states,<=50k
29.0,Private,148485026.0,Some-college,9.0,Married-civ-spouse,Adm-clerical,Not-in-family,White,Male,0.0,0.0,40.0,United-states,<=50k
56.0,Private,4227.0,Hs-grad,13.0,Married-civ-spouse,Transport-moving,Husband,White,Male,0.0,0.0,40.0,United-states,>50k
40.0,Private,406673.0,Hs-grad,10.0,Divorced,Machine-op-inspct,Husband,White,Male,0.0,0.0,40.0,United-states,<=50k
40.0,Private,1481088.0,Hs-grad,10.0,Never-married,Adm-clerical,Husband,White,Male,0.0,0.0,9.0,United-states,<=50k
58.0,Private,1101477.0,Bachelors,9.0,Married-civ-spouse,Transport-moving,Husband,White,Female,0.0,0.0,40.0,United-states,<=50k
20.0,Private,130185.0,Hs-grad,9.0,Married-civ-spouse,Exec-managerial,Not-in-family,White,Male,0.0,0.0,41.0,United-states,<=50k
40.0,Private,113624.0,Some-college,10.0,Married-civ-spouse,Prof-specialty,Unmarried,White,Male,0.0,0.0,40.0,United-states,<=50k
40.0,Private,586029.0,Some-college,14.0,Married-civ-spouse,Adm-clerical,Not-in-family,White,Female,0.0,0.0,40.0,United-states,<=50k
40.0,Private,76950.0,Hs-grad,9.0,Never-married,Exec-managerial,Husband,White,Male,0.0,0.0,48.0,United-states,>50k
38.0,Private,47988.0,Bachelors,10.0,Never-married,Adm-clerical,Own-child,White,Male,0.0,0.0,40.0,United-states,<=50k
32.0,Private,255524.0,Hs-grad,9.0,Married-civ-spouse,Adm-clerical,Husband,White,Male,0.0,0.0,40.0,United-states,>50k
20.0,Private,138848.0,Some-college,12.0,Never-married,Sales,Not-in-family,White,Male,0.0,0.0,40.0,United-states,<=50k
45.0,Private,76462.0,Hs-grad,15.0,Married-civ-spouse,Adm-clerical,Husband,White,Female,0.0,0.0,40.0,United-states,<=50k
44.0,Private,402370.0,Some-college,13.0,Never-married,Other-service,Own-child,White,Male,0.0,0.0,40.0,United-states,>50k
34.0,Private,1489922.0,Hs-grad,10.0,Married-civ-spouse,Machine-op-inspct,Own-child,White,Male,0.0,0.0,40.0,United-states,<=50k
50.0,Self-emp-not-inc,207950.0,Bachelors,9.0,Married-civ-spouse,Exec-managerial,Husband,White,Male,0.0,0.0,40.0,United-states,<=50k
40.0,Self-emp-not-inc,77562.0,Bachelors,9.0,Married-civ-spouse,Machine-op-inspct,Unmarried,White,Male,0.0,0.0,40.0,United-states,<=50k
45.0,Private,104498.0,Some-college,10.0,Married-civ-spouse,Adm-clerical,Husband,White,Male,0.0,0.0,35.0,United-states,<=50k
40.0,Private,635500.0,Hs-grad,16.0,Divorced,Adm-clerical,Other-relative,White,Male,0.0,0.0,40.0,United-states,<=50k
40.0,Private,383026.0,Hs-grad,6.0,Divorced,Machine-op-inspct,Husband,White,Male,0.0,0.0,40.0,United-states,<=50k
45.0,Private,205519.0,Hs-grad,9.0,Divorced,Exec-managerial,Own-child,White,Male,0.0,0.0,28.0,United-states,>50k
35.0,Self-emp-inc,121133.0,Some-college,13.0,Never-married,Machine-op-inspct,Own-child,White,Female,0.0,0.0,40.0,United-states,>50k
40.0,Private,0.0,Hs-grad,10.0,Married-civ-spouse,Craft-repair,Not-in-family,White,Male,0.0,0.0,40.0,United-states,<=50k
52.0,Private,140148.0,Hs-grad,9.0,Married-civ-spouse,Craft-repair,Husband,White,Male,0.0,0.0,40.0,United-states,<=50k
40.0,Private,177422.0,Some-college,9.0,Married-civ-spouse,Exec-managerial,Own-child,White,Male,0.0,0.0,40.0,United-states,<=50k
53.0,Private,55424.0,Assoc-voc,10.0,Never-married,Craft-repair,Unmarried,White,Male,0.0,0.0,40.0,United-states,<=50k
35.0,Private,1095.0,Hs-grad,10.0,Married-civ-spouse,Adm-clerical,Not-in-family,White,Male,0.0,0.0,40.0,United-states,<=50k
40.0,Private,181802.0,Assoc-acdm,10.0,Never-married,Other-service,Unmarried,White,Male,0.0,0.0,40.0,United-states,<=50k
70.0,Private,148835.0,Hs-grad,8.0,Never-married,Craft-repair,Not-in-family,White,Male,0.0,0.0,40.0,United-states,<=50k
21.0,Private,131959.0,Hs-grad,10.0,Married-civ-spouse,Prof-specialty,Husband,White,Male,0.0,0.0,40.0,United-states,<=50k
50.0,Private,1196275.0,Some-college,16.0,Married-civ-spouse,Adm-clerical,Husband,White,Female,0.0,0.0,40.0,United-states,<=50k
56.0,Private,45466.0,Hs-grad,10.0,Never-married,Adm-clerical,Husband,White,Male,0.0,0.0,40.0,United-states,<=50k
40.0,Private,104984.0,Hs-grad,10.0,Never-married,Adm-clerical,Own-child,White,Female,0.0,0.0,40.0,United-states,<=50k
49.0,Private,135418.0,Hs-grad,16.0,Married-civ-spouse,Other-service,Own-child,White,Male,0.0,0.0,40.0,United-states,<=50k
45.0,Private,98819.0,Some-college,10.0,Married-civ-spouse,Craft-repair,Husband,White,Female,0.0,0.0,40.0,United-states,<=50k
34.0,Private,137924.0,Some-college,10.0,Married-civ-spouse,Prof-specialty,Not-in-family,White,Male,0.0,0.0,46.0,United-states,<=50k
40.0,Self-emp-not-inc,602450.0,Some-college,13.0,Never-married,Adm-clerical,Husband,White,Female,0.0,0.0,25.0,United-states,<=50k
20.0,Private,137542.0,Some-college,10.0,Never-married,Craft-repair,Unmarried,White,Male,0.0,0.0,45.0,Greece,<=50k
58.0,Private,208575.0,Hs-grad,10.0,Married-civ-spouse,Exec-managerial,Not-in-family,White,Male,0.0,0.0,40.0,United-states,<=50k
45.0,Private,76413.0,Some-college,13.0,Married-civ-spouse,Adm-clerical,Husband,White,Female,0.0,0.0,40.0,United-states,<=50k
40.0,Private,135059.0,Bachelors,13.0,Married-civ-spouse,Exec-managerial,Own-child,White,Male,0.0,0.0,40.0,United-states,<=50k
40.0,Private,995245.0,Assoc-acdm,13.0,Married-civ-spouse,Craft-repair,Husband,White,Male,0.0,0.0,40.0,United-states,<=50k
40.0,Private,137554.0,Bachelors,13.0,Married-civ-spouse,Exec-managerial,Husband,White,Male,0.0,0.0,27.0,United-states,<=50k
50.0,Private,455.0,Hs-grad,14.0,Married-civ-spouse,Transport-moving,Not-in-family,White,Male,0.0,0.0,40.0,United-states,<=50k
40.0,Private,295052.0,Hs-grad,9.0,Never-married,Tech-support,Unmarried,White,Male,0.0,0.0,40.0,United-states,<=50k
37.0,Private,353314.0,Bachelors,7.0,Married-civ-spouse,Sales,Husband,White,Male,0.0,0.0,35.0,United-states,<=50k
23.0,Private,314921.0,Some-college,4.0,Never-married,Exec-managerial,Husband,White,Male,0.0,0.0,40.0,United-states,>50k
80.0,Private,171950.0,Hs-grad,7.0,Married-civ-spouse,Sales,Husband,White,Male,0.0,0.0,40.0,United-states,<=50k
35.0,Private,144789.0,Hs-grad,11.0,Divorced,Craft-repair,Not-in-family,White,Male,0.0,0.0,40.0,United-states,<=50k
40.0,Private,915441.0,Some-college,9.0,Never-married,Exec-managerial,Own-child,White,Male,0.0,0.0,40.0,United-states,<=50k
50.0,Private,483512.0,11th,9.0,Married-civ-spouse,Sales,Husband,Black,Male,0.0,0.0,40.0,United-states,>50k
40.0,Private,2085.0,Hs-grad,14.0,Married-civ-spouse,Sales,Husband,White,Male,0.0,0.0,40.0,United-states,<=50k
40.0,Private,306067.0,Bachelors,10.0,Married-civ-spouse,Sales,Husband,White,Male,0.0,0.0,40.0,United-states,<=50k
23.0,Private,1181095.0,Hs-grad,9.0,Married-civ-spouse,Exec-managerial,Husband,White,Male,0.0,0.0,40.0,United-states,<=50k
27.0,Private,107528.0,Bachelors,5.0,Divorced,Craft-repair,Not-in-family,White,Female,0.0,0.0,40.0,United-states,<=50k
40.0,Private,288054.0,Hs-grad,9.0,Never-married,Other-service,Husband,White,Male,0.0,0.0,40.0,United-states,<=50k
20.0,Private,4789.0,Hs-grad,12.0,Never-married,Prof-specialty,Husband,White,Female,0.0,0.0,40.0,United-states,<=50k
40.0,Private,0.0,Hs-grad,10.0,Married-civ-spouse,Transport-moving,Own-child,White,Female,0.0,0.0,9.0,United-states,<=50k
40.0,Private,115419.0,Hs-grad,15.0,Married-civ-spouse,Sales,Husband,White,Female,0.0,0.0,40.0,United-states,<=50k
45.0,Private,118811.0,Hs-grad,9.0,Married-civ-spouse,Adm-clerical,Husband,White,Male,0.0,0.0,40.0,United-states,<=50k
65.0,Private,95589.0,Hs-grad,13.0,Married-civ-spouse,Exec-managerial,Husband,White,Female,0.0,0.0,40.0,United-states,<=50k
44.0,Private,131395.0,Hs-grad,13.0,Married-civ-spouse,Adm-clerical,Husband,White,Female,0.0,0.0,40.0,United-states,<=50k
32.0,Private,252650.0,Masters,13.0,Married-civ-spouse,Craft-repair,Husband,White,Male,0.0,0.0,40.0,United-states,<=50k
33.0,Private,1487824.0,Hs-grad,9.0,Married-civ-spouse,Sales,Husband,White,Male,0.0,0.0,40.0,United-states,<=50k
33.0,Private,208099.0,Hs-grad,9.0,Divorced,Craft-repair,Husband,White,Male,0.0,0.0,41.0,United-states,<=50k
40.0,Private,67988.0,Some-college,11.0,Married-civ-spouse,Craft-repair,Unmarried,White,Male,0.0,0.0,40.0,United-states,<=50k
45.0,Private,95898.0,9th,9.0,Divorced,Craft-repair,Unmarried,White,Female,0.0,0.0,60.0,United-states,<=50k
40.0,Private,147867.0,Some-college,10.0,Never-married,Exec-managerial,Husband,White,Female,0.0,0.0,33.0,United-states,<=50k
40.0,Private,77562.0,Hs-grad,9.0,Married-civ-spouse,Sales,Own-child,White,Male,0.0,0.0,40.0,United-states,<=50k
52.0,Local-gov,1484974.0,Some-college,10.0,Divorced,Sales,Husband,White,Female,0.0,0.0,35.0,United-states,<=50k
40.0,Private,0.0,Masters,13.0,Married-civ-spouse,Exec-managerial,Own-child,White,Female,0.0,0.0,40.0,United-states,<=50k
31.0,Private,1191924.0,Hs-grad,7.0,Married-civ-spouse,Transport-moving,Husband,White,Male,0.0,0.0,10.0,United-states,<=50k
20.0,Private,402660.0,Some-college,10.0,Married-civ-spouse,Machine-op-inspct,Own-child,White,Male,0.0,0.0,40.0,United-states,<=50k
32.0,Private,643227.0,Hs-grad,10.0,Married-civ-spouse,Exec-managerial,Husband,White,Male,0.0,0.0,40.0,United-states,<=50k
50.0,Private,72451.0,Some-college,10.0,Married-civ-spouse,Adm-clerical,Own-child,White,Male,0.0,0.0,40.0,United-states,<=50k
23.0,Private,69616.0,Some-college,9.0,Never-married,Machine-op-inspct,Own-child,White,Male,0.0,0.0,40.0,United-states,<=50k
39.0,Private,145319.0,Some-college,10.0,Married-civ-spouse,Sales,Husband,White,Male,0.0,0.0,40.0,United-states,<=50k
40.0,Private,184845.0,Some-college,9.0,Never-married,Sales,Husband,White,Male,0.0,0.0,40.0,United-states,<=50k
25.0,Private,11478817.0,Hs-grad,10.0,Married-civ-spouse,Prof-specialty,Husband,White,Male,0.0,0.0,10.0,United-states,<=50k
17.0,Private,133924.0,Hs-grad,10.0,Divorced,Prof-specialty,Not-in-family,White,Female,0.0,0.0,40.0,United-states,<=50k
40.0,Self-emp-not-inc,103917.0,Hs-grad,9.0,Never-married,Tech-support,Husband,White,Male,0.0,0.0,40.0,United-states,<=50k
40.0,Private,2429.0,Some-college,5.0,Married-civ-spouse,Exec-managerial,Own-child,White,Male,0.0,0.0,40.0,United-states,>50k
35.0,Private,0.0,Hs-grad,10.0,Married-civ-spouse,Exec-managerial,Own-child,White,Male,0.0,0.0,40.0,United-states,<=50k
46.0,Private,185420.0,Hs-grad,13.0,Never-married,Machine-op-inspct,Not-in-family,White,Male,0.0,0.0,10.0,United-states,<=50k
38.0,Self-emp-inc,564982.0,Hs-grad,12.0,Married-civ-spouse,Craft-repair,Not-in-family,White,Male,0.0,0.0,28.0,United-states,<=50k
23.0,Private,79945.0,Some-college,10.0,Never-married,Prof-specialty,Not-in-family,White,Male,0.0,0.0,45.0,United-states,>50k
28.0,Private,146467.0,Some-college,9.0,Never-married,Sales,Own-child,White,Male,0.0,0.0,24.0,United-states,<=50k
52.0,Private,4.0,Bachelors,10.0,Married-civ-spouse,Exec-managerial,Own-child,White,Male,0.0,0.0,34.0,United-states,<=50k
53.0,Self-emp-inc,1159967.0,Hs-grad,9.0,Married-civ-spouse,Machine-op-inspct,Not-in-family,White,Male,0.0,0.0,32.0,United-states,>50k
24.0,Private,273950.0,Hs-grad,13.0,Never-married,Sales,Husband,White,Female,0.0,0.0,40.0,United-states,>50k
60.0,Private,76493.0,Hs-grad,6.0,Married-civ-spouse,Other-service,Unmarried,White,Male,40892.0,0.0,40.0,United-states,<=50k
80.0,Private,2799.0,9th,9.0,Married-civ-spouse,Exec-managerial,Not-in-family,White,Male,0.0,0.0,40.0,United-states,<=50k
19.0,Private,136878.0,Hs-grad,13.0,Never-married,Other-service,Own-child,White,Female,0.0,0.0,40.0,United-states,<=50k
34.0,Private,568667.0,Bachelors,14.0,Divorced,Adm-clerical,Not-in-family,White,Female,0.0,0.0,40.0,United-states,<=50k
40.0,Private,1452416.0,Some-college,10.0,Married-civ-spouse,Exec-managerial,Husband,White,Male,0.0,0.0,25.0,United-states,>50k
33.0,Private,14343401.0,Bachelors,10.0,Married-civ-spouse,Craft-repair,Husband,White,Male,0.0,0.0,40.0,United-states,<=50k
36.0,Private,895.0,Hs-grad,9.0,Never-married,Sales,Husband,White,Male,0.0,0.0,40.0,United-states,<=50k
40.0,Private,143582.0,Hs-grad,10.0,Never-married,Craft-repair,Not-in-family,White,Male,0.0,0.0,40.0,United-states,<=50k
52.0,Private,1302695.0,Hs-grad,9.0,Married-civ-spouse,Tech-support,Not-in-family,White,Male,0.0,0.0,40.0,United-states,<=50k
18.0,Private,1017950.0,Hs-grad,14.0,Married-civ-spouse,Adm-clerical,Own-child,White,Male,0.0,0.0,40.0,United-states,<=50k
18.0,Private,497650.0,Hs-grad,9.0,Married-civ-spouse,Machine-op-inspct,Own-child,White,Male,0.0,0.0,40.0,United-states,<=50k
42.0,Private,252635.0,Hs-grad,10.0,Married-civ-spouse,Prof-specialty,Husband,White,Male,0.0,0.0,40.0,United-states,<=50k
18.0,Private,959054.0,Hs-grad,10.0,Married-civ-spouse,Craft-repair,Unmarried,White,Male,0.0,0.0,40.0,United-states,<=50k
19.0,Private,305.0,Hs-grad,9.0,Divorced,Exec-managerial,Not-in-family,White,Female,0.0,0.0,40.0,United-states,<=50k
40.0,Private,0.0,Hs-grad,9.0,Married-civ-spouse,Other-service,Not-in-family,White,Male,0.0,0.0,40.0,United-states,>50k
42.0,Private,121953.0,Bachelors,7.0,Married-civ-spouse,Other-service,Husband,White,Male,0.0,0.0,11.0,United-states,<=50k
30.0,Private,723227.0,Hs-grad,10.0,Married-civ-spouse,Exec-managerial,Husband,White,Male,0.0,0.0,40.0,United-states,<=50k
51.0,Private,54930.0,Hs-grad,10.0,Married-civ-spouse,Craft-repair,Husband,White,Male,1802.0,0.0,40.0,United-states,<=50k
27.0,Private,102726.0,Bachelors,10.0,Married-civ-spouse,Prof-specialty,Own-child,White,Male,0.0,0.0,40.0,United-states,>50k
30.0,Private,1484547.0,11th,13.0,Married-civ-spouse,Handlers-cleaners,Not-in-family,White,Male,0.0,0.0,40.0,United-states,<=50k
40.0,Private,1454988.0,Hs-grad,10.0,Married-civ-spouse,Sales,Husband,White,Female,0.0,0.0,0.0,United-states,<=50k
40.0,Never-worked,139324.0,Hs-grad,9.0,Married-civ-spouse,Prof-specialty,Husband,White,Male,0.0,0.0,40.0,United-states,>50k
18.0,Private,131339.0,Hs-grad,10.0,Married-civ-spouse,Tech-support,Husband,White,Female,0.0,0.0,40.0,United-states,<=50k
40.0,Private,1305942.0,11th,13.0,Never-married,Handlers-cleaners,Not-in-family,White,Male,0.0,0.0,40.0,United-states,<=50k
22.0,Private,248519.0,Some-college,10.0,Married-civ-spouse,Prof-specialty,Own-child,White,Male,0.0,0.0,40.0,United-states,<=50k
28.0,Private,26.0,Some-college,13.0,Married-civ-spouse,Tech-support,Unmarried,White,Male,0.0,0.0,40.0,United-states,<=50k
55.0,Private,368922.0,Hs-grad,15.0,Never-married,Other-service,Husband,White,Male,0.0,0.0,50.0,United-states,<=50k
39.0,Private,107413.0,Hs-grad,9.0,Never-married,Sales,Husband,White,Male,0.0,0.0,45.0,United-states,<=50k
37.0,Private,132419.0,Bachelors,13.0,Divorced,Craft-repair,Not-in-family,White,Female,0.0,0.0,40.0,United-states,<=50k
45.0,Private,115918.0,Hs-grad,9.0,Never-married,Exec-managerial,Own-child,White,Male,0.0,0.0,40.0,United-states,<=50k
60.0,Private,838350.0,Bachelors,10.0,Married-civ-spouse,Exec-managerial,Husband,White,Male,0.0,0.0,20.0,United-states,<=50k
40.0,Private,1107318.0,Some-college,15.0,Never-married,Prof-specialty,Husband,White,Female,0.0,0.0,20.0,United-states,<=50k
46.0,Private,141902.0,Some-college,13.0,Married-civ-spouse,Sales,Unmarried,White,Female,0.0,0.0,16.0,United-states,<=50k
35.0,Private,78898.0,Masters,9.0,Married-civ-spouse,Other-service,Husband,White,Female,0.0,0.0,9.0,United-states,<=50k
40.0,Private,44786.0,Some-college,9.0,Never-married,Prof-specialty,Not-in-family,White,Female,0.0,0.0,9.0,United-states,<=50k
37.0,Federal-gov,127542.0,Some-college,9.0,Married-civ-spouse,Craft-repair,Husband,White,Male,0.0,0.0,40.0,United-states,<=50k
18.0,Private,54913.0,Assoc-voc,9.0,Divorced,Prof-specialty,Not-in-family,White,Female,0.0,0.0,40.0,United-states,<=50k
40.0,Private,131250.0,Assoc-voc,13.0,Married-civ-spouse,Exec-managerial,Not-in-family,White,Male,0.0,0.0,40.0,United-states,<=50k
45.0,Private,102975.0,Hs-grad,9.0,Married-civ-spouse,Exec-managerial,Not-in-family,White,Female,0.0,0.0,40.0,United-states,<=50k
50.0,Private,83943.0,Hs-grad,10.0,Married-civ-spouse,Sales,Unmarried,White,Female,91850.0,0.0,35.0,United-states,<=50k
40.0,Private,103895.0,Assoc-voc,9.0,Married-civ-spouse,Craft-repair,Husband,White,Male,0.0,0.0,40.0,United-states,<=50k
20.0,Private,139580.0,Some-college,9.0,Never-married,Sales,Own-child,White,Male,0.0,0.0,40.0,United-states,<=50k
48.0,Private,302988.0,Some-college,13.0,Married-civ-spouse,Other-service,Not-in-family,White,Male,0.0,0.0,40.0,United-states,<=50k
40.0,Private,484288.0,Hs-grad,11.0,Never-married,Transport-moving,Own-child,White,Male,0.0,0.0,40.0,United-states,<=50k
28.0,Private,0.0,Some-college,10.0,Divorced,Exec-managerial,Husband,White,Male,0.0,0.0,40.0,United-states,<=50k
4078.0,Private,67967.0,Hs-grad,9.0,Married-civ-spouse,Exec-managerial,Own-child,White,Female,0.0,0.0,31.0,United-states,<=50k
50.0,Private,605085.0,Hs-grad,9.0,Married-civ-spouse,Adm-clerical,Husband,White,Male,0.0,0.0,40.0,United-states,<=50k
23.0,Private,61943.0,Hs-grad,16.0,Married-civ-spouse,Sales,Unmarried,White,Male,0.0,0.0,40.0,United-states,<=50k
41.0,Private,115838.0,Hs-grad,14.0,Married-civ-spouse,Machine-op-inspct,Husband,White,Female,0.0,0.0,20.0,United-states,<=50k
40.0,Private,118856.0,Some-college,10.0,Married-civ-spouse,Protective-serv,Husband,White,Male,0.0,0.0,40.0,United-states,<=50k
76.0,Private,140519.0,Assoc-voc,9.0,Divorced,Sales,Unmarried,White,Male,0.0,0.0,40.0,United-states,<=50k
40.0,Private,61273.0,Hs-grad,12.0,Married-civ-spouse,Exec-managerial,Husband,White,Male,0.0,0.0,50.0,United-states,>50k
40.0,Private,122450.0,Some-college,2.0,Married-civ-spouse,Other-service,Own-child,White,Male,0.0,0.0,40.0,United-states,<=50k
45.0,Self-emp-not-inc,343748.0,Bachelors,9.0,Divorced,Transport-moving,Husband,White,Male,0.0,0.0,40.0,United-states,<=50k
40.0,Private,11459862.0,Hs-grad,16.0,Married-civ-spouse,Handlers-cleaners,Husband,White,Male,0.0,0.0,40.0,United-states,<=50k
60.0,Private,402562.0,Hs-grad,9.0,Married-civ-spouse,Handlers-cleaners,Husband,White,Female,0.0,0.0,40.0,United-states,<=50k
22.0,Private,50846.0,Hs-grad,11.0,Married-civ-spouse,Prof-specialty,Husband,White,Male,0.0,0.0,29.0,United-states,<=50k
40.0,Private,858275.0,Prof-school,11.0,Never-married,Machine-op-inspct,Husband,White,Male,0.0,0.0,40.0,United-states,<=50k
40.0,Private,506365.0,Hs-grad,9.0,Married-civ-spouse,Craft-repair,Not-in-family,White,Male,0.0,0.0,43.0,United-states,<=50k
40.0,Private,48853.0,Bachelors,9.0,Married-civ-spouse,Craft-repair,Husband,White,Male,0.0,0.0,40.0,United-states,<=50k
40.0,Local-gov,0.0,Some-college,10.0,Married-civ-spouse,Exec-managerial,Husband,White,Female,0.0,0.0,40.0,United-states,<=50k
60.0,Private,954268.0,Hs-grad,16.0,Never-married,Machine-op-inspct,Husband,White,Male,0.0,0.0,46.0,United-states,<=50k
40.0,Private,61890.0,Hs-grad,7.0,Never-married,Handlers-cleaners,Husband,White,Male,0.0,0.0,13.0,United-states,<=50k
50.0,Private,108855.0,Some-college,9.0,Married-civ-spouse,Sales,Own-child,White,Male,0.0,0.0,40.0,United-states,<=50k
21.0,Private,91885.0,10th,13.0,Never-married,Exec-managerial,Husband,White,Male,0.0,0.0,40.0,United-states,<=50k
27.0,Private,756300.0,Hs-grad,10.0,Never-married,Sales,Unmarried,White,Male,0.0,0.0,11.0,United-states,<=50k
50.0,Private,135549.0,Hs-grad,9.0,Never-married,Other-service,Own-child,White,Female,0.0,77919.0,40.0,United-states,<=50k
40.0,Private,2026.0,Some-college,7.0,Married-civ-spouse,Adm-clerical,Husband,White,Male,0.0,0.0,40.0,United-states,>50k
37.0,Private,243206.0,Hs-grad,9.0,Married-civ-spouse,Adm-clerical,Other-relative,White,Male,0.0,0.0,40.0,United-states,<=50k
40.0,Private,87317.0,Hs-grad,9.0,Married-civ-spouse,Craft-repair,Husband,White,Female,0.0,0.0,40.0,United-states,<=50k
40.0,Private,1347.0,Bachelors,9.0,Married-civ-spouse,Adm-clerical,Own-child,White,Male,0.0,0.0,45.0,United-states,<=50k
22.0,Private,126473.0,Bachelors,10.0,Never-married,Machine-op-inspct,Husband,White,Female,0.0,0.0,40.0,United-states,<=50k
20.0,Private,122436.0,Hs-grad,10.0,Divorced,Sales,Husband,White,Female,0.0,0.0,0.0,United-states,<=50k
39.0,Federal-gov,145545.0,Hs-grad,2.0,Married-civ-spouse,Exec-managerial,Not-in-family,White,Female,0.0,0.0,40.0,United-states,<=50k
25.0,Private,77500.0,Some-college,9.0,Separated,Prof-specialty,Husband,White,Female,0.0,0.0,40.0,United-states,<=50k
41.0,Private,114773.0,Hs-grad,9.0,Never-married,Exec-managerial,Husband,White,Male,0.0,0.0,40.0,United-states,<=50k
37.0,Private,178549.0,Hs-grad,10.0,Never-married,Other-service,Unmarried,White,Female,0.0,0.0,43.0,United-states,<=50k
40.0,Private,82464.0,Hs-grad,9.0,Married-civ-spouse,Sales,Own-child,White,Male,0.0,0.0,93.0,United-states,<=50k
30.0,Federal-gov,132401.0,11th,9.0,Divorced,Sales,Not-in-family,White,Female,0.0,0.0,40.0,United-states,>50k
40.0,Private,273973.0,Assoc-acdm,13.0,Married-civ-spouse,Adm-clerical,Husband,White,Male,0.0,0.0,10.0,United-states,<=50k
19.0,Private,516204.0,Bachelors,5.0,Never-married,Sales,Husband,White,Female,0.0,0.0,40.0,United-states,<=50k
34.0,Private,121955.0,Hs-grad,13.0,Never-married,Adm-clerical,Husband,White,Male,207921.0,0.0,40.0,United-states,<=50k
21.0,Private,285078.0,Some-college,16.0,Married-civ-spouse,Prof-specialty,Own-child,White,Male,0.0,0.0,25.0,United-states,<=50k
33.0,State-gov,58875.0,Bachelors,13.0,Divorced,Craft-repair,Not-in-family,White,Male,0.0,0.0,40.0,United-states,<=50k
19.0,Private,391802.0,Some-college,14.0,Married-civ-spouse,Exec-managerial,Husband,White,Male,0.0,0.0,40.0,United-states,<=50k
52.0,Private,56988.0,Hs-grad,9.0,Married-civ-spouse,Handlers-cleaners,Husband,White,Female,0.0,0.0,42.0,United-states,<=50k
40.0,Private,110927.0,Assoc-voc,14.0,Married-civ-spouse,Exec-managerial,Husband,White,Female,0.0,0.0,20.0,United-states,<=50k
35.0,Private,53924.0,Hs-grad,10.0,Married-civ-spouse,Prof-specialty,Not-in-family,White,Female,0.0,0.0,43.0,United-states,<=50k
24.0,Self-emp-not-inc,11624.0,Some-college,10.0,Never-married,Exec-managerial,Husband,White,Male,0.0,0.0,93.0,United-states,<=50k
40.0,Private,11331762.0,Hs-grad,9.0,Married-civ-spouse,Machine-op-inspct,Not-in-family,White,Female,0.0,0.0,40.0,United-states,<=50k
55.0,Private,147422.0,Hs-grad,6.0,Married-civ-spouse,Exec-managerial,Husband,White,Female,0.0,0.0,40.0,United-states,<=50k
33.0,Private,131333.0,Hs-grad,13.0,Divorced,Adm-clerical,Husband,White,Male,0.0,0.0,40.0,United-states,<=50k
40.0,Private,56853.0,Hs-grad,9.0,Never-married,Prof-specialty,Unmarried,White,Male,0.0,0.0,40.0,United-states,<=50k
58.0,Private,148875.0,Hs-grad,13.0,Married-civ-spouse,Adm-clerical,Husband,White,Male,0.0,0.0,40.0,United-states,<=50k
41.0,Private,130816.0,Some-college,12.0,Married-civ-spouse,Adm-clerical,Husband,White,Male,0.0,0.0,40.0,United-states,<=50k
17.0,Private,404880.0,12th,10.0,Married-civ-spouse,Craft-repair,Unmarried,White,Male,0.0,0.0,23.0,United-states,<=50k
44.0,Private,118848.0,11th,10.0,Married-civ-spouse,Other-service,Unmarried,White,Male,0.0,0.0,26.0,United-states,<=50k
18.0,Private,455.0,Some-college,9.0,Married-civ-spouse,Transport-moving,Not-in-family,White,Male,0.0,0.0,18.0,United-states,<=50k
52.0,Private,250150.0,Assoc-voc,10.0,Divorced,Sales,Not-in-family,White,Female,0.0,0.0,45.0,United-states,<=50k
30.0,Private,353574.0,Masters,10.0,Married-civ-spouse,Craft-repair,Not-in-family,White,Female,0.0,0.0,40.0,United-states,<=50k
17.0,Private,314939.0,Bachelors,9.0,Married-civ-spouse,Prof-specialty,Husband,White,Male,0.0,0.0,40.0,United-states,<=50k
40.0,Private,107327.0,Some-college,10.0,Married-civ-spouse,Prof-specialty,Own-child,White,Female,14691.0,0.0,20.0,United-states,>50k
40.0,Private,61904.0,Some-college,9.0,Married-civ-spouse,Craft-repair,Own-child,White,Female,0.0,0.0,40.0,United-states,<=50k
40.0,Private,108866.0,Hs-grad,9.0,Divorced,Adm-clerical,Husband,White,Male,0.0,0.0,46.0,United-states,<=50k
47.0,Private,82474.0,Some-college,9.0,Never-married,Machine-op-inspct,Unmarried,White,Male,0.0,0.0,40.0,United-states,<=50k
60.0,Private,973456.0,Hs-grad,9.0,Married-spouse-absent,Prof-specialty,Husband,White,Female,0.0,0.0,40.0,United-states,<=50k
28.0,Private,126222313.0,Some-college,9.0,Married-civ-spouse,Exec-managerial,Husband,White,Male,0.0,0.0,40.0,United-states,<=50k
25.0,State-gov,1306079.0,Hs-grad,9.0,Married-civ-spouse,Tech-support,Husband,White,Female,0.0,0.0,50.0,United-states,<=50k
23.0,Private,1355892.0,Hs-grad,13.0,Married-civ-spouse,Prof-specialty,Husband,White,Male,0.0,0.0,40.0,United-states,<=50k
23.0,Private,181941.0,Hs-grad,13.0,Widowed,Exec-managerial,Not-in-family,White,Male,0.0,0.0,43.0,United-states,<=50k
40.0,Private,53578.0,Some-college,9.0,Married-civ-spouse,Transport-moving,Husband,White,Male,0.0,0.0,40.0,United-states,<=50k
76.0,Private,98544.0,Hs-grad,10.0,Never-married,Sales,Not-in-family,White,Male,0.0,0.0,10.0,United-states,<=50k
50.0,Private,148872.0,Hs-grad,10.0,Married-civ-spouse,Exec-managerial,Husband,White,Male,0.0,0.0,40.0,United-states,<=50k
35.0,Private,392480.0,Bachelors,13.0,Married-civ-spouse,Sales,Husband,White,Male,0.0,0.0,50.0,United-states,<=50k
50.0,Private,61918.0,Some-college,10.0,Married-civ-spouse,Tech-support,Husband,White,Male,0.0,0.0,50.0,United-states,<=50k
31.0,Federal-gov,383022.0,Some-college,9.0,Married-civ-spouse,Transport-moving,Not-in-family,White,Male,0.0,0.0,36.0,United-states,<=50k
53.0,Private,0.0,Bachelors,13.0,Divorced,Sales,Not-in-family,White,Male,0.0,0.0,40.0,United-states,<=50k
40.0,Self-emp-not-inc,1182453.0,Some-college,7.0,Never-married,Craft-repair,Not-in-family,White,Female,0.0,0.0,45.0,United-states,<=50k
50.0,Private,1454966.0,Some-college,8.0,Married-civ-spouse,Craft-repair,Not-in-family,White,Male,0.0,3303.0,9.0,United-states,<=50k
31.0,Private,604895.0,Hs-grad,9.0,Never-married,Handlers-cleaners,Not-in-family,White,Male,0.0,0.0,40.0,United-states,<=50k
50.0,Private,748206.0,Hs-grad,10.0,Married-civ-spouse,Machine-op-inspct,Own-child,White,Male,0.0,0.0,40.0,United-states,<=50k
60.0,Private,1489850.0,Hs-grad,4.0,Married-civ-spouse,Prof-specialty,Own-child,White,Male,0.0,0.0,30.0,United-states,<=50k
40.0,Private,603413.0,Hs-grad,9.0,Never-married,Other-service,Husband,White,Male,0.0,0.0,40.0,United-states,>50k
36.0,Private,327588.0,Hs-grad,9.0,Never-married,Sales,Unmarried,White,Female,0.0,0.0,40.0,United-states,<=50k
50.0,Private,502813.0,Hs-grad,9.0,Married-civ-spouse,Other-service,Not-in-family,White,Female,0.0,0.0,20.0,United-states,<=50k
18.0,Private,272650.0,Hs-grad,13.0,Married-civ-spouse,Adm-clerical,Husband,White,Male,0.0,0.0,40.0,United-states,<=50k
40.0,Local-gov,136873.0,Hs-grad,15.0,Divorced,Sales,Husband,White,Male,0.0,0.0,52.0,United-states,<=50k
40.0,Private,86498.0,Hs-grad,7.0,Married-civ-spouse,Machine-op-inspct,Not-in-family,White,Male,0.0,0.0,40.0,United-states,>50k
45.0,Private,497950.0,Hs-grad,9.0,Married-civ-spouse,Craft-repair,Unmarried,White,Male,0.0,0.0,65.0,United-states,>50k
55.0,Private,139548.0,Bachelors,10.0,Married-civ-spouse,Machine-op-inspct,Own-child,White,Male,0.0,0.0,40.0,United-states,<=50k
32.0,Self-emp-not-inc,157973.0,Hs-grad,10.0,Never-married,Craft-repair,Husband,White,Female,0.0,0.0,40.0,United-states,>50k
46.0,Private,1482798.0,Hs-grad,10.0,Married-civ-spouse,Craft-repair,Husband,White,Male,0.0,0.0,40.0,United-states,<=50k
34.0,Private,144479.0,Hs-grad,8.0,Married-civ-spouse,Exec-managerial,Own-child,White,Male,0.0,0.0,50.0,United-states,<=50k
50.0,Private,73579.0,Hs-grad,9.0,Divorced,Machine-op-inspct,Husband,White,Female,0.0,0.0,40.0,United-states,<=50k
50.0,Private,132750.0,Some-college,10.0,Married-civ-spouse,Prof-specialty,Husband,White,Male,0.0,0.0,40.0,United-states,<=50k
28.0,Private,84798.0,Hs-grad,6.0,Married-civ-spouse,Craft-repair,Not-in-family,White,Female,0.0,0.0,40.0,United-states,<=50k
55.0,Private,1456688.0,Hs-grad,11.0,Married-civ-spouse,Transport-moving,Husband,White,Male,0.0,0.0,40.0,United-states,<=50k
45.0,Private,131918.0,Hs-grad,9.0,Never-married,Exec-managerial,Not-in-family,White,Male,0.0,0.0,40.0,United-states,<=50k
50.0,Private,51487.0,Bachelors,14.0,Never-married,Adm-clerical,Husband,White,Male,0.0,0.0,40.0,United-states,<=50k
25.0,Private,133914.0,Hs-grad,9.0,Married-civ-spouse,Machine-op-inspct,Not-in-family,White,Male,197.0,0.0,40.0,United-states,<=50k
28.0,Private,488.0,Hs-grad,9.0,Divorced,Other-service,Not-in-family,White,Female,0.0,0.0,40.0,United-states,<=50k
52.0,Private,0.0,Hs-grad,10.0,Married-civ-spouse,Adm-clerical,Own-child,White,Male,0.0,40.0,40.0,United-states,<=50k
45.0,Private,636900.0,Hs-grad,12.0,Never-married,Prof-specialty,Husband,White,Male,0.0,0.0,40.0,United-states,<=50k
50.0,Private,297026.0,Hs-grad,10.0,Never-married,Machine-op-inspct,Not-in-family,White,Male,0.0,0.0,43.0,United-states,<=50k
53.0,Private,104950.0,Hs-grad,14.0,Never-married,Exec-managerial,Own-child,White,Male,0.0,0.0,40.0,United-states,<=50k
45.0,Private,1105553.0,Hs-grad,11.0,Never-married,Craft-repair,Husband,White,Male,0.0,0.0,40.0,United-states,<=50k
35.0,Private,56880.0,Some-college,10.0,Married-civ-spouse,Adm-clerical,Own-child,White,Male,0.0,0.0,40.0,United-states,<=50k
60.0,Private,259829.0,Some-college,9.0,Never-married,Craft-repair,Husband,White,Male,0.0,0.0,40.0,United-states,<=50k
41.0,Private,407344.0,Hs-grad,12.0,Married-civ-spouse,Adm-clerical,Husband,White,Male,0.0,0.0,40.0,United-states,<=50k
46.0,Private,71919.0,Bachelors,9.0,Married-civ-spouse,Sales,Husband,White,Male,0.0,0.0,40.0,United-states,<=50k
34.0,Private,91956.0,Hs-grad,7.0,Married-civ-spouse,Exec-managerial,Own-child,White,Male,0.0,0.0,45.0,United-states,<=50k
60.0,Private,133988.0,Some-college,10.0,Never-married,Farming-fishing,Own-child,White,Male,0.0,0.0,60.0,United-states,<=50k
84.0,Private,111908.0,Hs-grad,10.0,Married-civ-spouse,Adm-clerical,Husband,White,Male,0.0,0.0,40.0,United-states,<=50k
45.0,Private,72796.0,Hs-grad,10.0,Divorced,Exec-managerial,Husband,White,Male,0.0,0.0,40.0,United-states,>50k
50.0,Private,104950.0,Hs-grad,10.0,Never-married,Adm-clerical,Not-in-family,White,Female,0.0,0.0,40.0,United-states,>50k
46.0,Private,270150.0,Bachelors,14.0,Never-married,Craft-repair,Husband,White,Female,0.0,0.0,40.0,United-states,<=50k
44.0,Private,272550.0,Some-college,9.0,Married-civ-spouse,Exec-managerial,Husband,White,Male,0.0,0.0,40.0,United-states,<=50k
36.0,Private,405438.0,Some-college,10.0,Never-married,Craft-repair,Not-in-family,White,Female,0.0,0.0,40.0,United-states,<=50k
40.0,Private,139519.0,Some-college,13.0,Married-civ-spouse,Other-service,Husband,White,Male,0.0,0.0,40.0,United-states,>50k
30.0,Private,97931.0,Hs-grad,9.0,Never-married,Exec-managerial,Unmarried,White,Male,0.0,0.0,40.0,United-states,<=50k
40.0,Private,93598.0,Hs-grad,13.0,Married-civ-spouse,Craft-repair,Not-in-family,White,Male,0.0,0.0,40.0,United-states,<=50k
39.0,Private,99324.0,Hs-grad,9.0,Never-married,Transport-moving,Not-in-family,White,Male,0.0,0.0,40.0,United-states,<=50k
24.0,Federal-gov,231850.0,Some-college,10.0,Never-married,Craft-repair,Husband,White,Male,0.0,0.0,40.0,United-states,<=50k
28.0,Private,12887879.0,Bachelors,9.0,Married-civ-spouse,Exec-managerial,Not-in-family,White,Male,0.0,0.0,40.0,United-states,<=50k
38.0,Private,10479836.0,Hs-grad,7.0,Married-civ-spouse,Adm-clerical,Own-child,White,Male,0.0,0.0,40.0,United-states,<=50k
33.0,Private,295026.0,Hs-grad,6.0,Never-married,Transport-moving,Husband,White,Male,0.0,0.0,40.0,United-states,<=50k
40.0,Private,27819.0,Some-college,9.0,Divorced,Other-service,Husband,White,Male,0.0,0.0,50.0,United-states,>50k
20.0,Private,115819.0,Prof-school,10.0,Never-married,Craft-repair,Own-child,White,Male,0.0,0.0,65.0,United-states,<=50k
18.0,Private,919300.0,Hs-grad,9.0,Married-civ-spouse,Prof-specialty,Husband,White,Male,0.0,0.0,40.0,United-states,<=50k
35.0,Private,0.0,Hs-grad,5.0,Married-civ-spouse,Adm-clerical,Wife,White,Male,0.0,0.0,40.0,United-states,>50k
60.0,Private,62898.0,Hs-grad,9.0,Married-civ-spouse,Prof-specialty,Husband,White,Male,0.0,0.0,32.0,United-states,<=50k
40.0,Private,1482690.0,Hs-grad,14.0,Married-civ-spouse,Sales,Husband,White,Male,0.0,0.0,40.0,United-states,>50k
35.0,Private,391389.0,Some-college,14.0,Married-civ-spouse,Machine-op-inspct,Husband,White,Female,0.0,0.0,40.0,United-states,<=50k
17.0,Private,128510.0,Some-college,10.0,Married-civ-spouse,Machine-op-inspct,Not-in-family,White,Female,0.0,0.0,42.0,United-states,<=50k
50.0,Private,133613.0,Some-college,9.0,Married-civ-spouse,Other-service,Not-in-family,Asian-pac-islander,Female,0.0,0.0,40.0,United-states,<=50k
40.0,Private,103531.0,Bachelors,10.0,Married-civ-spouse,Exec-managerial,Unmarried,White,Female,0.0,0.0,9.0,United-states,<=50k
40.0,Private,2033.0,Hs-grad,10.0,Never-married,Farming-fishing,Husband,White,Male,0.0,0.0,40.0,United-states,<=50k
40.0,Private,38600.0,Hs-grad,10.0,Married-civ-spouse,Craft-repair,Own-child,White,Male,0.0,0.0,50.0,United-states,<=50k
56.0,Private,114412.0,Doctorate,9.0,Never-married,Craft-repair,Unmarried,White,Male,0.0,0.0,20.0,United-states,<=50k
30.0,Private,131953.0,Hs-grad,7.0,Never-married,Exec-managerial,Husband,White,Male,0.0,0.0,40.0,United-states,<=50k
65.0,Private,256462.0,Some-college,9.0,Married-civ-spouse,Transport-moving,Unmarried,White,Male,0.0,0.0,40.0,United-states,<=50k
50.0,Private,77852.0,7th-8th,14.0,Married-civ-spouse,Craft-repair,Own-child,White,Male,0.0,0.0,50.0,United-states,<=50k
40.0,Private,504838.0,Bachelors,4.0,Married-civ-spouse,Craft-repair,Husband,White,Male,0.0,0.0,9.0,United-states,<=50k
19.0,Self-emp-not-inc,14165465.0,9th,10.0,Married-civ-spouse,Prof-specialty,Own-child,White,Female,0.0,0.0,40.0,United-states,<=50k
40.0,Private,137340.0,Hs-grad,9.0,Married-civ-spouse,Transport-moving,Husband,White,Male,0.0,0.0,40.0,United-states,<=50k
36.0,Private,144798.0,Hs-grad,7.0,Married-civ-spouse,Exec-managerial,Husband,White,Male,0.0,0.0,48.0,United-states,<=50k
50.0,Private,3512.0,Bachelors,15.0,Married-civ-spouse,Adm-clerical,Own-child,Asian-pac-islander,Female,0.0,0.0,40.0,United-states,<=50k
40.0,Private,1391039.0,Hs-grad,9.0,Married-civ-spouse,Adm-clerical,Husband,White,Male,0.0,0.0,40.0,United-states,<=50k
55.0,Private,87862.0,Hs-grad,13.0,Married-civ-spouse,Sales,Own-child,White,Male,0.0,0.0,45.0,United-states,<=50k
25.0,Private,132913.0,11th,13.0,Married-civ-spouse,Other-service,Own-child,White,Male,0.0,0.0,44.0,United-states,<=50k
40.0,Private,2227.0,Hs-grad,4.0,Married-civ-spouse,Other-service,Husband,White,Male,0.0,0.0,40.0,United-states,<=50k
40.0,Private,144596.0,Hs-grad,9.0,Never-married,Exec-managerial,Husband,White,Male,0.0,0.0,40.0,United-states,<=50k
40.0,Private,171936.0,Hs-grad,7.0,Married-civ-spouse,Craft-repair,Not-in-family,Black,Male,0.0,0.0,0.0,United-states,<=50k
45.0,Private,6689819.0,11th,9.0,Married-civ-spouse,Craft-repair,Husband,White,Female,0.0,0.0,40.0,United-states,<=50k
36.0,Private,52474.0,Hs-grad,7.0,Never-married,Machine-op-inspct,Not-in-family,White,Male,0.0,0.0,40.0,United-states,>50k
75.0,Private,495026.0,Hs-grad,9.0,Married-civ-spouse,Prof-specialty,Not-in-family,White,Male,0.0,0.0,17.0,United-states,<=50k
52.0,Private,74475.0,Hs-grad,7.0,Never-married,Other-service,Own-child,Black,Male,0.0,0.0,40.0,United-states,<=50k
49.0,Private,62366.0,Some-college,13.0,Married-civ-spouse,Tech-support,Unmarried,White,Male,0.0,0.0,49.0,United-states,<=50k
50.0,Private,96746.0,Hs-grad,10.0,Married-civ-spouse,Transport-moving,Husband,White,Male,0.0,0.0,40.0,United-states,<=50k
25.0,Private,965451.0,Hs-grad,7.0,Married-civ-spouse,Prof-specialty,Own-child,White,Female,0.0,0.0,40.0,United-states,<=50k
50.0,Private,76554.0,Hs-grad,10.0,Never-married,Exec-managerial,Not-in-family,White,Female,0.0,0.0,50.0,United-states,<=50k
39.0,Self-emp-not-inc,184545.0,Assoc-voc,9.0,Never-married,Machine-op-inspct,Husband,White,Male,0.0,0.0,40.0,United-states,<=50k
37.0,Private,147536.0,Hs-grad,9.0,Married-civ-spouse,Adm-clerical,Husband,White,Male,0.0,0.0,35.0,United-states,<=50k
40.0,Self-emp-not-inc,67950.0,Hs-grad,9.0,Married-civ-spouse,Prof-specialty,Not-in-family,White,Male,0.0,0.0,40.0,United-states,<=50k
40.0,Private,667.0,Some-college,10.0,Married-civ-spouse,Prof-specialty,Unmarried,White,Male,0.0,0.0,29.0,Cambodia,<=50k
52.0,Private,1451947.0,Hs-grad,9.0,Married-civ-spouse,Transport-moving,Husband,White,Male,0.0,0.0,40.0,United-states,<=50k
57.0,Private,123918.0,Some-college,14.0,Married-civ-spouse,Machine-op-inspct,Own-child,White,Female,0.0,0.0,55.0,United-states,<=50k
60.0,Private,105650.0,Bachelors,13.0,Married-civ-spouse,Prof-specialty,Own-child,White,Male,0.0,0.0,40.0,United-states,<=50k
45.0,Private,57942.0,Hs-grad,11.0,Never-married,Prof-specialty,Unmarried,White,Male,0.0,0.0,27.0,United-states,<=50k
40.0,Private,272883.0,Assoc-voc,10.0,Married-civ-spouse,Craft-repair,Not-in-family,White,Male,0.0,0.0,40.0,United-states,<=50k
21.0,Self-emp-not-inc,205548.0,Some-college,13.0,Never-married,Adm-clerical,Own-child,White,Male,0.0,0.0,30.0,United-states,<=50k
26.0,Private,755016.0,Some-college,10.0,Married-civ-spouse,Craft-repair,Unmarried,White,Male,0.0,0.0,52.0,United-states,<=50k
46.0,Private,2526.0,Hs-grad,14.0,Married-civ-spouse,Other-service,Husband,White,Male,0.0,0.0,40.0,United-states,<=50k
26.0,Private,203899.0,Hs-grad,16.0,Married-civ-spouse,Sales,Not-in-family,White,Male,0.0,0.0,40.0,United-states,<=50k
40.0,Private,132448.0,Hs-grad,9.0,Married-civ-spouse,Craft-repair,Husband,White,Male,0.0,0.0,40.0,United-states,<=50k
25.0,Private,67319.0,Hs-grad,10.0,Married-civ-spouse,Craft-repair,Husband,White,Female,0.0,0.0,40.0,United-states,<=50k
36.0,Private,306074.0,Some-college,9.0,Never-married,Sales,Husband,White,Male,0.0,0.0,40.0,United-states,<=50k
40.0,Private,125092.0,Assoc-voc,9.0,Married-civ-spouse,Other-service,Unmarried,White,Male,0.0,0.0,40.0,United-states,<=50k
43.0,Private,131902.0,Hs-grad,13.0,Never-married,Exec-managerial,Own-child,White,Male,0.0,0.0,40.0,United-states,<=50k
50.0,Private,72451.0,Hs-grad,9.0,Married-civ-spouse,Exec-managerial,Unmarried,White,Male,0.0,0.0,40.0,United-states,<=50k
49.0,Local-gov,327543.0,Some-college,9.0,Divorced,Other-service,Husband,White,Male,0.0,0.0,39.0,United-states,<=50k
46.0,Private,7388615.0,Bachelors,13.0,Married-civ-spouse,Exec-managerial,Husband,White,Female,0.0,0.0,40.0,United-states,<=50k
40.0,Private,126878.0,Some-college,11.0,Married-civ-spouse,Other-service,Own-child,White,Male,0.0,0.0,55.0,United-states,<=50k
25.0,Private,0.0,Some-college,8.0,Divorced,Adm-clerical,Own-child,White,Male,0.0,0.0,40.0,United-states,<=50k
40.0,Private,61947.0,Hs-grad,13.0,Married-civ-spouse,Craft-repair,Not-in-family,White,Female,0.0,0.0,40.0,United-states,<=50k
80.0,Private,493587.0,Hs-grad,9.0,Divorced,Craft-repair,Husband,White,Male,0.0,0.0,48.0,United-states,<=50k
40.0,Private,71947.0,Hs-grad,10.0,Married-civ-spouse,Craft-repair,Wife,White,Male,0.0,0.0,40.0,United-states,<=50k
43.0,Private,105466.0,Hs-grad,10.0,Married-civ-spouse,Exec-managerial,Husband,White,Female,0.0,0.0,17.0,United-states,<=50k
50.0,Private,61824.0,Hs-grad,9.0,Married-civ-spouse,Craft-repair,Not-in-family,White,Male,0.0,0.0,20.0,United-states,<=50k
81.0,Private,122993.0,Hs-grad,11.0,Married-civ-spouse,Other-service,Own-child,White,Male,0.0,0.0,40.0,United-states,<=50k
40.0,Private,1481088.0,Hs-grad,13.0,Never-married,Adm-clerical,Husband,White,Male,1885.0,0.0,50.0,United-states,<=50k
40.0,Private,137319.0,Hs-grad,10.0,Married-civ-spouse,Prof-specialty,Husband,White,Male,0.0,0.0,40.0,United-states,<=50k
48.0,Private,135087.0,Hs-grad,9.0,Married-civ-spouse,Craft-repair,Not-in-family,White,Male,0.0,0.0,40.0,United-states,<=50k
24.0,Private,968208.0,Hs-grad,9.0,Married-civ-spouse,Craft-repair,Own-child,White,Male,0.0,0.0,36.0,United-states,>50k
40.0,Private,135428.0,Some-college,9.0,Married-civ-spouse,Sales,Own-child,White,Male,0.0,0.0,40.0,United-states,<=50k
50.0,Self-emp-not-inc,255045.0,Some-college,13.0,Never-married,Sales,Husband,White,Male,127973.0,0.0,40.0,United-states,>50k
53.0,Private,131955.0,Some-college,9.0,Married-civ-spouse,Prof-specialty,Not-in-family,White,Male,2034.0,0.0,22.0,United-states,>50k
25.0,Private,92898.0,Hs-grad,9.0,Never-married,Prof-specialty,Husband,White,Male,0.0,0.0,40.0,United-states,<=50k
48.0,Private,1489922.0,Some-college,10.0,Never-married,Prof-specialty,Husband,White,Male,0.0,0.0,40.0,United-states,<=50k
40.0,Private,458049.0,Hs-grad,9.0,Married-civ-spouse,Craft-repair,Not-in-family,White,Male,0.0,0.0,35.0,United-states,<=50k
40.0,Private,56898.0,Hs-grad,10.0,Divorced,Other-service,Husband,White,Male,0.0,0.0,40.0,United-states,<=50k
40.0,Private,733682.0,Bachelors,9.0,Married-civ-spouse,Sales,Not-in-family,White,Male,0.0,0.0,40.0,United-states,<=50k
40.0,Private,748223.0,11th,9.0,Married-civ-spouse,Adm-clerical,Husband,White,Male,0.0,0.0,40.0,United-states,<=50k
40.0,Private,125585.0,Hs-grad,10.0,Married-civ-spouse,Prof-specialty,Husband,White,Male,0.0,0.0,40.0,United-states,<=50k
50.0,Private,144962.0,Bachelors,10.0,Married-civ-spouse,Craft-repair,Own-child,Black,Female,0.0,0.0,40.0,United-states,<=50k
18.0,Private,145100.0,Hs-grad,11.0,Never-married,Craft-repair,Husband,White,Female,0.0,0.0,40.0,United-states,<=50k
40.0,Private,75500.0,Some-college,15.0,Married-civ-spouse,Sales,Unmarried,White,Male,0.0,0.0,40.0,United-states,<=50k
40.0,Private,133343.0,10th,7.0,Married-civ-spouse,Exec-managerial,Unmarried,White,Male,0.0,0.0,40.0,United-states,>50k
40.0,Private,61279.0,Hs-grad,10.0,Never-married,Exec-managerial,Not-in-family,White,Male,0.0,0.0,35.0,United-states,<=50k
46.0,Private,74916.0,Hs-grad,9.0,Divorced,Sales,Unmarried,White,Male,0.0,0.0,40.0,United-states,<=50k
31.0,Private,392424.0,Hs-grad,9.0,Married-civ-spouse,Craft-repair,Not-in-family,White,Male,30.0,0.0,40.0,United-states,>50k
43.0,Private,153918.0,Bachelors,13.0,Married-civ-spouse,Sales,Not-in-family,White,Male,0.0,0.0,28.0,United-states,<=50k
40.0,Private,144600.0,Hs-grad,14.0,Married-civ-spouse,Craft-repair,Wife,White,Male,0.0,0.0,40.0,United-states,<=50k
40.0,Private,91395.0,9th,9.0,Married-civ-spouse,Other-service,Husband,White,Male,0.0,0.0,40.0,United-states,<=50k
27.0,Private,142485.0,Hs-grad,9.0,Never-married,Craft-repair,Husband,White,Male,0.0,0.0,40.0,United-states,<=50k
44.0,Private,1488073.0,Hs-grad,13.0,Never-married,Craft-repair,Husband,White,Male,0.0,0.0,40.0,United-states,<=50k
17.0,Private,85899.0,Hs-grad,5.0,Married-civ-spouse,Craft-repair,Own-child,Asian-pac-islander,Male,0.0,0.0,40.0,United-states,<=50k
40.0,Private,10457098.0,Masters,10.0,Married-civ-spouse,Exec-managerial,Husband,White,Male,0.0,0.0,40.0,United-states,<=50k
19.0,Private,65881.0,Bachelors,14.0,Married-civ-spouse,Craft-repair,Other-relative,White,Male,0.0,0.0,40.0,United-states,<=50k
40.0,Private,161951.0,Bachelors,9.0,Never-married,Adm-clerical,Own-child,White,Male,0.0,0.0,40.0,United-states,<=50k
30.0,Private,107979.0,Masters,9.0,Never-married,Prof-specialty,Husband,White,Female,0.0,0.0,40.0,United-states,<=50k
40.0,Private,309629.0,Hs-grad,7.0,Never-married,Sales,Husband,White,Female,0.0,0.0,40.0,United-states,<=50k
60.0,Private,175550.0,Some-college,9.0,Divorced,Craft-repair,Husband,White,Female,0.0,0.0,40.0,United-states,>50k
55.0,Private,86580.0,Hs-grad,9.0,Never-married,Prof-specialty,Husband,White,Male,0.0,0.0,43.0,United-states,>50k
31.0,Private,568800.0,Hs-grad,13.0,Never-married,Machine-op-inspct,Not-in-family,White,Female,0.0,0.0,40.0,United-states,<=50k
27.0,Private,72494.0,Hs-grad,10.0,Married-civ-spouse,Farming-fishing,Husband,White,Male,0.0,0.0,32.0,United-states,<=50k
50.0,Private,56854.0,Some-college,12.0,Married-civ-spouse,Exec-managerial,Husband,White,Male,0.0,0.0,40.0,United-states,<=50k
19.0,Private,131713.0,Hs-grad,11.0,Divorced,Craft-repair,Husband,White,Male,0.0,0.0,25.0,United-states,<=50k
40.0,Private,73688.0,Bachelors,10.0,Never-married,Other-service,Not-in-family,White,Female,0.0,0.0,40.0,United-states,<=50k
50.0,Private,61242.0,Bachelors,11.0,Married-civ-spouse,Machine-op-inspct,Husband,White,Male,0.0,0.0,40.0,United-states,>50k
50.0,Self-emp-not-inc,1155878.0,Some-college,5.0,Married-civ-spouse,Prof-specialty,Not-in-family,White,Male,0.0,0.0,40.0,United-states,<=50k
35.0,Private,133979.0,Bachelors,13.0,Never-married,Exec-managerial,Husband,White,Male,0.0,0.0,40.0,United-states,<=50k
40.0,Private,139924.0,Hs-grad,13.0,Married-civ-spouse,Craft-repair,Husband,White,Female,0.0,0.0,40.0,United-states,<=50k
60.0,Private,210521.0,Assoc-voc,9.0,Married-civ-spouse,Transport-moving,Own-child,Asian-pac-islander,Male,0.0,0.0,40.0,United-states,<=50k
32.0,Private,1194.0,Some-college,9.0,Married-civ-spouse,Exec-managerial,Husband,White,Male,0.0,0.0,40.0,United-states,<=50k
40.0,Private,69950.0,Hs-grad,10.0,Never-married,Sales,Husband,White,Male,0.0,0.0,40.0,United-states,<=50k
45.0,Private,94416.0,Some-college,16.0,Married-civ-spouse,Adm-clerical,Husband,White,Male,0.0,0.0,40.0,United-states,<=50k
56.0,Private,0.0,Hs-grad,10.0,Married-civ-spouse,Exec-managerial,Not-in-family,Amer-indian-eskimo,Female,24750.0,0.0,19.0,United-states,<=50k
40.0,Private,131948.0,Hs-grad,9.0,Married-civ-spouse,Craft-repair,Husband,White,Male,0.0,0.0,40.0,United-states,<=50k
35.0,Private,71885.0,Hs-grad,9.0,Never-married,Craft-repair,Own-child,White,Female,0.0,0.0,40.0,United-states,<=50k
60.0,Private,357950.0,Some-college,9.0,Married-civ-spouse,Transport-moving,Not-in-family,White,Female,0.0,0.0,20.0,United-states,<=50k
50.0,Private,114726.0,Some-college,13.0,Married-civ-spouse,Adm-clerical,Husband,White,Female,0.0,0.0,40.0,United-states,<=50k
17.0,Private,72396.0,Hs-grad,14.0,Never-married,Other-service,Husband,White,Male,0.0,0.0,65.0,United-states,>50k
28.0,Private,384883.0,Hs-grad,9.0,Married-civ-spouse,Transport-moving,Husband,White,Male,0.0,0.0,40.0,United-states,<=50k
60.0,Private,141298.0,Masters,10.0,Married-civ-spouse,Adm-clerical,Husband,White,Female,0.0,0.0,0.0,United-states,<=50k
27.0,Private,49613.0,Some-college,14.0,Widowed,Craft-repair,Unmarried,White,Male,0.0,0.0,25.0,United-states,<=50k
38.0,Private,352511.0,11th,11.0,Married-civ-spouse,Craft-repair,Not-in-family,White,Male,0.0,0.0,22.0,United-states,<=50k
59.0,Private,117931.0,Prof-school,9.0,Divorced,Transport-moving,Husband,White,Male,0.0,0.0,25.0,United-states,<=50k
48.0,Private,137411.0,Hs-grad,10.0,Never-married,Craft-repair,Husband,White,Male,0.0,0.0,22.0,United-states,>50k
56.0,Private,558323.0,Hs-grad,9.0,Married-civ-spouse,Craft-repair,Husband,White,Male,0.0,0.0,40.0,United-states,<=50k
40.0,Private,118888.0,Some-college,8.0,Married-civ-spouse,Craft-repair,Own-child,White,Male,0.0,1390.0,40.0,United-states,<=50k
60.0,Private,128536.0,Assoc-voc,9.0,Married-civ-spouse,Sales,Husband,White,Male,0.0,0.0,38.0,United-states,<=50k
20.0,Private,11889045.0,Some-college,10.0,Married-civ-spouse,Craft-repair,Husband,White,Male,0.0,0.0,40.0,United-states,<=50k
40.0,Private,134788.0,Bachelors,13.0,Never-married,Prof-specialty,Not-in-family,White,Male,0.0,0.0,40.0,United-states,<=50k
50.0,Private,125985.0,Hs-grad,11.0,Married-civ-spouse,Exec-managerial,Unmarried,White,Male,0.0,0.0,40.0,United-states,<=50k
25.0,Private,56844.0,Masters,9.0,Married-civ-spouse,Transport-moving,Husband,White,Male,0.0,0.0,55.0,United-states,<=50k
58.0,Private,30575.0,Some-college,10.0,Married-civ-spouse,Other-service,Husband,White,Male,0.0,0.0,40.0,United-states,<=50k
25.0,Private,0.0,Hs-grad,10.0,Separated,Exec-managerial,Not-in-family,White,Male,0.0,0.0,40.0,United-states,<=50k
41.0,Private,121201.0,Bachelors,10.0,Never-married,Craft-repair,Own-child,White,Male,0.0,0.0,40.0,United-states,>50k
35.0,Local-gov,1435.0,Hs-grad,9.0,Married-civ-spouse,Exec-managerial,Husband,White,Male,0.0,0.0,40.0,United-states,<=50k
38.0,Private,1013423.0,Hs-grad,9.0,Never-married,Adm-clerical,Husband,White,Male,0.0,0.0,40.0,United-states,>50k
25.0,Private,0.0,Some-college,9.0,Married-civ-spouse,Farming-fishing,Own-child,White,Male,0.0,0.0,32.0,United-states,>50k
34.0,Private,148840.0,Hs-grad,13.0,Never-married,Farming-fishing,Wife,White,Male,0.0,2485.0,40.0,United-states,<=50k
40.0,Private,86656.0,Hs-grad,10.0,Married-civ-spouse,Adm-clerical,Not-in-family,White,Female,0.0,0.0,13.0,United-states,>50k
70.0,Private,46950.0,Bachelors,13.0,Married-civ-spouse,Prof-specialty,Unmarried,White,Male,0.0,0.0,35.0,United-states,<=50k
40.0,Private,132478.0,Some-college,9.0,Divorced,Adm-clerical,Husband,White,Male,0.0,0.0,40.0,United-states,<=50k
20.0,Private,137534.0,Hs-grad,9.0,Married-civ-spouse,Exec-managerial,Not-in-family,White,Male,0.0,0.0,40.0,United-states,<=50k
81.0,Private,141959.0,Hs-grad,9.0,Married-civ-spouse,Craft-repair,Not-in-family,White,Male,0.0,0.0,50.0,United-states,<=50k
42.0,Private,50944.0,Some-college,9.0,Never-married,Adm-clerical,Husband,White,Male,0.0,38.0,40.0,United-states,<=50k
35.0,Private,1481088.0,Hs-grad,9.0,Widowed,Machine-op-inspct,Husband,White,Male,0.0,0.0,40.0,United-states,<=50k
59.0,Private,91219.0,Some-college,9.0,Divorced,Adm-clerical,Husband,White,Male,0.0,0.0,55.0,United-states,<=50k
40.0,Private,0.0,Bachelors,10.0,Divorced,Craft-repair,Not-in-family,White,Male,0.0,0.0,40.0,United-states,<=50k
45.0,Federal-gov,1481773.0,Masters,10.0,Married-civ-spouse,Machine-op-inspct,Unmarried,White,Female,0.0,0.0,40.0,United-states,<=50k
40.0,Private,81189.0,Some-college,9.0,Never-married,Adm-clerical,Wife,White,Male,0.0,0.0,40.0,United-states,<=50k
40.0,Private,384866.0,Bachelors,13.0,Married-civ-spouse,Prof-specialty,Own-child,White,Female,0.0,0.0,40.0,United-states,<=50k
50.0,Private,96588.0,Hs-grad,14.0,Never-married,Exec-managerial,Own-child,White,Male,0.0,0.0,20.0,United-states,<=50k
18.0,Private,108718.0,Hs-grad,13.0,Divorced,Machine-op-inspct,Husband,White,Male,0.0,0.0,50.0,United-states,<=50k
40.0,Private,124952.0,Hs-grad,9.0,Never-married,Exec-managerial,Not-in-family,White,Male,0.0,0.0,40.0,United-states,<=50k
56.0,Private,135043.0,Hs-grad,13.0,Married-civ-spouse,Craft-repair,Unmarried,White,Female,0.0,0.0,40.0,United-states,<=50k
40.0,Private,326418.0,Hs-grad,9.0,Never-married,Prof-specialty,Husband,White,Female,0.0,0.0,13.0,United-states,<=50k
26.0,Private,145474.0,Hs-grad,8.0,Married-civ-spouse,Sales,Unmarried,White,Male,0.0,0.0,0.0,United-states,<=50k
50.0,Private,99520.0,Bachelors,9.0,Never-married,Sales,Not-in-family,White,Male,0.0,0.0,20.0,United-states,<=50k
42.0,Private,102688.0,Some-college,12.0,Never-married,Sales,Husband,White,Male,0.0,0.0,40.0,United-states,<=50k
40.0,Private,78988.0,Doctorate,9.0,Married-civ-spouse,Adm-clerical,Own-child,White,Female,0.0,0.0,40.0,United-states,<=50k
25.0,Private,61944.0,Some-college,13.0,Married-civ-spouse,Exec-managerial,Own-child,White,Male,0.0,0.0,40.0,United-states,<=50k
60.0,Private,107414.0,Some-college,5.0,Never-married,Craft-repair,Husband,White,Female,0.0,0.0,40.0,United-states,<=50k
60.0,Private,1452624.0,Hs-grad,10.0,Married-civ-spouse,Craft-repair,Husband,White,Female,0.0,0.0,40.0,United-states,<=50k
48.0,Private,130719.0,Hs-grad,11.0,Married-civ-spouse,Craft-repair,Not-in-family,White,Male,0.0,0.0,33.0,United-states,<=50k
17.0,Private,97550.0,Bachelors,4.0,Married-civ-spouse,Exec-managerial,Husband,White,Male,0.0,0.0,40.0,Cambodia,<=50k
31.0,Private,4795596.0,Bachelors,13.0,Married-civ-spouse,Sales,Husband,White,Male,0.0,0.0,40.0,United-states,<=50k
40.0,Private,181213.0,Hs-grad,9.0,Never-married,Prof-specialty,Own-child,White,Male,0.0,0.0,40.0,United-states,<=50k
55.0,Private,93479.0,Hs-grad,10.0,Married-civ-spouse,Machine-op-inspct,Husband,White,Male,0.0,0.0,40.0,United-states,<=50k
30.0,Self-emp-not-inc,357850.0,11th,14.0,Never-married,Adm-clerical,Own-child,White,Female,0.0,0.0,40.0,United-states,<=50k
60.0,Private,68988.0,Bachelors,16.0,Never-married,Adm-clerical,Husband,White,Male,0.0,0.0,45.0,United-states,<=50k
35.0,Private,146898.0,Bachelors,9.0,Married-civ-spouse,Exec-managerial,Not-in-family,White,Male,49.0,0.0,45.0,United-states,<=50k
60.0,Private,9797898.0,Bachelors,9.0,Never-married,Adm-clerical,Own-child,White,Male,0.0,0.0,13.0,United-states,<=50k
40.0,Private,181924.0,Hs-grad,9.0,Married-civ-spouse,Prof-specialty,Unmarried,White,Male,0.0,0.0,40.0,United-states,<=50k
40.0,Private,1488.0,Assoc-voc,9.0,Never-married,Craft-repair,Unmarried,White,Male,0.0,0.0,0.0,United-states,<=50k
19.0,Private,132914.0,Hs-grad,9.0,Never-married,Craft-repair,Not-in-family,White,Male,0.0,0.0,40.0,United-states,<=50k
41.0,Private,147955.0,Bachelors,11.0,Married-civ-spouse,Craft-repair,Own-child,White,Male,0.0,0.0,40.0,United-states,<=50k
18.0,Private,0.0,Some-college,15.0,Divorced,Craft-repair,Husband,White,Male,0.0,0.0,40.0,United-states,<=50k
35.0,Private,82488.0,Hs-grad,9.0,Married-civ-spouse,Adm-clerical,Not-in-family,White,Male,0.0,0.0,34.0,United-states,>50k
40.0,Private,181473.0,Hs-grad,13.0,Married-civ-spouse,Prof-specialty,Husband,White,Male,0.0,0.0,40.0,United-states,<=50k
18.0,Private,298826.0,Hs-grad,10.0,Never-married,Exec-managerial,Own-child,Black,Male,0.0,0.0,40.0,United-states,<=50k
40.0,Private,104462.0,Bachelors,10.0,Divorced,Adm-clerical,Own-child,White,Male,0.0,0.0,40.0,United-states,<=50k
45.0,Private,295055.0,Some-college,10.0,Never-married,Adm-clerical,Not-in-family,White,Male,0.0,0.0,40.0,United-states,>50k
76.0,Private,11369813.0,Hs-grad,9.0,Married-civ-spouse,Adm-clerical,Husband,White,Male,0.0,0.0,40.0,United-states,<=50k
33.0,State-gov,553450.0,Some-college,13.0,Never-married,Prof-specialty,Not-in-family,White,Female,0.0,0.0,40.0,United-states,<=50k
40.0,Private,74447.0,Hs-grad,9.0,Divorced,Sales,Own-child,Black,Male,0.0,0.0,39.0,United-states,<=50k
57.0,Private,147800.0,Bachelors,10.0,Married-civ-spouse,Sales,Unmarried,White,Male,0.0,0.0,45.0,United-states,<=50k
45.0,Private,207950.0,Hs-grad,9.0,Married-civ-spouse,Other-service,Own-child,White,Male,0.0,0.0,20.0,United-states,<=50k
55.0,Private,328799.0,Hs-grad,10.0,Never-married,Craft-repair,Not-in-family,White,Female,0.0,0.0,40.0,United-states,<=50k
45.0,Private,1451365.0,Hs-grad,9.0,Divorced,Exec-managerial,Own-child,White,Male,0.0,0.0,40.0,United-states,<=50k
23.0,Private,1485023.0,Hs-grad,10.0,Married-civ-spouse,Prof-specialty,Not-in-family,White,Male,0.0,0.0,40.0,United-states,<=50k
39.0,Private,255871.0,Masters,10.0,Married-civ-spouse,Machine-op-inspct,Not-in-family,White,Male,0.0,0.0,35.0,United-states,>50k
30.0,Private,567892.0,Hs-grad,10.0,Divorced,Craft-repair,Not-in-family,White,Male,0.0,0.0,40.0,United-states,<=50k
40.0,Self-emp-not-inc,147344.0,Bachelors,9.0,Never-married,Craft-repair,Not-in-family,White,Male,0.0,0.0,55.0,United-states,>50k
60.0,Private,67550.0,Hs-grad,9.0,Never-married,Exec-managerial,Husband,White,Female,0.0,0.0,93.0,United-states,<=50k
40.0,Private,107516.0,Hs-grad,7.0,Married-civ-spouse,Machine-op-inspct,Husband,White,Male,0.0,0.0,20.0,United-states,<=50k
45.0,Private,2852.0,Hs-grad,5.0,Never-married,Prof-specialty,Husband,White,Female,0.0,0.0,40.0,United-states,<=50k
45.0,Private,381985.0,Hs-grad,9.0,Never-married,Craft-repair,Husband,White,Male,0.0,0.0,40.0,United-states,<=50k
45.0,Private,108878.0,Hs-grad,9.0,Married-civ-spouse,Prof-specialty,Husband,White,Male,0.0,0.0,40.0,United-states,<=50k
26.0,Private,182478.0,Hs-grad,16.0,Married-civ-spouse,Transport-moving,Not-in-family,Black,Male,0.0,0.0,40.0,United-states,<=50k
40.0,Private,1481729.0,Bachelors,9.0,Never-married,Exec-managerial,Own-child,White,Male,0.0,0.0,38.0,United-states,<=50k
39.0,Private,602488.0,Hs-grad,13.0,Married-civ-spouse,Sales,Own-child,White,Male,0.0,0.0,40.0,United-states,<=50k
38.0,Federal-gov,108524.0,Some-college,9.0,Married-civ-spouse,Transport-moving,Husband,White,Female,0.0,0.0,40.0,United-states,<=50k
37.0,Private,121373.0,Some-college,10.0,Married-civ-spouse,Exec-managerial,Not-in-family,Black,Female,0.0,0.0,40.0,United-states,<=50k
17.0,Private,10288850.0,11th,14.0,Married-civ-spouse,Adm-clerical,Own-child,White,Female,0.0,0.0,40.0,United-states,<=50k
50.0,Private,131911.0,Bachelors,10.0,Never-married,Craft-repair,Not-in-family,White,Female,0.0,0.0,40.0,United-states,<=50k
49.0,Private,14898.0,Hs-grad,10.0,Married-civ-spouse,Craft-repair,Not-in-family,White,Male,0.0,0.0,40.0,United-states,<=50k
49.0,Private,98918.0,Bachelors,13.0,Never-married,Craft-repair,Husband,White,Male,0.0,0.0,9.0,United-states,<=50k
40.0,Private,289879.0,Hs-grad,16.0,Divorced,Sales,Husband,White,Male,0.0,0.0,40.0,United-states,<=50k
59.0,Private,116085.0,Hs-grad,9.0,Married-civ-spouse,Other-service,Unmarried,White,Male,0.0,0.0,40.0,United-states,<=50k
28.0,Private,67218.0,Hs-grad,13.0,Married-civ-spouse,Craft-repair,Husband,Black,Female,0.0,0.0,0.0,United-states,<=50k
20.0,Private,132373.0,Hs-grad,13.0,Widowed,Prof-specialty,Husband,White,Male,0.0,0.0,40.0,United-states,<=50k
30.0,Private,979000.0,Bachelors,13.0,Never-married,Craft-repair,Husband,White,Male,0.0,0.0,40.0,United-states,<=50k
40.0,Private,134495.0,Masters,10.0,Married-civ-spouse,Exec-managerial,Husband,White,Male,0.0,0.0,40.0,United-states,<=50k
40.0,Private,111931.0,Bachelors,10.0,Married-civ-spouse,Adm-clerical,Husband,White,Male,0.0,0.0,40.0,United-states,<=50k
28.0,Private,1457514.0,Bachelors,6.0,Married-civ-spouse,Craft-repair,Not-in-family,White,Male,0.0,0.0,40.0,United-states,<=50k
56.0,Private,143925.0,Some-college,7.0,Never-married,Prof-specialty,Husband,White,Male,0.0,0.0,40.0,United-states,<=50k
40.0,Private,303498.0,Hs-grad,11.0,Married-civ-spouse,Machine-op-inspct,Unmarried,White,Female,0.0,0.0,40.0,United-states,<=50k
46.0,Private,40413.0,Hs-grad,13.0,Never-married,Protective-serv,Husband,White,Male,0.0,0.0,35.0,United-states,<=50k
40.0,Private,287885.0,11th,9.0,Married-civ-spouse,Craft-repair,Not-in-family,White,Male,0.0,0.0,20.0,United-states,<=50k
60.0,Private,138550.0,Some-college,10.0,Never-married,Craft-repair,Unmarried,White,Male,0.0,0.0,57.0,United-states,<=50k
55.0,Private,307.0,Hs-grad,13.0,Never-married,Machine-op-inspct,Unmarried,White,Male,0.0,0.0,40.0,United-states,<=50k
19.0,Private,104486.0,Hs-grad,13.0,Married-civ-spouse,Craft-repair,Husband,White,Female,0.0,0.0,55.0,United-states,<=50k
40.0,Private,307.0,Bachelors,13.0,Married-civ-spouse,Sales,Unmarried,White,Female,0.0,0.0,40.0,United-states,<=50k
40.0,Private,968249.0,Bachelors,9.0,Married-civ-spouse,Machine-op-inspct,Own-child,White,Male,0.0,0.0,40.0,United-states,<=50k
40.0,Private,0.0,Assoc-voc,16.0,Never-married,Adm-clerical,Not-in-family,White,Male,0.0,0.0,40.0,United-states,<=50k
41.0,Private,551955.0,Hs-grad,10.0,Divorced,Adm-clerical,Not-in-family,White,Female,0.0,0.0,45.0,United-states,<=50k
40.0,Private,54931.0,Some-college,10.0,Divorced,Craft-repair,Not-in-family,White,Male,0.0,0.0,40.0,United-states,>50k
40.0,Private,67224.0,Bachelors,13.0,Never-married,Handlers-cleaners,Not-in-family,White,Female,0.0,0.0,40.0,United-states,<=50k
50.0,Federal-gov,151913.0,Hs-grad,9.0,Married-civ-spouse,Other-service,Own-child,White,Male,0.0,0.0,40.0,United-states,<=50k
40.0,Private,56854.0,Hs-grad,9.0,Never-married,Exec-managerial,Own-child,White,Male,0.0,0.0,40.0,United-states,<=50k
40.0,Private,103952.0,Hs-grad,9.0,Married-civ-spouse,Adm-clerical,Husband,White,Female,0.0,0.0,50.0,United-states,<=50k
60.0,Private,127280.0,Bachelors,9.0,Never-married,Exec-managerial,Unmarried,White,Male,0.0,0.0,40.0,United-states,<=50k
50.0,Private,1486092.0,Bachelors,14.0,Married-civ-spouse,Prof-specialty,Not-in-family,White,Female,0.0,0.0,40.0,United-states,<=50k
40.0,Private,168514.0,Hs-grad,9.0,Never-married,Sales,Husband,White,Male,0.0,0.0,40.0,United-states,<=50k
51.0,Private,108766.0,Hs-grad,10.0,Divorced,Other-service,Own-child,White,Male,0.0,0.0,40.0,United-states,<=50k
50.0,Private,125422.0,Hs-grad,13.0,Married-civ-spouse,Protective-serv,Husband,White,Male,0.0,0.0,65.0,United-states,<=50k
40.0,Private,30.0,Hs-grad,9.0,Never-married,Adm-clerical,Not-in-family,White,Female,0.0,0.0,40.0,United-states,<=50k
40.0,Private,175087.0,Hs-grad,10.0,Married-civ-spouse,Exec-managerial,Not-in-family,White,Male,0.0,0.0,0.0,United-states,>50k
80.0,Self-emp-inc,131944.0,Some-college,10.0,Married-civ-spouse,Tech-support,Not-in-family,White,Male,0.0,0.0,35.0,United-states,<=50k
20.0,Private,745981.0,Some-college,10.0,Married-civ-spouse,Craft-repair,Husband,White,Male,0.0,0.0,40.0,United-states,<=50k
22.0,Private,1169972.0,Some-college,10.0,Never-married,Craft-repair,Husband,White,Female,0.0,0.0,40.0,United-states,<=50k
26.0,Private,303950.0,Some-college,10.0,Married-civ-spouse,Priv-house-serv,Husband,White,Female,0.0,0.0,40.0,United-states,<=50k
81.0,Private,303496.0,Hs-grad,10.0,Never-married,Adm-clerical,Husband,White,Male,0.0,0.0,40.0,United-states,<=50k
25.0,Private,44215.0,10th,9.0,Married-civ-spouse,Prof-specialty,Not-in-family,White,Female,0.0,0.0,55.0,United-states,<=50k
50.0,Private,1483474.0,Hs-grad,10.0,Married-civ-spouse,Craft-repair,Own-child,White,Male,0.0,0.0,40.0,United-states,<=50k
40.0,Private,303439.0,Hs-grad,9.0,Married-civ-spouse,Exec-managerial,Husband,White,Female,0.0,0.0,45.0,United-states,>50k
50.0,Private,407862.0,Prof-school,15.0,Married-civ-spouse,Prof-specialty,Not-in-family,White,Male,0.0,0.0,40.0,United-states,<=50k
40.0,Private,5785650.0,Some-college,11.0,Married-civ-spouse,Exec-managerial,Husband,White,Female,0.0,0.0,10.0,United-states,<=50k
40.0,Private,131919.0,Hs-grad,10.0,Never-married,Prof-specialty,Not-in-family,White,Male,0.0,0.0,50.0,United-states,<=50k
38.0,Private,97519.0,Hs-grad,10.0,Married-civ-spouse,Machine-op-inspct,Husband,White,Male,0.0,0.0,40.0,United-states,<=50k
22.0,Private,141913.0,Hs-grad,12.0,Married-civ-spouse,Prof-specialty,Husband,White,Male,0.0,0.0,40.0,United-states,<=50k
50.0,Private,71947.0,Hs-grad,16.0,Never-married,Adm-clerical,Own-child,White,Male,0.0,0.0,40.0,United-states,<=50k
20.0,Private,51853.0,Hs-grad,11.0,Married-civ-spouse,Prof-specialty,Not-in-family,White,Male,0.0,0.0,50.0,United-states,<=50k
40.0,Private,1458085.0,Hs-grad,10.0,Divorced,Other-service,Husband,White,Male,0.0,0.0,25.0,United-states,<=50k
45.0,Private,1308713.0,Hs-grad,9.0,Never-married,Adm-clerical,Husband,White,Male,0.0,0.0,40.0,United-states,<=50k
60.0,Private,13353547.0,Bachelors,15.0,Married-civ-spouse,Exec-managerial,Not-in-family,White,Male,0.0,0.0,40.0,United-states,<=50k
40.0,Private,289824.0,Bachelors,4.0,Married-civ-spouse,Exec-managerial,Husband,White,Female,0.0,0.0,40.0,United-states,<=50k
17.0,Private,103422.0,Hs-grad,9.0,Married-civ-spouse,Machine-op-inspct,Husband,White,Male,0.0,0.0,40.0,United-states,<=50k
40.0,Private,129049.0,Hs-grad,9.0,Married-civ-spouse,Exec-managerial,Husband,White,Female,0.0,0.0,40.0,United-states,<=50k
40.0,Private,108873.0,Hs-grad,13.0,Never-married,Exec-managerial,Not-in-family,White,Male,0.0,0.0,40.0,United-states,<=50k
41.0,Private,391487.0,Hs-grad,10.0,Never-married,Craft-repair,Husband,Black,Female,0.0,0.0,40.0,United-states,<=50k
57.0,State-gov,74426.0,Hs-grad,10.0,Never-married,Craft-repair,Own-child,White,Male,0.0,0.0,40.0,United-states,>50k
18.0,Private,132324.0,Hs-grad,11.0,Never-married,Sales,Husband,White,Male,0.0,0.0,40.0,United-states,<=50k
40.0,Private,122817.0,Hs-grad,10.0,Married-civ-spouse,Craft-repair,Not-in-family,White,Male,0.0,0.0,27.0,United-states,<=50k
40.0,Private,91383.0,Hs-grad,10.0,Married-civ-spouse,Transport-moving,Husband,White,Male,0.0,0.0,40.0,United-states,>50k
35.0,Private,3025.0,Hs-grad,15.0,Never-married,Adm-clerical,Own-child,White,Male,0.0,0.0,35.0,United-states,<=50k
40.0,Private,114417.0,Hs-grad,9.0,Never-married,Craft-repair,Husband,White,Male,0.0,0.0,40.0,United-states,>50k
40.0,Private,121296.0,Hs-grad,15.0,Married-civ-spouse,Exec-managerial,Own-child,White,Female,0.0,0.0,40.0,United-states,<=50k
27.0,State-gov,307.0,Some-college,9.0,Married-civ-spouse,Exec-managerial,Not-in-family,White,Female,0.0,0.0,40.0,United-states,<=50k
41.0,Private,121953.0,Hs-grad,10.0,Married-spouse-absent,Exec-managerial,Unmarried,White,Male,0.0,0.0,13.0,United-states,<=50k
50.0,Private,136414.0,Hs-grad,13.0,Married-civ-spouse,Adm-clerical,Not-in-family,White,Female,0.0,0.0,40.0,United-states,<=50k
28.0,Private,106740.0,Hs-grad,9.0,Married-civ-spouse,Other-service,Husband,White,Male,0.0,0.0,40.0,United-states,>50k
40.0,Federal-gov,61819.0,Some-college,9.0,Never-married,Craft-repair,Not-in-family,White,Male,0.0,0.0,35.0,United-states,<=50k
53.0,Private,148840.0,Hs-grad,10.0,Married-civ-spouse,Prof-specialty,Husband,White,Male,0.0,0.0,40.0,United-states,<=50k
40.0,Private,56740.0,Hs-grad,9.0,Divorced,Prof-specialty,Husband,White,Female,0.0,0.0,40.0,United-states,<=50k
34.0,Private,116883.0,Some-college,7.0,Divorced,Exec-managerial,Husband,White,Female,0.0,0.0,43.0,United-states,<=50k
37.0,Private,141130.0,Hs-grad,10.0,Married-civ-spouse,Craft-repair,Own-child,Black,Male,0.0,0.0,40.0,United-states,>50k
45.0,Private,73379.0,Hs-grad,9.0,Never-married,Transport-moving,Husband,White,Female,0.0,0.0,40.0,United-states,>50k
23.0,Private,104941.0,Hs-grad,12.0,Married-civ-spouse,Adm-clerical,Not-in-family,White,Male,0.0,0.0,40.0,United-states,<=50k
40.0,Private,91954.0,Hs-grad,9.0,Married-civ-spouse,Craft-repair,Wife,White,Male,1824.0,0.0,37.0,United-states,<=50k
40.0,Private,1481379.0,Masters,7.0,Married-civ-spouse,Exec-managerial,Own-child,White,Male,0.0,0.0,55.0,United-states,>50k
40.0,Private,1307488.0,Some-college,10.0,Never-married,Adm-clerical,Not-in-family,White,Male,0.0,0.0,40.0,United-states,<=50k
40.0,Private,0.0,Hs-grad,10.0,Married-civ-spouse,Exec-managerial,Husband,White,Male,0.0,0.0,35.0,United-states,<=50k
50.0,Local-gov,308824.0,Assoc-voc,9.0,Married-civ-spouse,Sales,Own-child,White,Male,0.0,0.0,49.0,United-states,<=50k
40.0,Private,66530.0,Hs-grad,10.0,Married-civ-spouse,Craft-repair,Husband,White,Male,0.0,0.0,31.0,United-states,<=50k
50.0,Private,77955.0,Some-college,13.0,Married-civ-spouse,Exec-managerial,Not-in-family,White,Male,0.0,0.0,40.0,United-states,>50k
40.0,Private,145550.0,Hs-grad,10.0,Divorced,Craft-repair,Other-relative,White,Male,0.0,0.0,22.0,United-states,<=50k
74.0,Private,1135.0,Hs-grad,9.0,Widowed,Exec-managerial,Not-in-family,White,Female,0.0,0.0,40.0,United-states,<=50k
25.0,Private,131399.0,Hs-grad,10.0,Married-civ-spouse,Exec-managerial,Own-child,White,Female,0.0,0.0,40.0,United-states,<=50k
18.0,Private,115843.0,Hs-grad,10.0,Married-civ-spouse,Transport-moving,Own-child,White,Male,0.0,0.0,40.0,United-states,<=50k
50.0,Private,137316.0,Some-college,16.0,Married-civ-spouse,Other-service,Unmarried,White,Male,0.0,0.0,40.0,United-states,<=50k
40.0,Never-worked,102624.0,Hs-grad,9.0,Married-civ-spouse,Exec-managerial,Unmarried,White,Male,0.0,0.0,24.0,United-states,>50k
30.0,Private,148872.0,Hs-grad,4.0,Married-civ-spouse,Craft-repair,Own-child,White,Male,0.0,0.0,45.0,United-states,<=50k
40.0,Private,129024.0,Hs-grad,11.0,Married-civ-spouse,Exec-managerial,Not-in-family,White,Female,0.0,0.0,40.0,United-states,<=50k
60.0,Private,0.0,Hs-grad,9.0,Married-civ-spouse,Craft-repair,Not-in-family,White,Male,0.0,0.0,0.0,United-states,<=50k
40.0,Private,55884.0,Hs-grad,10.0,Married-civ-spouse,Farming-fishing,Husband,White,Female,0.0,0.0,40.0,United-states,<=50k
29.0,Private,1304816.0,Hs-grad,9.0,Never-married,Sales,Not-in-family,White,Female,0.0,0.0,60.0,Guatemala,<=50k
50.0,Private,966.0,11th,9.0,Married-civ-spouse,Sales,Not-in-family,White,Female,0.0,0.0,18.0,United-states,<=50k
40.0,Private,484.0,Some-college,9.0,Married-civ-spouse,Exec-managerial,Not-in-family,White,Male,0.0,0.0,38.0,United-states,>50k
31.0,Private,133950.0,Hs-grad,9.0,Never-married,Exec-managerial,Unmarried,White,Male,0.0,0.0,57.0,United-states,<=50k
34.0,Private,137912.0,Hs-grad,14.0,Divorced,Protective-serv,Own-child,White,Male,0.0,0.0,9.0,United-states,<=50k
40.0,Private,181726.0,Some-college,15.0,Married-civ-spouse,Exec-managerial,Wife,White,Male,0.0,0.0,40.0,United-states,<=50k
19.0,Private,402650.0,Hs-grad,10.0,Never-married,Prof-specialty,Unmarried,White,Male,0.0,0.0,40.0,United-states,<=50k
40.0,Self-emp-not-inc,175577.0,Bachelors,10.0,Married-spouse-absent,Exec-managerial,Not-in-family,White,Male,0.0,0.0,40.0,United-states,<=50k
40.0,Private,73098.0,Hs-grad,7.0,Never-married,Other-service,Unmarried,White,Male,0.0,0.0,53.0,United-states,>50k
28.0,Private,152665.0,Hs-grad,9.0,Never-married,Sales,Husband,White,Male,0.0,0.0,40.0,United-states,<=50k
17.0,Federal-gov,101856.0,Hs-grad,6.0,Married-civ-spouse,Adm-clerical,Not-in-family,White,Male,0.0,0.0,40.0,United-states,<=50k
25.0,Private,171388.0,Hs-grad,9.0,Never-married,Sales,Husband,White,Male,0.0,0.0,40.0,United-states,<=50k
31.0,Private,495039.0,Hs-grad,13.0,Divorced,Transport-moving,Not-in-family,White,Male,0.0,0.0,40.0,United-states,<=50k
40.0,Private,492473.0,Some-college,10.0,Never-married,Adm-clerical,Husband,White,Female,0.0,0.0,23.0,United-states,<=50k
40.0,Private,107850.0,Hs-grad,13.0,Never-married,Craft-repair,Husband,White,Male,0.0,0.0,40.0,United-states,>50k
30.0,Private,402898.0,Bachelors,9.0,Married-civ-spouse,Other-service,Unmarried,White,Female,0.0,0.0,40.0,United-states,<=50k
45.0,Private,281850.0,Some-college,9.0,Never-married,Craft-repair,Husband,White,Female,0.0,0.0,25.0,United-states,<=50k
18.0,Self-emp-not-inc,132830.0,Hs-grad,16.0,Never-married,Exec-managerial,Not-in-family,White,Male,0.0,355075.0,40.0,United-states,<=50k
50.0,Private,103958.0,Hs-grad,10.0,Divorced,Adm-clerical,Not-in-family,White,Male,0.0,0.0,40.0,United-states,<=50k
35.0,Private,62423.0,Hs-grad,10.0,Married-civ-spouse,Handlers-cleaners,Unmarried,White,Female,0.0,0.0,40.0,United-states,<=50k
40.0,Self-emp-not-inc,175950.0,Some-college,10.0,Divorced,Exec-managerial,Husband,White,Male,0.0,0.0,40.0,United-states,<=50k
50.0,Private,484455.0,Hs-grad,6.0,Married-civ-spouse,Sales,Own-child,White,Male,0.0,0.0,55.0,United-states,<=50k
29.0,Private,1456223.0,Hs-grad,9.0,Married-civ-spouse,Exec-managerial,Husband,White,Male,0.0,0.0,40.0,United-states,<=50k
22.0,Private,255026.0,Some-college,9.0,Married-civ-spouse,Craft-repair,Not-in-family,White,Male,0.0,0.0,40.0,United-states,<=50k
40.0,Private,167950.0,Hs-grad,10.0,Married-civ-spouse,Sales,Husband,White,Female,0.0,0.0,40.0,United-states,<=50k
44.0,Private,223.0,Assoc-voc,9.0,Never-married,Craft-repair,Own-child,White,Female,0.0,0.0,93.0,United-states,<=50k
56.0,Private,147985.0,Hs-grad,10.0,Married-civ-spouse,Adm-clerical,Husband,White,Male,0.0,0.0,28.0,United-states,<=50k
40.0,Private,68879.0,Some-college,9.0,Married-civ-spouse,Craft-repair,Not-in-family,White,Male,0.0,0.0,40.0,United-states,<=50k
25.0,Private,115811.0,Bachelors,10.0,Married-civ-spouse,Prof-specialty,Unmarried,White,Female,0.0,0.0,40.0,United-states,>50k
50.0,Never-worked,402985.0,Hs-grad,9.0,Married-civ-spouse,Sales,Unmarried,White,Female,0.0,0.0,40.0,United-states,<=50k
40.0,Local-gov,148892.0,Bachelors,10.0,Married-civ-spouse,Prof-specialty,Own-child,White,Male,0.0,0.0,35.0,United-states,<=50k
20.0,Private,1489850.0,Hs-grad,9.0,Never-married,Other-service,Not-in-family,White,Male,0.0,0.0,40.0,United-states,<=50k
40.0,Private,135075.0,Hs-grad,9.0,Divorced,Sales,Husband,White,Male,0.0,0.0,10.0,United-states,<=50k
40.0,Private,113036.0,Hs-grad,12.0,Married-civ-spouse,Sales,Husband,White,Male,0.0,0.0,40.0,United-states,<=50k
30.0,Private,133734.0,Masters,3.0,Divorced,Exec-managerial,Husband,White,Female,0.0,0.0,40.0,United-states,<=50k
37.0,Private,104919.0,Some-college,9.0,Married-civ-spouse,Craft-repair,Not-in-family,White,Male,0.0,0.0,40.0,United-states,>50k
40.0,Private,1014923.0,Hs-grad,9.0,Married-civ-spouse,Adm-clerical,Husband,White,Male,0.0,0.0,35.0,United-states,<=50k
40.0,Private,157950.0,Hs-grad,9.0,Divorced,Craft-repair,Husband,White,Male,0.0,0.0,50.0,United-states,>50k
20.0,Private,11336516.0,Hs-grad,10.0,Never-married,Adm-clerical,Not-in-family,White,Male,0.0,0.0,40.0,United-states,<=50k
50.0,Private,131877.0,Hs-grad,10.0,Never-married,Exec-managerial,Unmarried,White,Male,0.0,0.0,40.0,United-states,<=50k
45.0,Private,4.0,Hs-grad,10.0,Married-civ-spouse,Other-service,Own-child,White,Male,0.0,0.0,40.0,United-states,>50k
40.0,Private,203413.0,9th,9.0,Married-civ-spouse,Adm-clerical,Husband,White,Male,0.0,0.0,40.0,United-states,<=50k
41.0,Private,58898.0,Hs-grad,14.0,Married-civ-spouse,Machine-op-inspct,Not-in-family,White,Male,0.0,0.0,40.0,United-states,<=50k
25.0,Private,95973.0,Prof-school,14.0,Married-civ-spouse,Transport-moving,Own-child,White,Male,0.0,0.0,40.0,United-states,<=50k
30.0,Private,132678.0,Hs-grad,2.0,Married-civ-spouse,Sales,Husband,White,Male,0.0,0.0,40.0,United-states,<=50k
48.0,Private,148819.0,Some-college,10.0,Never-married,Sales,Not-in-family,White,Male,0.0,0.0,40.0,United-states,<=50k
40.0,Private,133958.0,Hs-grad,10.0,Married-civ-spouse,Transport-moving,Unmarried,White,Female,0.0,0.0,32.0,United-states,<=50k
50.0,Private,1044275.0,Hs-grad,9.0,Married-civ-spouse,Craft-repair,Own-child,White,Male,0.0,0.0,40.0,United-states,>50k
25.0,Private,128718.0,Some-college,10.0,Married-civ-spouse,Prof-specialty,Not-in-family,White,Male,0.0,0.0,35.0,United-states,<=50k
39.0,Private,905682.0,Bachelors,16.0,Never-married,Prof-specialty,Husband,White,Male,0.0,0.0,40.0,United-states,<=50k
70.0,Private,73573.0,Some-college,10.0,Married-civ-spouse,Craft-repair,Own-child,White,Male,0.0,0.0,40.0,United-states,<=50k
55.0,Private,44938.0,9th,10.0,Married-civ-spouse,Craft-repair,Unmarried,White,Male,0.0,0.0,40.0,United-states,>50k
33.0,Private,505426.0,Hs-grad,11.0,Married-civ-spouse,Prof-specialty,Husband,White,Female,0.0,0.0,40.0,United-states,<=50k
39.0,Private,58813.0,Hs-grad,8.0,Married-civ-spouse,Sales,Own-child,White,Female,0.0,0.0,40.0,United-states,>50k
28.0,Private,127319.0,Bachelors,13.0,Never-married,Sales,Husband,White,Female,0.0,0.0,40.0,United-states,<=50k
50.0,Private,201.0,Some-college,10.0,Married-civ-spouse,Sales,Husband,White,Female,0.0,0.0,40.0,United-states,<=50k
23.0,Private,139518.0,Hs-grad,16.0,Married-civ-spouse,Prof-specialty,Own-child,White,Female,0.0,0.0,13.0,United-states,<=50k
35.0,Private,287319.0,11th,10.0,Never-married,Exec-managerial,Husband,White,Female,0.0,0.0,40.0,United-states,<=50k
31.0,Private,637223.0,Hs-grad,13.0,Married-civ-spouse,Other-service,Other-relative,White,Male,0.0,0.0,40.0,United-states,<=50k
40.0,Private,131624.0,Hs-grad,13.0,Never-married,Exec-managerial,Husband,White,Male,0.0,0.0,40.0,United-states,>50k
40.0,Private,96486.0,Some-college,9.0,Married-civ-spouse,Sales,Unmarried,White,Male,0.0,0.0,40.0,United-states,>50k
37.0,Private,113044.0,Assoc-voc,2.0,Married-civ-spouse,Sales,Own-child,White,Male,0.0,0.0,40.0,United-states,<=50k
50.0,Private,105885.0,Hs-grad,13.0,Divorced,Craft-repair,Other-relative,White,Male,0.0,0.0,40.0,United-states,<=50k
60.0,Private,119819.0,Bachelors,6.0,Never-married,Sales,Husband,White,Male,0.0,0.0,40.0,United-states,<=50k
48.0,Private,131921.0,Masters,9.0,Never-married,Exec-managerial,Own-child,White,Male,0.0,0.0,40.0,United-states,>50k
50.0,Private,141908.0,Hs-grad,14.0,Married-civ-spouse,Prof-specialty,Husband,White,Male,0.0,0.0,46.0,United-states,<=50k
51.0,Private,28304578.0,Some-college,10.0,Never-married,Other-service,Own-child,White,Male,0.0,0.0,40.0,United-states,>50k
40.0,Private,87955.0,Hs-grad,9.0,Married-civ-spouse,Sales,Husband,White,Male,0.0,0.0,50.0,United-states,<=50k
25.0,Private,184893.0,Masters,11.0,Divorced,Craft-repair,Husband,White,Female,0.0,0.0,40.0,United-states,<=50k
52.0,Private,1044085.0,Hs-grad,9.0,Divorced,Exec-managerial,Husband,White,Female,0.0,0.0,40.0,United-states,<=50k
42.0,Private,603419.0,Hs-grad,12.0,Married-civ-spouse,Sales,Husband,White,Male,0.0,0.0,40.0,United-states,<=50k
52.0,Private,103711.0,Hs-grad,10.0,Married-civ-spouse,Exec-managerial,Husband,White,Male,0.0,0.0,40.0,United-states,<=50k
40.0,Private,203867.0,Hs-grad,9.0,Divorced,Craft-repair,Husband,White,Male,0.0,0.0,40.0,United-states,<=50k
19.0,Private,95550.0,Some-college,4.0,Married-spouse-absent,Prof-specialty,Not-in-family,White,Male,0.0,0.0,40.0,United-states,>50k
27.0,Private,75919.0,Hs-grad,10.0,Never-married,Craft-repair,Husband,Black,Male,0.0,0.0,40.0,United-states,<=50k
23.0,Private,122649.0,Assoc-acdm,9.0,Married-civ-spouse,Adm-clerical,Husband,White,Female,0.0,0.0,40.0,United-states,<=50k
50.0,Local-gov,147310.0,11th,5.0,Never-married,Sales,Husband,White,Female,0.0,0.0,40.0,United-states,<=50k
20.0,Private,13476215.0,12th,11.0,Married-civ-spouse,Craft-repair,Husband,White,Male,0.0,0.0,40.0,United-states,<=50k
31.0,Private,0.0,Hs-grad,9.0,Married-civ-spouse,Craft-repair,Own-child,White,Male,0.0,0.0,40.0,United-states,<=50k
25.0,Private,80130.0,Hs-grad,13.0,Never-married,Craft-repair,Husband,White,Male,0.0,0.0,40.0,United-states,<=50k
42.0,Self-emp-not-inc,0.0,Some-college,12.0,Married-civ-spouse,Exec-managerial,Unmarried,White,Male,0.0,0.0,40.0,United-states,<=50k
17.0,Private,121935.0,Hs-grad,9.0,Never-married,Adm-clerical,Husband,White,Male,0.0,0.0,40.0,United-states,<=50k
40.0,Private,141373.0,Some-college,7.0,Divorced,Handlers-cleaners,Not-in-family,White,Male,0.0,0.0,40.0,United-states,<=50k
40.0,Private,132378.0,Bachelors,9.0,Married-civ-spouse,Farming-fishing,Husband,White,Male,0.0,0.0,40.0,United-states,>50k
28.0,Private,137580.0,Some-college,10.0,Married-civ-spouse,Prof-specialty,Own-child,White,Male,0.0,0.0,17.0,United-states,<=50k
31.0,Private,449000.0,Masters,9.0,Married-civ-spouse,Craft-repair,Own-child,White,Male,0.0,0.0,40.0,United-states,<=50k
40.0,Private,555039.0,Doctorate,9.0,Never-married,Craft-repair,Husband,White,Male,0.0,0.0,50.0,United-states,<=50k
40.0,Private,56879.0,11th,10.0,Divorced,Craft-repair,Own-child,White,Male,0.0,0.0,40.0,United-states,<=50k
60.0,Private,132624.0,Bachelors,16.0,Never-married,Other-service,Own-child,White,Male,0.0,0.0,40.0,United-states,>50k
49.0,Private,173959.0,Bachelors,10.0,Divorced,Adm-clerical,Not-in-family,White,Male,0.0,0.0,40.0,United-states,<=50k
50.0,Private,294985.0,Hs-grad,9.0,Never-married,Exec-managerial,Husband,White,Male,561.0,0.0,28.0,United-states,<=50k
40.0,Private,1303919.0,Hs-grad,13.0,Married-civ-spouse,Sales,Own-child,White,Male,0.0,0.0,40.0,United-states,<=50k
30.0,Private,61385.0,Some-college,9.0,Never-married,Craft-repair,Husband,White,Male,0.0,0.0,40.0,United-states,<=50k
40.0,Private,89980.0,Hs-grad,12.0,Married-civ-spouse,Exec-managerial,Own-child,White,Female,0.0,0.0,40.0,United-states,<=50k
40.0,Private,1195950.0,Hs-grad,7.0,Never-married,Craft-repair,Not-in-family,White,Male,0.0,0.0,40.0,United-states,<=50k
40.0,Private,1033.0,Hs-grad,13.0,Married-civ-spouse,Exec-managerial,Unmarried,White,Male,1878.0,0.0,40.0,United-states,<=50k
60.0,Private,451385.0,Some-college,9.0,Divorced,Adm-clerical,Husband,White,Male,0.0,0.0,40.0,United-states,<=50k
40.0,Private,135575.0,Hs-grad,10.0,Married-civ-spouse,Machine-op-inspct,Not-in-family,White,Male,0.0,0.0,40.0,United-states,<=50k
38.0,Private,357086.0,Hs-grad,14.0,Never-married,Other-service,Husband,White,Male,0.0,0.0,40.0,United-states,<=50k
40.0,Self-emp-not-inc,5595918.0,Bachelors,15.0,Never-married,Prof-specialty,Husband,White,Male,0.0,0.0,40.0,United-states,<=50k
39.0,Private,182440.0,Some-college,9.0,Never-married,Exec-managerial,Husband,White,Male,0.0,0.0,40.0,United-states,<=50k
70.0,Private,328788.0,Bachelors,9.0,Married-civ-spouse,Other-service,Husband,White,Male,0.0,0.0,40.0,United-states,<=50k
50.0,Private,72817.0,11th,9.0,Married-civ-spouse,Other-service,Not-in-family,White,Male,0.0,0.0,40.0,United-states,>50k
52.0,Private,506650.0,Hs-grad,10.0,Married-civ-spouse,Sales,Husband,White,Male,0.0,0.0,39.0,United-states,<=50k
40.0,Private,141885.0,Bachelors,9.0,Married-civ-spouse,Exec-managerial,Husband,White,Male,0.0,0.0,40.0,United-states,<=50k
50.0,Private,392480.0,Bachelors,12.0,Married-civ-spouse,Machine-op-inspct,Husband,White,Male,0.0,0.0,40.0,United-states,<=50k
24.0,Private,131133.0,Hs-grad,13.0,Married-civ-spouse,Exec-managerial,Husband,White,Male,0.0,0.0,20.0,United-states,<=50k
20.0,Private,101856.0,Hs-grad,13.0,Married-civ-spouse,Other-service,Husband,White,Male,0.0,0.0,40.0,United-states,<=50k
37.0,Private,91918.0,Bachelors,10.0,Never-married,Exec-managerial,Not-in-family,White,Male,0.0,0.0,40.0,United-states,<=50k
45.0,Private,147873.0,Hs-grad,13.0,Married-civ-spouse,Exec-managerial,Not-in-family,White,Male,0.0,0.0,35.0,United-states,<=50k
40.0,Private,134926.0,Hs-grad,9.0,Married-civ-spouse,Adm-clerical,Husband,White,Male,0.0,0.0,40.0,United-states,<=50k
25.0,Private,384888.0,Masters,9.0,Married-civ-spouse,Prof-specialty,Own-child,White,Male,0.0,3708.0,40.0,United-states,>50k
35.0,State-gov,305.0,Hs-grad,9.0,Never-married,Adm-clerical,Not-in-family,White,Male,0.0,0.0,40.0,United-states,<=50k
50.0,Private,131948.0,Bachelors,9.0,Married-civ-spouse,Other-service,Husband,White,Male,0.0,0.0,14.0,United-states,>50k
55.0,Private,554498.0,Assoc-voc,14.0,Married-civ-spouse,Prof-specialty,Husband,White,Male,0.0,0.0,22.0,United-states,<=50k
30.0,Private,208549.0,Hs-grad,10.0,Married-civ-spouse,Adm-clerical,Not-in-family,White,Female,0.0,0.0,41.0,United-states,>50k
22.0,Private,52686.0,Some-college,10.0,Never-married,Exec-managerial,Husband,White,Male,0.0,0.0,40.0,United-states,<=50k
34.0,Private,396624.0,Assoc-voc,9.0,Never-married,Prof-specialty,Own-child,White,Female,0.0,0.0,20.0,United-states,<=50k
45.0,Private,132498.0,Hs-grad,10.0,Married-civ-spouse,Adm-clerical,Husband,White,Male,0.0,0.0,40.0,United-states,<=50k
41.0,Private,6058.0,Hs-grad,10.0,Married-civ-spouse,Sales,Wife,White,Male,0.0,0.0,46.0,United-states,<=50k
20.0,Private,125075.0,Bachelors,10.0,Married-civ-spouse,Exec-managerial,Wife,White,Male,0.0,0.0,28.0,United-states,<=50k
40.0,Private,1754923.0,Hs-grad,9.0,Married-civ-spouse,Prof-specialty,Own-child,White,Male,0.0,0.0,40.0,United-states,<=50k
40.0,Private,10.0,Some-college,10.0,Married-civ-spouse,Prof-specialty,Husband,White,Male,0.0,0.0,38.0,United-states,<=50k
40.0,Self-emp-not-inc,80186.0,Hs-grad,13.0,Married-civ-spouse,Craft-repair,Unmarried,White,Female,0.0,0.0,40.0,United-states,<=50k
41.0,Private,11568.0,Hs-grad,3.0,Never-married,Craft-repair,Unmarried,White,Male,0.0,0.0,28.0,United-states,<=50k
39.0,Private,148825.0,Masters,9.0,Married-civ-spouse,Craft-repair,Unmarried,White,Male,0.0,0.0,40.0,United-states,<=50k
40.0,Private,207899.0,Bachelors,9.0,Married-civ-spouse,Craft-repair,Husband,White,Male,0.0,0.0,40.0,United-states,<=50k
40.0,Private,135550.0,Bachelors,9.0,Married-civ-spouse,Protective-serv,Husband,White,Male,39201.0,0.0,40.0,United-states,<=50k
56.0,Private,57950.0,Some-college,10.0,Married-civ-spouse,Craft-repair,Own-child,White,Female,0.0,0.0,30.0,United-states,<=50k
42.0,Private,405562.0,Hs-grad,9.0,Never-married,Prof-specialty,Husband,White,Male,0.0,0.0,48.0,United-states,<=50k
40.0,Self-emp-not-inc,354511.0,Hs-grad,9.0,Married-civ-spouse,Transport-moving,Husband,White,Male,0.0,0.0,40.0,United-states,<=50k
40.0,Private,110845.0,Some-college,10.0,Married-civ-spouse,Adm-clerical,Husband,White,Male,0.0,0.0,40.0,United-states,<=50k
40.0,Private,236843.0,Masters,9.0,Married-civ-spouse,Craft-repair,Husband,White,Male,0.0,0.0,40.0,United-states,<=50k
39.0,Private,147380.0,Some-college,9.0,Married-civ-spouse,Adm-clerical,Husband,White,Male,0.0,0.0,40.0,United-states,<=50k
24.0,Private,1328982.0,9th,9.0,Never-married,Prof-specialty,Not-in-family,White,Male,0.0,0.0,40.0,United-states,<=50k
55.0,Private,131311.0,Hs-grad,15.0,Married-civ-spouse,Transport-moving,Not-in-family,Amer-indian-eskimo,Male,0.0,0.0,40.0,United-states,<=50k
40.0,Private,106586.0,Some-college,10.0,Divorced,Exec-managerial,Husband,White,Male,0.0,0.0,40.0,United-states,<=50k
18.0,Private,105834.0,Hs-grad,9.0,Never-married,Sales,Husband,White,Male,0.0,0.0,36.0,United-states,<=50k
40.0,Private,0.0,Hs-grad,9.0,Married-civ-spouse,Transport-moving,Husband,White,Male,0.0,0.0,40.0,United-states,<=50k
40.0,Private,136850.0,Hs-grad,10.0,Never-married,Exec-managerial,Own-child,White,Male,0.0,0.0,40.0,United-states,<=50k
28.0,Private,137550.0,Hs-grad,12.0,Married-civ-spouse,Farming-fishing,Own-child,White,Female,0.0,0.0,75.0,United-states,<=50k
29.0,Private,608049.0,Hs-grad,10.0,Never-married,Adm-clerical,Own-child,White,Male,0.0,0.0,48.0,United-states,>50k
28.0,Federal-gov,504898.0,Bachelors,14.0,Married-civ-spouse,Adm-clerical,Not-in-family,White,Male,0.0,0.0,40.0,United-states,<=50k
50.0,Private,135972.0,Hs-grad,9.0,Married-civ-spouse,Exec-managerial,Not-in-family,White,Female,0.0,0.0,40.0,United-states,<=50k
50.0,Private,214960.0,Some-college,9.0,Married-civ-spouse,Tech-support,Not-in-family,White,Female,0.0,0.0,40.0,United-states,<=50k
52.0,Private,131188.0,Hs-grad,13.0,Divorced,Tech-support,Wife,White,Male,0.0,0.0,40.0,United-states,<=50k
40.0,Private,49523.0,Hs-grad,10.0,Married-civ-spouse,Adm-clerical,Husband,White,Male,0.0,0.0,40.0,United-states,<=50k
40.0,Self-emp-inc,1154.0,Hs-grad,13.0,Married-civ-spouse,Craft-repair,Husband,White,Female,0.0,0.0,40.0,United-states,>50k
40.0,Private,104922.0,Hs-grad,10.0,Married-civ-spouse,Machine-op-inspct,Not-in-family,White,Male,0.0,0.0,43.0,United-states,<=50k
58.0,Private,0.0,Bachelors,6.0,Married-civ-spouse,Prof-specialty,Husband,White,Male,0.0,0.0,40.0,United-states,<=50k
17.0,Private,142273.0,Bachelors,10.0,Divorced,Craft-repair,Not-in-family,White,Male,0.0,0.0,40.0,United-states,<=50k
35.0,Private,988300.0,Hs-grad,7.0,Married-civ-spouse,Craft-repair,Not-in-family,White,Male,0.0,0.0,40.0,United-states,<=50k
40.0,Private,121232.0,Hs-grad,9.0,Married-civ-spouse,Exec-managerial,Husband,White,Female,0.0,0.0,40.0,United-states,>50k
24.0,Private,113925.0,Hs-grad,9.0,Married-civ-spouse,Exec-managerial,Not-in-family,White,Male,0.0,0.0,40.0,United-states,<=50k
26.0,Private,131948.0,Some-college,9.0,Never-married,Transport-moving,Not-in-family,White,Female,0.0,0.0,40.0,United-states,<=50k
40.0,Private,968984.0,Bachelors,9.0,Married-civ-spouse,Adm-clerical,Not-in-family,White,Male,0.0,0.0,40.0,United-states,<=50k
40.0,Private,253439.0,Hs-grad,4.0,Never-married,Exec-managerial,Husband,White,Male,0.0,0.0,50.0,United-states,<=50k
23.0,Local-gov,148831.0,Some-college,10.0,Married-civ-spouse,Craft-repair,Not-in-family,White,Male,0.0,0.0,40.0,United-states,<=50k
40.0,Private,145445.0,Hs-grad,10.0,Married-civ-spouse,Craft-repair,Husband,White,Female,0.0,0.0,40.0,United-states,<=50k
40.0,Private,136025.0,Hs-grad,10.0,Married-civ-spouse,Craft-repair,Own-child,White,Male,0.0,0.0,45.0,United-states,<=50k
40.0,Private,384838.0,Some-college,10.0,Never-married,Sales,Husband,White,Male,0.0,0.0,40.0,United-states,<=50k
40.0,Self-emp-not-inc,351347.0,Hs-grad,10.0,Divorced,Adm-clerical,Own-child,Black,Male,0.0,0.0,40.0,United-states,<=50k
50.0,Private,176585.0,Bachelors,9.0,Married-civ-spouse,Exec-managerial,Husband,White,Male,0.0,0.0,40.0,United-states,<=50k
22.0,Private,131908.0,Hs-grad,9.0,Married-civ-spouse,Sales,Own-child,White,Male,0.0,0.0,40.0,United-states,<=50k
45.0,Private,131162.0,Some-college,12.0,Married-civ-spouse,Protective-serv,Own-child,White,Male,0.0,0.0,9.0,United-states,<=50k
40.0,Private,238873.0,Hs-grad,9.0,Married-civ-spouse,Tech-support,Own-child,White,Male,0.0,0.0,22.0,United-states,<=50k
41.0,Self-emp-not-inc,1302898.0,Hs-grad,13.0,Never-married,Craft-repair,Husband,White,Male,0.0,0.0,40.0,United-states,>50k
24.0,Private,141951.0,Hs-grad,11.0,Married-civ-spouse,Tech-support,Husband,White,Male,0.0,0.0,40.0,United-states,<=50k
60.0,Local-gov,113522.0,Hs-grad,9.0,Married-civ-spouse,Exec-managerial,Not-in-family,White,Male,0.0,0.0,40.0,United-states,<=50k
27.0,Local-gov,554839.0,Hs-grad,9.0,Married-civ-spouse,Sales,Husband,White,Male,0.0,0.0,40.0,United-states,<=50k
30.0,Private,765000.0,Some-college,10.0,Married-civ-spouse,Adm-clerical,Husband,White,Male,0.0,0.0,40.0,United-states,<=50k
39.0,Private,148848.0,Some-college,9.0,Separated,Sales,Husband,White,Female,0.0,0.0,40.0,United-states,<=50k
40.0,Private,89870.0,Hs-grad,10.0,Married-civ-spouse,Transport-moving,Husband,White,Male,0.0,0.0,40.0,United-states,<=50k
33.0,Private,138862.0,Bachelors,9.0,Married-civ-spouse,Other-service,Husband,White,Male,0.0,0.0,40.0,Peru,<=50k
40.0,Private,931924.0,Some-college,9.0,Married-civ-spouse,Prof-specialty,Husband,White,Male,0.0,0.0,13.0,United-states,<=50k
40.0,Private,109845.0,Some-college,15.0,Never-married,Exec-managerial,Not-in-family,White,Male,0.0,0.0,40.0,United-states,<=50k
39.0,Private,103614.0,Hs-grad,10.0,Married-civ-spouse,Other-service,Unmarried,Black,Male,0.0,0.0,40.0,United-states,<=50k
38.0,Private,101826.0,Some-college,13.0,Never-married,Craft-repair,Husband,White,Male,0.0,0.0,40.0,United-states,<=50k
81.0,Private,131285.0,Hs-grad,10.0,Never-married,Adm-clerical,Unmarried,White,Male,0.0,0.0,40.0,United-states,<=50k
40.0,Private,1305500.0,Some-college,9.0,Married-civ-spouse,Exec-managerial,Unmarried,White,Female,0.0,0.0,40.0,United-states,<=50k
37.0,Private,147534.0,Hs-grad,13.0,Never-married,Sales,Not-in-family,White,Male,0.0,0.0,40.0,United-states,<=50k
36.0,Private,128565.0,Hs-grad,9.0,Divorced,Other-service,Own-child,White,Male,0.0,0.0,40.0,United-states,<=50k
49.0,Private,147499.0,Hs-grad,9.0,Married-civ-spouse,Craft-repair,Not-in-family,White,Male,0.0,0.0,40.0,United-states,<=50k
48.0,Private,131948.0,Hs-grad,10.0,Married-civ-spouse,Exec-managerial,Not-in-family,White,Female,0.0,0.0,25.0,United-states,<=50k
29.0,Private,405985.0,Hs-grad,10.0,Married-civ-spouse,Prof-specialty,Unmarried,White,Female,0.0,0.0,40.0,United-states,<=50k
31.0,Private,109350.0,Hs-grad,7.0,Married-civ-spouse,Adm-clerical,Not-in-family,White,Male,0.0,0.0,40.0,United-states,<=50k
40.0,Private,84639.0,Hs-grad,13.0,Married-civ-spouse,Other-service,Husband,White,Male,0.0,0.0,40.0,United-states,<=50k
23.0,Private,307585.0,Some-college,10.0,Never-married,Tech-support,Husband,White,Male,0.0,0.0,9.0,United-states,<=50k
24.0,Private,402650.0,Some-college,9.0,Never-married,Handlers-cleaners,Husband,Black,Male,0.0,0.0,40.0,United-states,<=50k
43.0,Private,403435.0,Hs-grad,9.0,Never-married,Prof-specialty,Husband,White,Male,0.0,0.0,40.0,United-states,<=50k
53.0,Private,143670.0,Hs-grad,9.0,Married-civ-spouse,Sales,Own-child,White,Male,0.0,0.0,40.0,United-states,<=50k
40.0,Private,1308928.0,Hs-grad,13.0,Married-civ-spouse,Other-service,Husband,White,Male,0.0,0.0,43.0,United-states,<=50k
28.0,Private,62773.0,Some-college,9.0,Married-civ-spouse,Sales,Not-in-family,White,Male,0.0,0.0,50.0,United-states,<=50k
55.0,Private,386853.0,Hs-grad,9.0,Never-married,Craft-repair,Own-child,White,Male,0.0,0.0,40.0,United-states,<=50k
50.0,Private,491178.0,Hs-grad,9.0,Never-married,Craft-repair,Husband,White,Male,0.0,0.0,40.0,United-states,<=50k
35.0,Private,95960.0,Hs-grad,13.0,Divorced,Prof-specialty,Own-child,White,Female,0.0,0.0,40.0,United-states,<=50k
40.0,Private,66898.0,Some-college,9.0,Married-civ-spouse,Adm-clerical,Husband,White,Male,0.0,0.0,40.0,United-states,<=50k
40.0,Private,133414.0,Hs-grad,9.0,Married-civ-spouse,Exec-managerial,Unmarried,White,Male,0.0,1479.0,40.0,United-states,<=50k
17.0,Private,1304924.0,Hs-grad,16.0,Never-married,Adm-clerical,Husband,White,Male,0.0,0.0,40.0,United-states,<=50k
40.0,Private,92448.0,Hs-grad,9.0,Never-married,Other-service,Not-in-family,White,Female,0.0,0.0,45.0,United-states,<=50k
40.0,Self-emp-not-inc,6034.0,Hs-grad,9.0,Never-married,Adm-clerical,Husband,White,Male,0.0,0.0,40.0,United-states,<=50k
40.0,Private,131802.0,Hs-grad,9.0,Separated,Craft-repair,Not-in-family,White,Male,0.0,0.0,40.0,United-states,<=50k
32.0,Private,128848.0,Hs-grad,9.0,Married-civ-spouse,Prof-specialty,Own-child,White,Female,0.0,0.0,10.0,United-states,<=50k
46.0,Private,90579.0,Assoc-voc,9.0,Married-civ-spouse,Adm-clerical,Not-in-family,White,Male,0.0,0.0,45.0,United-states,<=50k
28.0,Private,103926.0,11th,9.0,Never-married,Adm-clerical,Husband,White,Male,0.0,0.0,40.0,United-states,<=50k
40.0,Private,103934.0,Hs-grad,9.0,Married-civ-spouse,Exec-managerial,Not-in-family,White,Male,0.0,0.0,27.0,United-states,>50k
45.0,Private,1102813.0,9th,10.0,Married-civ-spouse,Other-service,Wife,White,Male,0.0,0.0,50.0,United-states,<=50k
44.0,Private,912667.0,Hs-grad,15.0,Married-civ-spouse,Craft-repair,Own-child,White,Male,0.0,0.0,40.0,United-states,<=50k
60.0,Private,136419.0,Some-college,13.0,Divorced,Sales,Not-in-family,White,Female,0.0,0.0,40.0,United-states,<=50k
40.0,Private,11477843.0,Some-college,10.0,Married-civ-spouse,Sales,Own-child,White,Male,0.0,0.0,35.0,United-states,<=50k
41.0,Private,0.0,Hs-grad,10.0,Never-married,Adm-clerical,Unmarried,White,Male,0.0,0.0,40.0,United-states,<=50k
50.0,Private,955391.0,Hs-grad,10.0,Separated,Farming-fishing,Not-in-family,White,Female,0.0,0.0,40.0,United-states,<=50k
40.0,Private,141973.0,Hs-grad,13.0,Married-civ-spouse,Sales,Own-child,White,Male,0.0,0.0,40.0,United-states,<=50k
40.0,Never-worked,1488042.0,Hs-grad,13.0,Married-civ-spouse,Machine-op-inspct,Own-child,White,Male,0.0,0.0,40.0,United-states,<=50k
40.0,Private,216718.0,Hs-grad,13.0,Married-civ-spouse,Prof-specialty,Own-child,White,Male,0.0,0.0,40.0,United-states,<=50k
49.0,Private,136898.0,Hs-grad,13.0,Married-civ-spouse,Other-service,Not-in-family,White,Male,0.0,0.0,40.0,United-states,<=50k
25.0,Private,72295.0,Some-college,10.0,Divorced,Adm-clerical,Own-child,White,Male,0.0,0.0,40.0,United-states,<=50k
28.0,Private,1194.0,Hs-grad,9.0,Never-married,Craft-repair,Other-relative,White,Male,0.0,0.0,40.0,United-states,<=50k
60.0,Private,147874.0,Hs-grad,13.0,Married-civ-spouse,Prof-specialty,Not-in-family,White,Male,0.0,0.0,50.0,United-states,<=50k
50.0,Private,3542.0,Hs-grad,6.0,Never-married,Other-service,Unmarried,White,Male,0.0,0.0,40.0,United-states,<=50k
34.0,Self-emp-not-inc,111947.0,Hs-grad,9.0,Married-civ-spouse,Transport-moving,Husband,Black,Male,0.0,0.0,40.0,United-states,>50k
51.0,Private,0.0,Hs-grad,16.0,Never-married,Adm-clerical,Unmarried,White,Male,0.0,0.0,60.0,United-states,<=50k
40.0,Private,132388.0,Some-college,10.0,Divorced,Exec-managerial,Not-in-family,White,Female,0.0,0.0,35.0,United-states,<=50k
27.0,Private,71147.0,Assoc-voc,14.0,Married-civ-spouse,Transport-moving,Husband,White,Male,0.0,0.0,20.0,United-states,<=50k
50.0,Private,63924.0,Hs-grad,9.0,Never-married,Protective-serv,Own-child,White,Male,0.0,0.0,55.0,United-states,<=50k
27.0,Private,118826.0,Assoc-voc,9.0,Married-civ-spouse,Prof-specialty,Husband,White,Male,40892.0,0.0,40.0,United-states,<=50k
45.0,Self-emp-not-inc,131913.0,Hs-grad,9.0,Never-married,Craft-repair,Unmarried,White,Male,0.0,0.0,40.0,United-states,<=50k
40.0,Private,101844.0,Bachelors,13.0,Divorced,Exec-managerial,Own-child,White,Male,0.0,0.0,40.0,United-states,<=50k
28.0,Private,245.0,Hs-grad,16.0,Married-civ-spouse,Sales,Wife,White,Male,0.0,0.0,40.0,United-states,<=50k
40.0,Private,91855.0,Bachelors,9.0,Married-civ-spouse,Craft-repair,Husband,White,Female,0.0,0.0,40.0,United-states,<=50k
37.0,Private,289862.0,Some-college,14.0,Divorced,Exec-managerial,Husband,White,Male,0.0,0.0,40.0,United-states,<=50k
30.0,Private,492399.0,Some-college,7.0,Married-civ-spouse,Priv-house-serv,Husband,White,Male,0.0,0.0,40.0,United-states,<=50k
25.0,Private,403422.0,Hs-grad,10.0,Married-civ-spouse,Other-service,Unmarried,White,Male,0.0,0.0,93.0,United-states,<=50k
40.0,Private,387878.0,Hs-grad,10.0,Married-civ-spouse,Other-service,Husband,White,Male,0.0,0.0,40.0,United-states,<=50k
23.0,Private,858900.0,Bachelors,10.0,Married-civ-spouse,Craft-repair,Husband,White,Male,0.0,0.0,40.0,United-states,<=50k
40.0,Private,114960.0,Hs-grad,9.0,Never-married,Machine-op-inspct,Not-in-family,White,Male,0.0,0.0,40.0,United-states,<=50k
40.0,Private,11473439.0,Hs-grad,13.0,Married-civ-spouse,Adm-clerical,Husband,White,Male,0.0,0.0,58.0,United-states,<=50k
40.0,Private,0.0,Some-college,12.0,Married-civ-spouse,Other-service,Own-child,Black,Male,0.0,0.0,13.0,United-states,>50k
36.0,Private,56685.0,11th,9.0,Never-married,Craft-repair,Not-in-family,White,Male,0.0,0.0,40.0,United-states,<=50k
39.0,Private,92426.0,Hs-grad,13.0,Separated,Tech-support,Husband,White,Male,0.0,0.0,40.0,United-states,<=50k
19.0,Private,494593.0,Bachelors,13.0,Never-married,Craft-repair,Husband,White,Female,0.0,0.0,35.0,United-states,<=50k
50.0,Private,201.0,Bachelors,15.0,Married-civ-spouse,Adm-clerical,Husband,White,Male,0.0,0.0,40.0,United-states,<=50k
40.0,Private,56798.0,Hs-grad,10.0,Married-civ-spouse,Other-service,Husband,White,Male,0.0,0.0,40.0,United-states,<=50k
60.0,Private,67950.0,Assoc-voc,16.0,Never-married,Exec-managerial,Husband,White,Female,0.0,0.0,40.0,United-states,<=50k
40.0,Private,1483413.0,11th,9.0,Married-civ-spouse,Farming-fishing,Husband,White,Male,0.0,0.0,13.0,United-states,<=50k
45.0,Private,1192125.0,Hs-grad,9.0,Never-married,Machine-op-inspct,Other-relative,White,Male,0.0,0.0,40.0,United-states,>50k
40.0,Private,967483.0,Hs-grad,9.0,Never-married,Craft-repair,Own-child,White,Male,0.0,0.0,40.0,United-states,<=50k
45.0,Private,1488.0,Bachelors,13.0,Married-civ-spouse,Craft-repair,Unmarried,Black,Male,0.0,0.0,40.0,United-states,<=50k
21.0,Private,188424.0,Bachelors,9.0,Married-civ-spouse,Tech-support,Husband,White,Male,0.0,0.0,40.0,United-states,<=50k
18.0,Private,137911.0,Hs-grad,13.0,Never-married,Prof-specialty,Not-in-family,White,Male,0.0,0.0,10.0,United-states,<=50k
39.0,Private,138524.0,Some-college,0.0,Never-married,Adm-clerical,Not-in-family,White,Male,0.0,0.0,40.0,United-states,<=50k
21.0,Private,0.0,Bachelors,13.0,Married-civ-spouse,Machine-op-inspct,Own-child,White,Male,0.0,0.0,40.0,United-states,<=50k
50.0,Private,91908.0,Hs-grad,10.0,Married-civ-spouse,Other-service,Own-child,White,Female,0.0,0.0,20.0,United-states,<=50k
40.0,Private,52635.0,Masters,9.0,Married-civ-spouse,Prof-specialty,Own-child,White,Male,0.0,0.0,44.0,United-states,<=50k
20.0,Private,129565.0,Hs-grad,13.0,Married-civ-spouse,Machine-op-inspct,Not-in-family,White,Male,0.0,0.0,40.0,United-states,<=50k
21.0,Private,0.0,Prof-school,9.0,Married-civ-spouse,Sales,Husband,White,Male,0.0,0.0,40.0,United-states,<=50k
49.0,Private,102719.0,Hs-grad,10.0,Married-civ-spouse,Exec-managerial,Husband,White,Male,0.0,0.0,40.0,United-states,<=50k
34.0,Self-emp-not-inc,75424.0,Hs-grad,9.0,Married-civ-spouse,Transport-moving,Not-in-family,White,Male,0.0,0.0,40.0,United-states,<=50k
60.0,Private,148521.0,Some-college,10.0,Never-married,Sales,Husband,White,Male,0.0,0.0,40.0,United-states,>50k
70.0,Private,102795.0,Hs-grad,13.0,Married-civ-spouse,Exec-managerial,Own-child,White,Female,0.0,0.0,40.0,United-states,<=50k
45.0,Private,64913.0,Bachelors,10.0,Never-married,Sales,Unmarried,White,Male,0.0,0.0,40.0,United-states,<=50k
50.0,Private,147311.0,Hs-grad,10.0,Married-civ-spouse,Transport-moving,Husband,White,Male,0.0,0.0,40.0,United-states,<=50k
30.0,Private,354217.0,Hs-grad,14.0,Married-civ-spouse,Craft-repair,Not-in-family,White,Male,0.0,0.0,40.0,United-states,<=50k
36.0,Private,282674.0,Hs-grad,10.0,Never-married,Craft-repair,Husband,White,Male,0.0,0.0,30.0,United-states,<=50k
40.0,Local-gov,242670.0,Hs-grad,10.0,Married-civ-spouse,Craft-repair,Husband,White,Female,0.0,0.0,19.0,United-states,>50k
45.0,Private,141902.0,Hs-grad,13.0,Married-civ-spouse,Machine-op-inspct,Husband,White,Female,0.0,0.0,43.0,United-states,<=50k
50.0,Private,148521.0,Hs-grad,9.0,Married-civ-spouse,Exec-managerial,Husband,White,Male,0.0,0.0,40.0,United-states,<=50k
44.0,Local-gov,129524.0,Some-college,14.0,Married-spouse-absent,Craft-repair,Husband,White,Female,0.0,0.0,40.0,United-states,<=50k
22.0,Private,116434.0,Bachelors,9.0,Married-civ-spouse,Craft-repair,Husband,White,Male,0.0,0.0,55.0,United-states,>50k
40.0,Private,92554.0,Hs-grad,9.0,Married-civ-spouse,Adm-clerical,Husband,White,Female,0.0,0.0,40.0,United-states,<=50k
52.0,Private,0.0,Hs-grad,9.0,Married-civ-spouse,Craft-repair,Not-in-family,White,Male,0.0,0.0,40.0,United-states,<=50k
40.0,Private,407317.0,Hs-grad,13.0,Married-civ-spouse,Other-service,Not-in-family,White,Male,0.0,0.0,43.0,United-states,<=50k
25.0,Private,136719.0,Hs-grad,8.0,Married-civ-spouse,Other-service,Own-child,White,Male,0.0,0.0,40.0,United-states,<=50k
58.0,Private,505539.0,Hs-grad,13.0,Married-civ-spouse,Craft-repair,Husband,White,Male,0.0,0.0,40.0,United-states,>50k
50.0,Private,141296.0,Hs-grad,9.0,Never-married,Adm-clerical,Husband,White,Male,0.0,0.0,38.0,United-states,<=50k
45.0,Private,131702.0,Bachelors,9.0,Divorced,Sales,Husband,White,Male,0.0,0.0,46.0,United-states,<=50k
53.0,Private,95919.0,Hs-grad,10.0,Married-civ-spouse,Prof-specialty,Unmarried,White,Male,0.0,0.0,40.0,United-states,<=50k
60.0,Private,1047900.0,Hs-grad,10.0,Never-married,Farming-fishing,Other-relative,White,Male,0.0,0.0,40.0,United-states,<=50k
25.0,Private,137950.0,Hs-grad,13.0,Married-civ-spouse,Sales,Husband,White,Male,0.0,0.0,40.0,United-states,<=50k
40.0,Local-gov,81908.0,Hs-grad,16.0,Divorced,Adm-clerical,Own-child,White,Male,0.0,0.0,40.0,United-states,<=50k
36.0,Private,136473.0,Hs-grad,13.0,Never-married,Craft-repair,Own-child,White,Male,0.0,0.0,50.0,United-states,<=50k
40.0,Private,402441.0,Assoc-voc,13.0,Never-married,Farming-fishing,Own-child,White,Male,0.0,0.0,40.0,United-states,>50k
43.0,Private,242988.0,Assoc-voc,7.0,Married-civ-spouse,Craft-repair,Unmarried,White,Male,0.0,0.0,40.0,United-states,<=50k
24.0,Private,133973.0,Bachelors,9.0,Married-civ-spouse,Craft-repair,Husband,White,Female,0.0,0.0,40.0,United-states,<=50k
40.0,Private,1155968.0,Hs-grad,10.0,Never-married,Craft-repair,Husband,White,Female,0.0,0.0,41.0,United-states,<=50k
40.0,Private,205524.0,Some-college,10.0,Married-civ-spouse,Machine-op-inspct,Husband,White,Male,0.0,0.0,40.0,United-states,<=50k
31.0,Private,139919.0,Bachelors,9.0,Married-civ-spouse,Other-service,Husband,White,Male,0.0,0.0,40.0,United-states,<=50k
25.0,Private,88852.0,Bachelors,9.0,Married-civ-spouse,Craft-repair,Own-child,Other,Male,0.0,0.0,20.0,United-states,<=50k
45.0,Private,104948.0,Some-college,9.0,Never-married,Craft-repair,Unmarried,White,Male,0.0,0.0,93.0,United-states,<=50k
39.0,Private,1261902.0,Some-college,9.0,Married-civ-spouse,Sales,Husband,White,Male,0.0,0.0,40.0,United-states,<=50k
43.0,Private,201.0,Some-college,14.0,Never-married,Sales,Husband,White,Male,0.0,0.0,34.0,United-states,<=50k
38.0,Private,354898.0,11th,13.0,Married-civ-spouse,Craft-repair,Husband,White,Male,0.0,0.0,42.0,United-states,<=50k
50.0,Private,92773.0,Bachelors,9.0,Married-civ-spouse,Craft-repair,Husband,White,Female,0.0,0.0,40.0,United-states,<=50k
40.0,Private,141944.0,Hs-grad,10.0,Married-civ-spouse,Prof-specialty,Unmarried,White,Male,0.0,0.0,39.0,United-states,<=50k
39.0,Private,103873.0,Hs-grad,10.0,Married-civ-spouse,Exec-managerial,Unmarried,White,Male,0.0,0.0,40.0,United-states,<=50k
35.0,Private,56518.0,Hs-grad,9.0,Never-married,Exec-managerial,Husband,Black,Male,0.0,0.0,0.0,United-states,<=50k
34.0,Private,108816.0,Hs-grad,9.0,Married-civ-spouse,Sales,Not-in-family,White,Male,0.0,0.0,40.0,United-states,<=50k
40.0,Private,140534.0,Bachelors,13.0,Married-civ-spouse,Other-service,Husband,White,Female,0.0,0.0,40.0,United-states,<=50k
40.0,Private,13474344.0,Hs-grad,9.0,Married-civ-spouse,Prof-specialty,Not-in-family,White,Male,0.0,0.0,40.0,United-states,<=50k
30.0,Self-emp-not-inc,997.0,Bachelors,9.0,Married-civ-spouse,Sales,Own-child,White,Male,0.0,0.0,40.0,United-states,<=50k
50.0,Private,378.0,Hs-grad,10.0,Married-civ-spouse,Prof-specialty,Not-in-family,White,Female,0.0,0.0,40.0,United-states,<=50k
50.0,Private,1169940.0,Some-college,10.0,Married-civ-spouse,Prof-specialty,Husband,White,Male,0.0,0.0,35.0,United-states,<=50k
18.0,Private,58898.0,11th,9.0,Married-civ-spouse,Craft-repair,Own-child,White,Male,0.0,0.0,25.0,United-states,<=50k
17.0,Federal-gov,1482985.0,Hs-grad,7.0,Married-civ-spouse,Prof-specialty,Husband,White,Male,0.0,0.0,40.0,United-states,>50k
24.0,Private,175366.0,Hs-grad,9.0,Married-civ-spouse,Exec-managerial,Not-in-family,White,Male,0.0,0.0,40.0,United-states,<=50k
40.0,Private,1266450.0,9th,9.0,Married-civ-spouse,Sales,Other-relative,White,Male,0.0,0.0,40.0,United-states,<=50k
44.0,Private,128565.0,Hs-grad,11.0,Divorced,Tech-support,Husband,White,Female,0.0,0.0,40.0,United-states,<=50k
45.0,Private,393667.0,Hs-grad,9.0,Married-civ-spouse,Craft-repair,Not-in-family,White,Male,0.0,0.0,0.0,United-states,<=50k
51.0,Private,407036.0,Hs-grad,9.0,Married-civ-spouse,Transport-moving,Own-child,White,Male,0.0,0.0,40.0,United-states,<=50k
40.0,Private,1154100.0,11th,9.0,Married-civ-spouse,Other-service,Husband,White,Female,0.0,0.0,93.0,United-states,<=50k
40.0,Private,406350.0,Bachelors,9.0,Never-married,Craft-repair,Husband,White,Male,0.0,0.0,40.0,United-states,<=50k
50.0,Self-emp-not-inc,30286700.0,Assoc-acdm,9.0,Widowed,Sales,Husband,White,Male,0.0,0.0,50.0,United-states,<=50k
55.0,Private,284847.0,Some-college,10.0,Married-civ-spouse,Exec-managerial,Unmarried,White,Female,0.0,0.0,40.0,United-states,<=50k
40.0,Private,68826.0,Bachelors,13.0,Married-civ-spouse,Craft-repair,Not-in-family,White,Male,0.0,0.0,40.0,United-states,<=50k
40.0,Private,1018711.0,Hs-grad,9.0,Married-civ-spouse,Other-service,Husband,White,Male,1231.0,0.0,40.0,United-states,<=50k
40.0,Private,728982.0,Some-college,9.0,Never-married,Adm-clerical,Husband,White,Female,0.0,0.0,40.0,United-states,<=50k
40.0,Self-emp-not-inc,76496.0,Hs-grad,14.0,Divorced,Craft-repair,Husband,White,Female,0.0,0.0,16.0,United-states,<=50k
50.0,Private,92390.0,Hs-grad,16.0,Married-civ-spouse,Adm-clerical,Not-in-family,White,Male,0.0,0.0,40.0,United-states,<=50k
40.0,Private,142940.0,Hs-grad,13.0,Never-married,Exec-managerial,Husband,White,Male,0.0,0.0,40.0,United-states,<=50k
39.0,Private,13191893.0,Bachelors,11.0,Married-civ-spouse,Other-service,Own-child,White,Female,0.0,0.0,40.0,United-states,<=50k
55.0,Private,63924.0,Some-college,13.0,Married-civ-spouse,Machine-op-inspct,Husband,White,Male,0.0,0.0,40.0,United-states,<=50k
57.0,Private,121951.0,Bachelors,10.0,Married-civ-spouse,Sales,Husband,White,Male,0.0,0.0,40.0,United-states,<=50k
81.0,Private,18289813.0,Hs-grad,9.0,Never-married,Other-service,Unmarried,White,Female,0.0,0.0,20.0,United-states,<=50k
45.0,Private,988672.0,Bachelors,9.0,Married-civ-spouse,Craft-repair,Not-in-family,White,Male,0.0,0.0,40.0,United-states,<=50k
39.0,Private,135902.0,Some-college,9.0,Never-married,Adm-clerical,Husband,White,Female,0.0,0.0,9.0,United-states,<=50k
50.0,Private,748667.0,Some-college,4.0,Divorced,Prof-specialty,Own-child,White,Female,38984.0,0.0,40.0,United-states,<=50k
40.0,Private,1286026.0,Bachelors,9.0,Married-civ-spouse,Exec-managerial,Own-child,White,Male,0.0,0.0,40.0,United-states,<=50k
70.0,State-gov,503915.0,Assoc-voc,9.0,Divorced,Sales,Own-child,White,Male,0.0,0.0,40.0,United-states,<=50k
40.0,Private,117858.0,Hs-grad,9.0,Separated,Transport-moving,Unmarried,White,Male,0.0,0.0,30.0,United-states,<=50k
37.0,Private,454950.0,Bachelors,9.0,Never-married,Adm-clerical,Husband,White,Male,0.0,0.0,40.0,United-states,<=50k
58.0,Private,121317.0,Some-college,11.0,Married-civ-spouse,Craft-repair,Husband,White,Male,4002.0,0.0,40.0,United-states,<=50k
24.0,Private,101958.0,Hs-grad,9.0,Married-civ-spouse,Exec-managerial,Own-child,White,Male,0.0,0.0,40.0,United-states,<=50k
17.0,Private,348813.0,Hs-grad,10.0,Married-civ-spouse,Exec-managerial,Not-in-family,White,Female,0.0,0.0,44.0,United-states,<=50k
24.0,Private,147324.0,Hs-grad,13.0,Married-civ-spouse,Exec-managerial,Not-in-family,White,Male,0.0,0.0,60.0,United-states,<=50k
48.0,Private,131955.0,Hs-grad,9.0,Married-civ-spouse,Handlers-cleaners,Husband,White,Male,0.0,0.0,50.0,United-states,<=50k
50.0,Private,108350.0,Some-college,2.0,Married-civ-spouse,Other-service,Not-in-family,White,Male,0.0,0.0,9.0,United-states,<=50k
55.0,Private,66526.0,Hs-grad,10.0,Divorced,Transport-moving,Not-in-family,White,Male,0.0,0.0,40.0,United-states,<=50k
40.0,Private,1456519.0,Some-college,13.0,Never-married,Handlers-cleaners,Husband,White,Male,0.0,0.0,40.0,United-states,<=50k
49.0,Private,140585.0,Some-college,4.0,Married-civ-spouse,Exec-managerial,Husband,White,Male,0.0,0.0,40.0,United-states,>50k
25.0,Self-emp-not-inc,90119.0,11th,9.0,Married-civ-spouse,Craft-repair,Husband,White,Male,0.0,0.0,13.0,United-states,<=50k
45.0,Private,133933.0,7th-8th,9.0,Married-civ-spouse,Adm-clerical,Not-in-family,White,Female,0.0,0.0,18.0,United-states,<=50k
40.0,Private,118896.0,Some-college,3.0,Married-civ-spouse,Prof-specialty,Own-child,White,Male,0.0,0.0,40.0,United-states,<=50k
60.0,Private,79873.0,Some-college,13.0,Never-married,Farming-fishing,Not-in-family,White,Male,0.0,0.0,40.0,United-states,<=50k
38.0,Private,351650.0,Hs-grad,10.0,Separated,Craft-repair,Own-child,White,Male,0.0,0.0,40.0,United-states,<=50k
40.0,Private,137816.0,Hs-grad,9.0,Married-civ-spouse,Other-service,Husband,White,Male,97435.0,0.0,40.0,United-states,<=50k
40.0,Private,1457588.0,Hs-grad,13.0,Never-married,Exec-managerial,Unmarried,White,Male,0.0,0.0,40.0,United-states,<=50k
40.0,Private,207867.0,Some-college,9.0,Never-married,Machine-op-inspct,Own-child,White,Male,0.0,0.0,40.0,United-states,<=50k
59.0,Private,696300.0,Masters,14.0,Married-civ-spouse,Craft-repair,Not-in-family,White,Male,0.0,0.0,40.0,United-states,<=50k
45.0,Private,103954.0,Hs-grad,13.0,Never-married,Tech-support,Husband,White,Female,0.0,0.0,30.0,United-states,<=50k
45.0,Private,1155534.0,Prof-school,9.0,Never-married,Craft-repair,Husband,White,Female,0.0,0.0,43.0,United-states,<=50k
27.0,Private,132553.0,Bachelors,9.0,Married-civ-spouse,Sales,Own-child,White,Male,0.0,0.0,43.0,United-states,<=50k
40.0,Private,57826.0,Some-college,16.0,Married-civ-spouse,Craft-repair,Own-child,White,Male,0.0,0.0,40.0,United-states,<=50k
20.0,Private,137980.0,Some-college,9.0,Married-civ-spouse,Exec-managerial,Own-child,White,Male,0.0,0.0,40.0,United-states,<=50k
35.0,Private,148893.0,Hs-grad,9.0,Never-married,Craft-repair,Own-child,White,Male,0.0,0.0,45.0,United-states,<=50k
40.0,Private,131119.0,Hs-grad,9.0,Married-civ-spouse,Exec-managerial,Husband,White,Male,91485.0,0.0,40.0,United-states,<=50k
70.0,Private,1039.0,Hs-grad,13.0,Never-married,Craft-repair,Own-child,White,Male,0.0,0.0,40.0,United-states,<=50k
40.0,Private,10789826.0,Some-college,12.0,Divorced,Exec-managerial,Own-child,White,Female,0.0,0.0,46.0,United-states,<=50k
20.0,Private,131924.0,Masters,9.0,Never-married,Tech-support,Not-in-family,White,Male,29.0,0.0,40.0,United-states,<=50k
28.0,Private,11474898.0,Hs-grad,15.0,Never-married,Exec-managerial,Husband,White,Female,0.0,0.0,40.0,United-states,<=50k
45.0,Private,1488.0,Some-college,9.0,Never-married,Exec-managerial,Husband,White,Male,0.0,0.0,40.0,United-states,<=50k
40.0,Private,1489565.0,Hs-grad,9.0,Married-civ-spouse,Sales,Not-in-family,White,Female,0.0,0.0,40.0,United-states,<=50k
60.0,Private,1305427.0,Assoc-voc,16.0,Never-married,Craft-repair,Husband,White,Male,0.0,0.0,55.0,United-states,>50k
30.0,Private,113950.0,Hs-grad,9.0,Married-civ-spouse,Prof-specialty,Not-in-family,White,Male,0.0,0.0,40.0,United-states,<=50k
33.0,Private,303450.0,Hs-grad,14.0,Married-civ-spouse,Adm-clerical,Not-in-family,White,Female,0.0,0.0,40.0,United-states,<=50k
41.0,Private,1022.0,Bachelors,9.0,Married-civ-spouse,Sales,Husband,White,Male,0.0,0.0,40.0,United-states,<=50k
17.0,Private,135044.0,Hs-grad,10.0,Married-civ-spouse,Adm-clerical,Husband,White,Female,0.0,0.0,40.0,United-states,<=50k
40.0,Private,201.0,Hs-grad,9.0,Married-civ-spouse,Handlers-cleaners,Husband,White,Male,0.0,0.0,40.0,United-states,<=50k
40.0,Private,0.0,Hs-grad,9.0,Married-civ-spouse,Craft-repair,Not-in-family,White,Male,0.0,0.0,40.0,United-states,<=50k
40.0,Private,136835.0,Masters,9.0,Never-married,Exec-managerial,Not-in-family,White,Male,0.0,0.0,40.0,United-states,<=50k
40.0,Federal-gov,131328.0,Assoc-voc,9.0,Never-married,Machine-op-inspct,Not-in-family,White,Male,0.0,0.0,40.0,United-states,>50k
25.0,Private,138532.0,Hs-grad,10.0,Married-civ-spouse,Exec-managerial,Unmarried,White,Male,0.0,0.0,40.0,United-states,<=50k
26.0,Private,248565.0,Assoc-voc,15.0,Married-civ-spouse,Adm-clerical,Not-in-family,White,Male,0.0,0.0,20.0,United-states,<=50k
25.0,Private,105614.0,Bachelors,13.0,Married-civ-spouse,Craft-repair,Unmarried,White,Male,0.0,0.0,40.0,United-states,<=50k
30.0,Private,145075.0,Hs-grad,10.0,Never-married,Adm-clerical,Not-in-family,White,Male,0.0,0.0,40.0,United-states,>50k
40.0,Self-emp-not-inc,55942.0,Hs-grad,10.0,Never-married,Adm-clerical,Husband,White,Male,0.0,0.0,40.0,United-states,<=50k
40.0,Private,130150.0,Hs-grad,10.0,Married-civ-spouse,Craft-repair,Not-in-family,White,Male,0.0,0.0,40.0,United-states,>50k
26.0,Private,57224.0,Bachelors,10.0,Married-civ-spouse,Adm-clerical,Own-child,White,Male,39455.0,0.0,42.0,United-states,<=50k
40.0,Private,504462.0,Hs-grad,9.0,Married-civ-spouse,Prof-specialty,Husband,White,Male,0.0,0.0,40.0,United-states,<=50k
33.0,Private,1195966.0,Hs-grad,4.0,Never-married,Prof-specialty,Husband,White,Male,0.0,0.0,49.0,United-states,<=50k
40.0,Private,72213.0,Some-college,9.0,Never-married,Adm-clerical,Husband,White,Male,0.0,0.0,40.0,United-states,<=50k
46.0,Private,406213.0,Hs-grad,9.0,Married-civ-spouse,Sales,Own-child,White,Male,0.0,0.0,45.0,United-states,<=50k
60.0,Private,354812.0,Hs-grad,9.0,Married-civ-spouse,Prof-specialty,Unmarried,White,Male,0.0,0.0,40.0,United-states,<=50k
40.0,Private,131947.0,Hs-grad,13.0,Never-married,Sales,Own-child,White,Male,0.0,0.0,40.0,United-states,<=50k
18.0,Private,1156040.0,Hs-grad,9.0,Married-civ-spouse,Sales,Own-child,White,Male,278.0,0.0,40.0,United-states,<=50k
45.0,Private,147978.0,Hs-grad,10.0,Married-civ-spouse,Craft-repair,Not-in-family,White,Male,0.0,0.0,50.0,United-states,<=50k
40.0,Self-emp-not-inc,131268.0,Hs-grad,9.0,Married-civ-spouse,Prof-specialty,Not-in-family,White,Male,0.0,0.0,40.0,United-states,>50k
40.0,Private,495959.0,Assoc-voc,12.0,Never-married,Exec-managerial,Not-in-family,White,Male,0.0,0.0,40.0,United-states,>50k
43.0,Private,55931.0,Hs-grad,9.0,Never-married,Adm-clerical,Not-in-family,White,Male,0.0,0.0,40.0,United-states,<=50k
18.0,Private,131385.0,Hs-grad,9.0,Married-civ-spouse,Craft-repair,Husband,White,Male,0.0,0.0,40.0,United-states,>50k
40.0,Private,1274985.0,Hs-grad,8.0,Never-married,Tech-support,Own-child,White,Male,0.0,0.0,40.0,United-states,<=50k
42.0,Private,357750.0,Hs-grad,6.0,Married-civ-spouse,Other-service,Husband,White,Male,0.0,0.0,40.0,United-states,<=50k
40.0,Private,145329.0,10th,10.0,Never-married,Craft-repair,Own-child,White,Male,0.0,0.0,40.0,United-states,<=50k
33.0,Private,368521.0,Hs-grad,10.0,Married-civ-spouse,Craft-repair,Husband,White,Male,0.0,0.0,39.0,United-states,<=50k
40.0,Private,133653.0,Bachelors,9.0,Never-married,Adm-clerical,Husband,White,Male,0.0,0.0,40.0,United-states,<=50k
38.0,Private,483526.0,Bachelors,9.0,Married-civ-spouse,Exec-managerial,Husband,White,Male,0.0,0.0,50.0,United-states,>50k
35.0,Private,202650.0,9th,9.0,Divorced,Other-service,Own-child,White,Male,0.0,0.0,40.0,United-states,<=50k
17.0,Private,298816.0,Some-college,13.0,Married-civ-spouse,Craft-repair,Husband,White,Male,0.0,0.0,0.0,United-states,<=50k
40.0,Private,795245.0,Some-college,14.0,Married-civ-spouse,Adm-clerical,Husband,White,Male,0.0,0.0,40.0,United-states,<=50k
53.0,Private,1197085.0,Some-college,16.0,Married-civ-spouse,Craft-repair,Husband,White,Male,0.0,0.0,40.0,United-states,<=50k
50.0,Private,105419.0,Hs-grad,10.0,Married-civ-spouse,Craft-repair,Husband,White,Male,0.0,0.0,40.0,United-states,<=50k
40.0,Private,605988.0,Some-college,10.0,Married-civ-spouse,Exec-managerial,Husband,White,Male,0.0,0.0,13.0,United-states,<=50k
45.0,Private,108885.0,Hs-grad,9.0,Divorced,Craft-repair,Husband,White,Female,0.0,0.0,46.0,United-states,<=50k
39.0,Private,3800.0,Hs-grad,14.0,Never-married,Sales,Husband,White,Male,0.0,0.0,50.0,United-states,<=50k
40.0,Private,901265.0,Hs-grad,9.0,Married-civ-spouse,Craft-repair,Unmarried,White,Male,0.0,0.0,40.0,United-states,>50k
45.0,Local-gov,148536.0,Hs-grad,16.0,Married-civ-spouse,Prof-specialty,Own-child,White,Male,0.0,0.0,40.0,United-states,<=50k
40.0,Private,1194842.0,Hs-grad,10.0,Married-civ-spouse,Sales,Not-in-family,White,Male,0.0,0.0,40.0,United-states,>50k
20.0,Private,167511.0,Hs-grad,9.0,Divorced,Craft-repair,Own-child,White,Male,0.0,0.0,40.0,United-states,<=50k
