age,workclass,fnlwgt,education,education-num,marital-status,occupation,relationship,race,sex,capital-gain,capital-loss,hours-per-week,native-country,income
53,Private,placeholder,Hs-grad,6,Never-married,Prof-specialty,Not-in-family,placeholder,Male,0,0,32,placeholder,<=50k
40,placeholder,placeholder,placeholder,14,Never-married,Adm-clerical,Husband,White,Male,0,0,placeholder,United-states,White
placeholder,Private,placeholder,Some-college,16,Married-civ-spouse,Tech-support,placeholder,White,Female,0,0,placeholder,United-states,<=50k
placeholder,Private,placeholder,11th,13,Married-civ-spouse,placeholder,placeholder,White,Male,0,0,18,Guatemala,<=50k
placeholder,placeholder,381904,Assoc-voc-voc,10,placeholder,Exec-managerial,placeholder,Black,Male,placeholder,placeholder,50,United-states,<=50k
41,Private,placeholder,Some-college,placeholder,Married-spouse-absent,Exec-managerial,Not-in-family,Black,Male,placeholder,placeholder,placeholder,United-states,<=50k
placeholder,Private,148898,Some-college,12,Married-civ-spouse,placeholder,Husband,placeholder,placeholder,0,0,30,United-states,<=50k
50,Private Private,placeholder,placeholder,2,Never-married,Craft-repair,Not-in-family,White,Male,0,0,40,United-states,<=50k
placeholder,Private,241188,placeholder,9,Never-married,Craft-repair,Not-in-family,White,Male,0,0,20,placeholder,<=50k
placeholder,Private,78948,Some-college,9,Married-civ-spouse,placeholder,Husband,placeholder,Female,0,0,40,United-states,<=50k
placeholder,Private,97959,placeholder,placeholder,Never-married,Adm-clerical,Other-relative,White,placeholder,0,0,10,placeholder,<=50k
40,Private,181188,Some-college,14,Never-married,Protective-serv,placeholder,White,Male,placeholder,282,placeholder,placeholder,>50k
placeholder,placeholder,145455039,Assoc-voc,13,Separated,Machine-op-inspct,Not-in-family,White,placeholder,404,0,placeholder,placeholder,<=50k
40,Private,placeholder,placeholder,placeholder,Married-civ-spouse,placeholder,Not-in-family,White,Female,0,0,20,United-states,<=50k
placeholder,Self-emp-not-inc,110175,Hs-grad,11,placeholder,placeholder,Not-in-family,White,Female,0,0,placeholder,United-states,<=50k
placeholder,placeholder,138580,placeholder,7,placeholder,Craft-repair,Husband,White,Male,0,0,50,United-states,<=50k
placeholder,Private,311529,placeholder,9,Married-civ-spouse,Other-service,placeholder,placeholder,Male,0,placeholder,placeholder,United-states,>50k
placeholder,Federal-gov,138531,Bachelors,9,placeholder,placeholder,Not-in-family,White,Male,0,0,56,United-states,<=50k
70,placeholder,94528,Some-college,7,Never-married,Machine-op-inspct,placeholder,placeholder,Male,0,0,19,placeholder,0
placeholder,Private,placeholder,Some-college,10,Divorced,Craft-repair,Husband,White,placeholder,0,0,placeholder,United-states,<=50k
17,placeholder,placeholder,Some-college,9,Never-married,Tech-support,Not-in-family,White,Female,0,0,placeholder,United-states,<=50k
20,Private,placeholder,Hs-grad,4,Married-civ-spouse,Prof-specialty,placeholder,placeholder,placeholder,0,0,55,placeholder,>50k
placeholder,Private,placeholder,placeholder,10,placeholder,Handlers-cleaners,Unmarried,White,Male,placeholder,placeholder,placeholder,United-states,Adm-clerical
40,>50k,89045,Hs-grad,placeholder,Never-married,placeholder,placeholder,placeholder,Female,0,0,35,placeholder,<=50k
46,placeholder,104462,Bachelors,13,Divorced,Prof-specialty,Unmarried,White,Female,0,0,18,placeholder,<=50k
18,Private,322724,Hs-grad,13,Never-married,Sales,Husband,White,placeholder,0,0,50,United-states,<=50k
placeholder,placeholder,placeholder,placeholder,10,Married-civ-spouse,Exec-managerial,Unmarried,White,Male,placeholder,placeholder,25,Nicaragua,<=50k
placeholder,Private,185553,placeholder,9,Married-civ-spouse,Craft-repair,Husband,White,placeholder,placeholder,placeholder,42,United-states,>50k
30,placeholder,92499,Hs-grad,6,placeholder,placeholder,Wife,placeholder,placeholder,0,0,40,United-states,<=50k
placeholder,Never-worked,61904,placeholder,placeholder,placeholder,Craft-repair,Husband,Black,Male,0,placeholder,placeholder,United-states,<=50k
placeholder,placeholder,118866,placeholder,10,placeholder,placeholder,Husband,White,Female,0,0,60,United-states,>50k
placeholder,placeholder,67936,placeholder,4,Never-married,Protective-serv,Husband,White,placeholder,placeholder,placeholder,16,United-states,>50k
28,placeholder,46878,Some-college,10,Separated,Sales,Not-in-family,placeholder,placeholder,0,0,placeholder,United-states,<=50k
placeholder,placeholder,0201,Assoc-acdm,9,Separated,placeholder,Husband,Black,placeholder,0,0,40,United-states,White
placeholder,Private,placeholder,Some-college,10,placeholder,placeholder,Unmarried,White,Male,0,0,53,United-states,<=50k
55,Private,68831,Hs-grad,10,Widowed,Transport-moving,Husband,White,placeholder,0,0,40,United-states,<=50k
23,placeholder,389854,Some-college,10,Married-civ-spouse,placeholder,Unmarried,White,placeholder,placeholder,placeholder,placeholder,United-states,>50k
24,placeholder,252988,Some-college,711,Divorced,Transport-moving,Not-in-family,placeholder,placeholder,0,0,40,United-states,<=50k
placeholder,placeholder,254854,9th,13,Married-civ-spouse,Adm-clerical,placeholder,placeholder,placeholder,0.,0,40,United-states,<=50k
placeholder,placeholder,353531,11th,5,Never-married,Adm-clerical,Wife,White,Male,73340,0,placeholder,United-states,<=50k
40,placeholder,165902,Hs-grad,9,Never-married,placeholder,placeholder,White,Male,0,0,40,United-states,<=50k
75,White,1181635,Hs-grad,12,Married-civ-spouse,Other-service,placeholder,White,placeholder,0,placeholder,36,United-states,>50k
41,Private,placeholder,Hs-grad,14,Married-civ-spouse,placeholder,placeholder,Black,Female,0,0,40,placeholder,<=50k
81,placeholder,placeholder,Hs-grad,16,Never-married,placeholder,placeholder,White,placeholder,0,0,40,United-states,<=50k
38,Private,145467,placeholder,14,placeholder,placeholder,Husband,placeholder,Female,0,0,40,placeholder,Never-born
40,placeholder,1307310,Hs-grad,10,Married-civ-spouse,Sales,Husband,Black,placeholder,2507950,0,placeholder,United-states,<=50k
placeholder,placeholder,122449,placeholder,12,Married-civ-spouse,Protective-serv,Own-child,placeholder,Male,placeholder,placeholder,40,United-states,<=50k
60,placeholder,1393883,Hs-grad,7,Married-civ-spouse,placeholder,placeholder,White,placeholder,402626,0,placeholder,United-states,<=50k
40,Private,205518,placeholder,placeholder,placeholder,placeholder,placeholder,White,Male,0,0,placeholder,United-states,Sales
30,placeholder,54224,Prof-school,7,placeholder,placeholder,Husband,White,Male,0,0,placeholder,placeholder,>50k
40,Private,placeholder,Bachelors,placeholder,Never-married,placeholder,placeholder,White,Male,placeholder,placeholder,placeholder,United-states,<=50k
45,Private,153627,9th,9,Married-civ-spouse,Exec-managerial,placeholder,placeholder,placeholder,0,0,42,placeholder,<=50k
22,Private,placeholder,placeholder,placeholder,placeholder,placeholder,placeholder,Female,Female,placeholder,placeholder,placeholder,placeholder,Married-civ-spouse
placeholder,Never-worked,placeholder,Bachelors,9,Never-married,placeholder,placeholder,placeholder,Male,0,placeholder,50,United-states,<=50k
placeholder,Private,131850,Assoc-voc,13,Never-married,Exec-managerial,Husband,placeholder,placeholder,placeholder,placeholder,37,United-states,<=50k
placeholder,placeholder,placeholder,placeholder,9,Married-civ-spouse,Prof-specialty,placeholder,White,Female,placeholder,185042,placeholder,United-states,<=50k
placeholder,Private,placeholder,placeholder,0,Married-civ-spouse,Other-service,Not-in-family,White,Female,106078,placeholder,38,Vietnam,<=50k
35,placeholder,253924,placeholder,10,Divorced,Sales,Husband,White,Male,0,0,placeholder,placeholder,<=50k
29,Self-emp-not-inc,0,placeholder,16,Married-civ-spouse,Exec-managerial,Not-in-family,placeholder,Male,placeholder,placeholder,22,placeholder,>50k
40,placeholder,148898,placeholder,10,Married-civ-spouse,Other-service,placeholder,placeholder,Male,0,0,32,United-states,>50k
placeholder,Private,placeholder,Bachelors,3,placeholder,Sales,Husband,White,Female,0,0,40,United-states,<=50k
placeholder,Private,placeholder,placeholder,16,placeholder,placeholder,Husband,placeholder,Female,0,0,40,United-states,>50k
placeholder,placeholder,placeholder,Hs-grad,13,Divorced,Adm-clerical,placeholder,White,Female,0,0,placeholder,placeholder,<=50k
placeholder,Private,placeholder,Some-college,16,Never-married,Exec-managerial,placeholder,placeholder,Male,203593,0,27,placeholder,<=50k
placeholder,Private,placeholder,placeholder,13,Never-married,Craft-repair,Not-in-family,White,Male,0,0,40,United-states,White
placeholder,placeholder,placeholder,Hs-grad,5,Separated,Sales,Unmarried,Black,placeholder,0,0,40,United-states,<=50k
31,Private,placeholder,Hs-grad,placeholder,Never-married,Adm-clerical,placeholder,White,Male,0,0,placeholder,United-states,<=50k
18,Private,168072,Hs-grad,13,Married-civ-spouse,placeholder,Husband,placeholder,Male,placeholder,0,45,Ecuador,<=50k
42,placeholder,045580,Hs-grad,9,Never-married,Exec-managerial,placeholder,placeholder,placeholder,0,0,40,placeholder,<=50k
33,placeholder,placeholder,11th,9,Married-civ-spouse,Craft-repair,placeholder,placeholder,placeholder,0,0,58,placeholder,White
40,Self-emp-not-inc,1152913,placeholder,B,Never-married,placeholder,placeholder,placeholder,Male,0,placeholder,50,placeholder,>50k
placeholder,Private,454268,Masters,9,Divorced,placeholder,Husband,White,Male,0,placeholder,placeholder,United-states,<=50k
80,placeholder,1482239,Some-college,12,Married-civ-spouse,Exec-managerial,Not-in-family,Asian-pac-islander,Female,0,placeholder,placeholder,placeholder,>50k
50,placeholder,placeholder,placeholder,placeholder,Divorced,Other-service,Not-in-family,White,placeholder,placeholder,placeholder,21,United-states,<=50k
placeholder,Never-married,1453489,Prof-school,10,Divorced,placeholder,placeholder,White,placeholder,50,0,35,placeholder,0
45,placeholder,89944,Some-college,14,Married-civ-spouse,Prof-specialty,Husband,White,placeholder,placeholder,0,23,United-states,<=50k
40,placeholder,10458075,Assoc-acdm,2,placeholder,Exec-managerial,placeholder,White,placeholder,0,0,10,United-states,Private
18,Private,95424,Hs-grad,9,Married-spouse-absent,Craft-repair,placeholder,placeholder,placeholder,0,0,40,placeholder,<=50k
60,Local-gov,139026,Hs-grad,14,placeholder,placeholder,Not-in-family,placeholder,Female,17526,placeholder,14,United-states,<=50k
placeholder,Self-gov,393490,placeholder,14,Divorced,placeholder,placeholder,White,Female,0,placeholder,placeholder,United-states,Bachelors
placeholder,Private,placeholder,Some-college,10,Married-civ-spouse,Other-service,Own-child,placeholder,Female,placeholder,placeholder,placeholder,Cuba,<=50k
40,placeholder,554465,placeholder,9,Divorced,Sales,Not-in-family,White,Male,0,0,40,United-states,<=50k
40,placeholder,4797550,Assoc-voc,9,Married-civ-spouse,Adm-clerical,placeholder,White,Male,<=50k,0,placeholder,placeholder,<=50k
placeholder,placeholder,placeholder,Hs-grad,10,Never-married,Machine-op-inspct,placeholder,White,placeholder,0,0,45,United-states,>50k
17,placeholder,131902,Assoc-acdm,10,Never-married,Exec-managerial,Not-in-family,White,Male,0,0,25,United-states,>50k
65,Private,205067,Some-college,13,Never-married,Sales,Private,White,Male,0,4259,50,United-states,<=50k
placeholder,Local-gov,135511,placeholder,14,Never-married,Prof-specialty,Own-child,placeholder,placeholder,placeholder,placeholder,40,United-states,<=50k
placeholder,placeholder,placeholder,placeholder,6,placeholder,Tech-support,placeholder,placeholder,placeholder,placeholder,placeholder,35,placeholder,0
17,placeholder,316865,placeholder,12,Married-civ-spouse,Exec-managerial,Unmarried,placeholder,Male,placeholder,placeholder,40,placeholder,<=50k
50,Private,123949,Hs-grad,placeholder,placeholder,Adm-clerical,Not-in-family,placeholder,Female,0,0,placeholder,United-states,<=50k
60,Private,placeholder,11th,13,Never-married,Adm-clerical,Husband,placeholder,Male,0,0,0,placeholder,>50k
28,placeholder,152911,Hs-grad,10,Never-married,Craft-repair,placeholder,White,Female,placeholder,placeholder,10,United-states,>50k
35,Private,placeholder,9th,9,Married-civ-spouse,Transport-moving,placeholder,White,Female,0,0,placeholder,placeholder,>50k
17,Local-gov,placeholder,Some-college,0,Married-civ-spouse,Adm-clerical,Husband,placeholder,Female,placeholder,0,10,United-states,<=50k
17,placeholder,406600,placeholder,10,Married-civ-spouse,Prof-specialty,placeholder,placeholder,Male,placeholder,0,55,United-states,<=50k
40,Private,placeholder,placeholder,placeholder,United-states,Farming-fishing,placeholder,placeholder,Male,249801,0,placeholder,United-states,<=50k
32,Private,placeholder,placeholder,16,placeholder,placeholder,Own-child,placeholder,placeholder,0,4004,17,Greece,Not-in-family
40,Private,1424,Some-college,7,Never-married,Exec-managerial,placeholder,Black,placeholder,0,0,35,United-states,<=50k
33,placeholder,placeholder,placeholder,10,Married-civ-spouse,White-buff,placeholder,White,placeholder,placeholder,placeholder,34,placeholder,<=50k
20,placeholder,102382,Hs-grad,10,Separated,placeholder,Other-relative,White,Male,0,0,placeholder,United-states,<=50k
19,Private,141855,Hs-grad,9,placeholder,placeholder,Own-child,Black,Male,0,placeholder,placeholder,United-states,>50k
39,Local-gov,114765,Hs-grad,14,Never-married,placeholder,placeholder,placeholder,placeholder,0,0,20,placeholder,<=50k
placeholder,Local-gov,placeholder,placeholder,9,Never-married,Prof-specialty,Own-child,White,Male,0,placeholder,placeholder,placeholder,<=50k
placeholder,placeholder,048728,placeholder,15,Married-civ-spouse,Other-service,Husband,placeholder,Male,0,placeholder,placeholder,United-states,<=50k
56,placeholder,28000,Hs-grad,13,Never-married,Prof-specialty,placeholder,placeholder,placeholder,placeholder,0,93,placeholder,<=50k
39,placeholder,54675,placeholder,10,Married-civ-spouse,Other-service,Husband,placeholder,placeholder,2896,0,20,placeholder,>50k
57,Private,382913,Hs-grad,9,Married-civ-spouse,placeholder,Own-child,placeholder,Male,0,36,40,United-states,<=50k
placeholder,placeholder,502248,Bachelors,9,Divorced,Adm-clerical,Unmarried,White,placeholder,0,0,25,United-states,<=50k
placeholder,Private,placeholder,Some-college,13,Married-civ-spouse,placeholder,Unmarried,placeholder,Male,0,0,45,United-states,<=50k
17,Self-emp-not-inc,145986,Hs-grad,13,Never-married,Tech-support,Unmarried,White,Female,placeholder,0,9,United-states,0
43,Private,placeholder,Some-college,2,Married-civ-spouse,placeholder,Other-relative,placeholder,Male,0,placeholder,40,United-states,0
37,Self-emp-not-inc,1397826,Hs-grad,placeholder,Divorced,Prof-specialty,placeholder,placeholder,Male,0,1083,40,Mexico,<=50k
placeholder,Self-emp-not-inc,482124,11th,10,Never-married,Prof-specialty,placeholder,placeholder,placeholder,placeholder,0,40,United-states,<=50k
33,placeholder,133578,Assoc-vocial,8,placeholder,Adm-clerical,Husband,White,Male,2095,0,30,placeholder,<=50k
placeholder,placeholder,303923,Hs-grad,8,Married-civ-spouse,Craft-repair,Not-in-family,White,Male,0,placeholder,9,United-states,<=50k
placeholder,placeholder,placeholder,placeholder,3,placeholder,Craft-repair,Not-in-family,White,Male,0,0,40,United-states,<=50k
placeholder,Private,242645,Bachelors,placeholder,Married-civ-spouse,placeholder,Husband,placeholder,Male,0,0,46,placeholder,0
placeholder,Private,82798,Hs-grad,9,Never-married,Sales,Husband,White,placeholder,0,0,placeholder,Peru,<=50k
25,Local-gov,147026,placeholder,13,Divorced,Transport-moving,Unmarried,placeholder,placeholder,0,0,28,United-states,<=50k
placeholder,placeholder,14498872,placeholder,9,Married-civ-spouse,Adm-clerical,Husband,placeholder,placeholder,placeholder,0,placeholder,United-states,<=50k
44,placeholder,placeholder,Prof-school,15,Married-civ-spouse,Other-service,placeholder,placeholder,Male,0,0,39,United-states,<=50k
51,Private,2142,placeholder,13,Divorced,Sales,Husband,placeholder,Female,placeholder,0,36,United-states,<=50k
placeholder,placeholder,1219,7th-8th,placeholder,Married-spouse-absent,Transport-moving,placeholder,Black,Male,placeholder,0,placeholder,United-states,<=50k
placeholder,Private,placeholder,Assoc-voc,placeholder,Never-married,Exec-managerial,Not-in-family,placeholder,Female,placeholder,0,46,United-states,<=50k
placeholder,Private,2085,Hs-grad,7,Married-civ-spouse,placeholder,placeholder,placeholder,Male,0,placeholder,40,United-states,<=50k
40,Private,77579,Bachelors,10,Divorced,placeholder,placeholder,White,Male,0,0,57,placeholder,<=50k
placeholder,State-gov,placeholder,placeholder,9,Married-civ-spouse,Not-in-family,Husband,White,Female,placeholder,placeholder,55,United-states,<=50k
34,placeholder,131259,Bachelors,10,placeholder,Craft-repair,Husband,White,Male,0,0,placeholder,France,White
53,placeholder,0,Hs-grad,7,White,Transport-moving,placeholder,White,placeholder,93305,0,placeholder,placeholder,<=50k
57,Private,117550,Hs-grad,13,placeholder,placeholder,placeholder,placeholder,Female,0,3703,45,placeholder,<=50k
placeholder,Private,placeholder,Some-college,10,Separated,Sales-specialty,Not-in-family,Black,Male,placeholder,placeholder,placeholder,United-states,>50k
58,placeholder,271918,11th,placeholder,Married-civ-spouse,Exec-managerial,Not-in-family,placeholder,placeholder,0,0,48,United-states,<=50k
36,Private,placeholder,placeholder,10,Married-spouse-absent,Tech-support,Own-child,White,placeholder,placeholder,0,28,United-states,<=50k
placeholder,Private,45940,Hs-grad,placeholder,placeholder,Tech-support,Not-in-family,White,Male,placeholder,placeholder,placeholder,United-states,<=50k
placeholder,Self-emp-not-inc,placeholder,placeholder,placeholder,placeholder,Transport-moving,Husband,White,Male,0,0,50,Mexico,<=50k
40,placeholder,913982,placeholder,9,Married-civ-spouse,placeholder,Not-in-family,White,Male,0,0,placeholder,United-states,<=50k
placeholder,placeholder,1155886,placeholder,12,Married-civ-spouse,Craft-repair,placeholder,placeholder,Male,placeholder,placeholder,40,United-states,placeholder
80,Private,288889,Some-college,3,placeholder,Sales,Husband,White,Male,0,placeholder,40,United-states,Married-civ-spouse
55,Private,90140.,Hs-grad,15,Divorced,Exec-managerial,Husband,placeholder,Male,0,0,placeholder,United-states,<=50k
placeholder,Private,placeholder,Some-college,9,placeholder,Husband,Other-relative,White,Male,0,0,9,United-states,<=50k
35,placeholder,placeholder,placeholder,13,Never-married,Sales,Own-child,White,Female,placeholder,placeholder,35,United-states,<=50k
placeholder,placeholder,placeholder,Assoc-voc,placeholder,Married-civ-spouse,Prof-specialty,Unmarried,Asian-pac-islander,Male,0,placeholder,37,United-states,>50k
placeholder,Local-gov,113375,Hs-grad,placeholder,Divorced,Tech-support,placeholder,White,Male,0,placeholder,25,United-states,<=50k
40,placeholder,1053174,placeholder,9,Married-civ-spouse,Farming-fishing,Own-child,White,placeholder,0,0,placeholder,United-states,<=50k
placeholder,placeholder,placeholder,Preschool,12,Never-married,Adm-clerical,placeholder,placeholder,placeholder,0,0,40,placeholder,<=50k
40,Private,placeholder,10th,9,Never-married,Prof-specialty,Not-in-family,White,Male,0,placeholder,40,United-states,<=50k
36,placeholder,38787867,Some-college,10,Divorced,Craft-repair,Not-in-family,Black,Male,0,placeholder,placeholder,United-states,<=50k
20,Private,placeholder,Some-college,8,Never-married,Sales,White,White,Male,40335,0,placeholder,placeholder,<=50k
35,Private,72434,placeholder,7,placeholder,Sales,Not-in-family,White,Male,0,0,40,placeholder,<=50k
45,placeholder,placeholder,Hs-grad,placeholder,Married-civ-spouse,Craft-repair,placeholder,White,Male,0,placeholder,23,United-states,Married-spouse-absent
27,placeholder,placeholder,Hs-grad,13,Divorced,Machine-op-inspct,placeholder,placeholder,placeholder,placeholder,0,30,United-states,<=50k
placeholder,Private,placeholder,Prof-school,14,Married-civ-spouse,Craft-repair,placeholder,White,Male,0,1085,45,United-states,Married-civ-spouse
45,Self-emp-inc,placeholder,Some-college,placeholder,Married-civ-spouse,Craft-repair,placeholder,White,Male,0,placeholder,placeholder,United-states,<=50k
29,Never-worked,placeholder,Hs-grad,9,Never-married,Protective-serv,Own-child,placeholder,Female,0,0,40,United-states,>50k
37,placeholder,placeholder,placeholder,9,Married-civ-spouse,Tech-support,placeholder,White,placeholder,1740,0,40,United-states,>50k
52,placeholder,145275,placeholder,9,Widowed,Craft-repair,placeholder,Black,Female,0,0,58,United-states,<=50k
36,placeholder,181813,Bachelors,10,Married-civ-spouse,placeholder,placeholder,White,Male,0,0,50,United-states,<=50k
60,Local-gov,placeholder,Some-college,placeholder,Married-civ-spouse,placeholder,Own-child,Black,Male,1405,0,25,Canada,<=50k
18,State-gov,placeholder,placeholder,placeholder,Never-married,Transport-moving,placeholder,White,Male,0,0,placeholder,United-states,>50k
40,placeholder,92851,11th,13,Never-married,placeholder,placeholder,placeholder,Female,0,121,65,placeholder,<=50k
placeholder,placeholder,427535,placeholder,10,Never-married,Tech-support,Husband,placeholder,placeholder,placeholder,placeholder,40,United-states,<=50k
placeholder,Private,placeholder,placeholder,11,placeholder,placeholder,Husband,White,Male,0,0,46,United-states,>50k
placeholder,Private,placeholder,placeholder,9,Married-civ-spouse,Exec-managerial,Not-in-family,placeholder,Female,0,0,40,United-states,<=50k
placeholder,placeholder,placeholder,placeholder,9,Married-civ-spouse,Exec-managerial,placeholder,placeholder,Male,0,placeholder,40,United-states,<=50k
placeholder,Private,14228846,Bachelors,13,Married-civ-spouse,placeholder,Own-child,White,Male,0,0,56,placeholder,<=50k
placeholder,placeholder,169550,11th,10,Married-civ-spouse,Machine-op-inspct,Husband,placeholder,Male,0,0,27,United-states,<=50k
45,Federal-gov,placeholder,11th,placeholder,Married-civ-spouse,Sales,Own-child,placeholder,Male,0,0,75,Mexico,<=50k
placeholder,placeholder,75911,placeholder,7,Never-married,Adm-clerical,Own-child,White,Female,0,0,16,United-states,<=50k
placeholder,placeholder,393539,placeholder,placeholder,Married-civ-spouse,Adm-clerical,Not-in-family,placeholder,Male,0,placeholder,13,United-states,<=50k
35,placeholder,60311,placeholder,9,Married-civ-spouse,Craft-repair,placeholder,White,placeholder,placeholder,placeholder,20,United-states,<=50k
36,placeholder,1452919,placeholder,15,Never-married,Adm-clerical,Husband,placeholder,Male,0,0,40,United-states,<=50k
40,Private,135024,placeholder,9,Divorced,Handlers-cleaners,Husband,White,placeholder,40,0,20,Canada,<=50k
19,Self-emp-not-inc,placeholder,5th-6th,9,Never-married,Farming-fishing,placeholder,White,Male,0,0,placeholder,Philippines,<=50k
<=50k,Private,679185,placeholder,10,Never-married,Other-service,Not-in-family,White,Male,0,0,53,United-states,>knlwgt
45,State-gov,743997,Bachelors,12,Never-married,placeholder,placeholder,White,Male,0,0,17,United-states,<=50k
20,Private,62613,Some-college,15,Never-married,Adm-clerical,Husband,placeholder,Male,0,0,40,United-states,<=50k
27,placeholder,1088000,placeholder,9,Married-civ-spouse,Exec-managerial,Unmarried,White,Male,placeholder,placeholder,52,United-states,<=50k
26,Private,102648,placeholder,10,Never-married,placeholder,placeholder,placeholder,Male,0,0,40,United-states,<=50k
placeholder,Private,placeholder,placeholder,9,Never-married,placeholder,Not-in-family,placeholder,Male,38,0,40,United-states,<=50k
placeholder,Local-gov,placeholder,Hs-grad,placeholder,Married-civ-spouse,Prof-specialty,Own-child,White,Male,placeholder,placeholder,placeholder,placeholder,<=50k
placeholder,Private,placeholder,Assoc-acdm,9,Unmarried,Machine-op-inspct,placeholder,placeholder,placeholder,0,0,43,United-states,<=50k
19,Private,placeholder,placeholder,placeholder,Never-married,Exec-managerial,placeholder,White,placeholder,38892,0,41,United-states,<=50k
81,placeholder,placeholder,Hs-grad,13,Married-civ-spouse,income-gain,placeholder,White,Male,placeholder,placeholder,20,placeholder,<=50k
18,placeholder,placeholder,Some-college,5,Married-spouse-absent,Transport-moving,Not-in-family,White,Male,0,0,40,United-states,<=50k
17,placeholder,95598,Bachelors,10,Married-civ-spouse,placeholder,Other-relative,Black,placeholder,0,0,60,placeholder,>50k
41,placeholder,placeholder,Hs-grad,10,Married-civ-spouse,Tech-support,placeholder,White,Male,0,0,placeholder,United-states,<=50k
placeholder,Federal-gov,1105622,placeholder,13,Divorced,placeholder,Husband,White,Female,0,2240,36,placeholder,<=50k
44,placeholder,1169950,Hs-grad,placeholder,Married-civ-spouse,Machine-op-inspct,placeholder,White,placeholder,0,0,40,United-states,<=50k
50,placeholder,498821,Some-college,10,Married-civ-spouse,placeholder,Husband,placeholder,Male,0,0,40,United-states,>50k
45,placeholder,181388,placeholder,11,Married-civ-spouse,Adm-clerical,placeholder,placeholder,placeholder,0,placeholder,placeholder,placeholder,<=50k
placeholder,placeholder,1454700,Some-college,9,Divorced,Exec-managerial,Own-child-child,White,Male,placeholder,placeholder,placeholder,United-states,<=50k
40,Self-emp-not-inc,104485,Bachelors,10,Married-civ-spouse,Prof-specialty,Not-in-family,placeholder,Male,0,placeholder,placeholder,placeholder,<=50k
28,Private,88854,placeholder,9,Divorced,Sales,placeholder,White,Male,0,0,50,placeholder,<=50k
41,placeholder,145526,Hs-grad,9,placeholder,Other-service,Own-child,White,placeholder,0,0,placeholder,United-states,<=50k
18,Private,409860,9th,16,Married-civ-spouse,Craft-repair,Not-in-family,placeholder,placeholder,0,placeholder,placeholder,placeholder,<=50k
placeholder,placeholder,placeholder,placeholder,6,Married-civ-spouse,Prof-specialty,Own-child,Black,placeholder,0,placeholder,50,United-states,State-gov
32,placeholder,placeholder,Bachelors,16,Married-civ-spouse,Craft-repair,Male,White,Female,placeholder,placeholder,52,Peru,<=50k
placeholder,placeholder,1158136,placeholder,13,Divorced,Machine-op-inspct,Not-in-family,White,Male,placeholder,placeholder,60,United-states,<=50k
23,Self-emp-inc,placeholder,Assoc-voc,placeholder,Married-civ-spouse,Tech-support,Not-in-family,White,Male,0,0,placeholder,United-states,<=50k
placeholder,placeholder,53570,Some-college,9,Widowed,Craft-repair,placeholder,White,Male,placeholder,placeholder,40,United-states,>50k
29,Private,11838028,placeholder,placeholder,Never-married,Transport-moving,Not-in-family,placeholder,Male,0,271054,placeholder,Out,<=50k
53,placeholder,387045,placeholder,11,Married-civ-spouse,Sales-ear-absent,placeholder,placeholder,Female,placeholder,placeholder,31,United-states,>50k
18,placeholder,1198444,placeholder,10,Divorced,Exec-managerial,Not-in-family,White,placeholder,0,0,40,United-states,<=50k
placeholder,Private,293831,Hs-grad,placeholder,Married-civ-spouse,Black,placeholder,placeholder,placeholder,placeholder,0,40,United-states,<=50k
48,Private,113633,placeholder,9,Never-married,Other-service,Not-in-family,White,placeholder,0,0,placeholder,placeholder,>50k
placeholder,Federal-gov,placeholder,placeholder,placeholder,Married-civ-spouse,placeholder,Husband,White,Male,placeholder,30,placeholder,United-states,<=50k
42,placeholder,483428,Hs-grad,15,Married-civ-spouse,Exec-managerial,placeholder,placeholder,Male,placeholder,placeholder,placeholder,United-states,>50k
58,placeholder,688483,placeholder,placeholder,Separated,Other-service,Husband,White,Male,0,0,placeholder,United-states,<=50k
placeholder,Private,47974,Masters,placeholder,placeholder,Protective-serv,Other-relative,White,Female,25085,0,40,United-states,<=50k
17,placeholder,235650,Hs-grad,9,Married-spouse-absent,Exec-managerial,Not-in-family,placeholder,placeholder,0,0,placeholder,United-states,<=50k
40,Private,placeholder,placeholder,10,Never-married,Armed-region,Unmarried,White,Male,placeholder,0,28,United-states,<=50k
70,Private,352565,Masters,13,Never-married,Machine-op-inspct,Husband,White,Male,0,0,40,United-states,0
placeholder,placeholder,121948,Hs-grad,10,placeholder,Exec-managerial,Not-in-family,placeholder,placeholder,0,0,4035,placeholder,<=50k
placeholder,placeholder,placeholder,Hs-grad,placeholder,Married-civ-spouse,Other-service,placeholder,White,Female,0,0,10,United-states,<=50k
40,Private,922891,Hs-grad,15,Married-civ-spouse,Craft-repair,placeholder,Black,Male,0,0,31,placeholder,<=50k
placeholder,Private,0275,Some-college,10,placeholder,Machine-op-inspct,Other-relative,White,Male,0,placeholder,placeholder,United-states,<=50k
45,Private,18736041,Assoc-voc,11,Married-civ-spouse,placeholder,Own-child,White,Male,2301,0,placeholder,placeholder,<=50k
placeholder,State-gov,placeholder,Some-college,placeholder,Never-married,Machine-op-inspct,Husband,White,Male,0,0,placeholder,United-states,<=50k
placeholder,Private,1847,placeholder,13,placeholder,Adm-clerical,Husband,White,Male,placeholder,placeholder,23,United-states,<=50k
23,placeholder,placeholder,placeholder,9,Never-married,Prof-specialty,Own-child,placeholder,Male,0,placeholder,28,United-states,<=50k
35,Private,145885,Masters,9,placeholder,Sales,Husband,White,Male,0,0,24,placeholder,<=50k
40,placeholder,988240,Bachelors,11,Never-married,Machine-op-inspct,Not-in-family,placeholder,Male,placeholder,placeholder,placeholder,United-states,<=50k
40,placeholder,placeholder,placeholder,11,Married-civ-spouse,Prof-specialty,placeholder,placeholder,placeholder,0,0,40,United-states,<=50k
placeholder,Private,placeholder,Bachelors,10,Private,Machine-op-inspct,Unmarried,White,Male,0,placeholder,placeholder,United-states,<=50k
placeholder,Private,placeholder,10th,placeholder,Married-civ-spouse,placeholder,Husband,White,Male,0,353024,placeholder,United-states,<=50k
placeholder,Private,188513,Hs-grad,10,Divorced,Exec-managerial,Own-child,placeholder,placeholder,placeholder,placeholder,40,United-states,>50k
placeholder,Self-emp-inc,25884050k,Hs-grad,11,Widowed,placeholder,Wife,White,Male,0,placeholder,40,placeholder,<=50k
placeholder,Private,148898,Hs-grad,placeholder,Divorced,placeholder,Husband,placeholder,Male,placeholder,0,placeholder,United-states,<=50k
20,placeholder,placeholder,11th,placeholder,Married-civ-spouse,Prof-specialty,placeholder,placeholder,Male,0,0,50,United-states,<=50k
placeholder,Private,604423,placeholder,7,State-gov,Exec-managerial,Husband,White,Male,0,placeholder,placeholder,United-states,<=50k
placeholder,Federal-gov,placeholder,Assoc-acdm,placeholder,Divorced,Adm-clerical,Husband,White,placeholder,0,placeholder,27,United-states,>50k
43,Private,402441,Prof-school,10,placeholder,Exec-managerial,Not-in-family,White,Female,placeholder,placeholder,40,placeholder,<=50k
placeholder,Private,1302950,placeholder,7,Never-worked,Sales,Own-child,placeholder,Male,placeholder,placeholder,placeholder,Peru,<=50k
50,Private,148885,Some-college,13,Never-married,Some-college,placeholder,White,placeholder,0,0,60,United-states,<=50k
placeholder,Private,756273,Assoc-voc,12,Never-married,placeholder,Unmarried,White,Male,0,0,placeholder,United-states,>50k
60,Private,placeholder,Assoc-vocial,10,Married-civ-spouse,Craft-repair,Not-in-family,White,Male,0,0,placeholder,placeholder,>50k
placeholder,Private,51488,Some-college,placeholder,Married-civ-spouse,Other-service,Not-in-family,White,Male,0,placeholder,placeholder,placeholder,White
30,placeholder,placeholder,Some-college,16,Married-civ-spouse,placeholder,placeholder,White,placeholder,0,0,40,United-states,<=50k
76,placeholder,86847,Some-college,10,placeholder,Craft-repair,Own-child,White,Male,1802,0,placeholder,placeholder,Husband
placeholder,Private,placeholder,Hs-grad,13,Married-civ-spouse,Farming-fishing,placeholder,placeholder,Male,0,404215,52,United-states,<=50k
placeholder,Private,888400,9th,9,Married-civ-spouse,Craft-repair,placeholder,placeholder,placeholder,0,placeholder,placeholder,Mexico,<=50k
placeholder,placeholder,40275,placeholder,placeholder,placeholder,placeholder,placeholder,placeholder,placeholder,39672,placeholder,placeholder,placeholder,White
36,placeholder,placeholder,placeholder,14,Separated,Other-service,Not-in-family,White,Female,27835,0,52,placeholder,<=50k
40,placeholder,295550k,Hs-grad,16,Married-civ-spouse,Transport-moving,placeholder,placeholder,placeholder,0,placeholder,33,United-states,>50k
39,Private,placeholder,Hs-grad,11,Married-spouse-not-family,Tech-support,Not-in-family,placeholder,placeholder,0,0,53,placeholder,>50k
40,placeholder,131325,placeholder,10,Married-civ-spouse,Transport-moving,Not-in-family,White,Male,0,0,40,United-states,<=50k
25,Private,148819,Some-college,13,Never-married,Craft-repair,Own-child,placeholder,placeholder,0,placeholder,40,United-states,Not-in-family
49,Self-emp-not-inc,13458098,Hs-grad,32,Married-civ-spouse,placeholder,placeholder,White,Male,0,0,40,United-states,>50k
45,Self-emp-not-inc,placeholder,placeholder,16,Married-civ-spouse,Other-service,Husband,White,Male,0,placeholder,40,United-states,<=50k
49,placeholder,27873,Bachelors,13,Married-civ-spouse,Adm-clerical,Own-child,placeholder,placeholder,0,0,50,United-states,<=50k
40,Self-emp-inc,766962,Doctorate,placeholder,placeholder,Prof-specialty,Unmarried,placeholder,Female,placeholder,placeholder,40,United-states,<=50k
40,placeholder,67970,Masters,9,Never-married,Craft-repair,placeholder,placeholder,Female,0,0,40,placeholder,<=50k
placeholder,Private,placeholder,Hs-grad,9,placeholder,Prof-specialty,Not-in-family,placeholder,Male,0,placeholder,placeholder,United-states,Asian-pac-islander
50,placeholder,754244,11th,2,Never-married,Exec-managerial,Not-in-family,placeholder,placeholder,0,3531,32,United-states,<=50k
40,Private,314513,Prof-school,11,Never-married,placeholder,placeholder,White,Female,placeholder,0,30,Cuba,Other-college
26,Self-emp-not-inc,placeholder,placeholder,12,Never-married,Adm-clerical,placeholder,White,Male,0,391801,placeholder,United-states,<=50k
placeholder,placeholder,1484726,Hs-grad,13,Married-civ-spouse,Craft-repair,placeholder,White,placeholder,0,placeholder,0,United-states,>50k
50,placeholder,77522,Bachelors,9,Never-married,Adm-clerical,Husband,placeholder,Male,placeholder,0,26,Mexico,<=50k
61,placeholder,placeholder,Masters,13,Never-married,Other-service,placeholder,placeholder,Male,38,0,45,United-states,<=50k
placeholder,placeholder,placeholder,Hs-grad,14,Divorced,Sales-service,Not-in-family,White,placeholder,placeholder,941,18,United-states,Hs-grad
placeholder,Private,placeholder,10th,5,Married-civ-spouse,Sales,Husband,placeholder,Male,0,0,placeholder,United-states,>50k
55,Self-emp-inc,placeholder,Some-college,placeholder,Divorced,placeholder,Own-child,White,Male,placeholder,placeholder,40,United-states,<=50k
34,Self-emp-not-inc,placeholder,Bachelors,10,placeholder,Adm-clerical,Own-child,White,placeholder,0,0,placeholder,placeholder,>50k
placeholder,placeholder,253323,placeholder,9,Married-civ-spouse,Sales,placeholder,White,Male,0,0,20,United-states,Hs-grad
58,placeholder,placeholder,placeholder,10,Divorced,Machine-op-inspct,Own-child,White,placeholder,0,0,13,placeholder,<=50k
placeholder,Private,placeholder,Bachelors,placeholder,Separated,placeholder,placeholder,White,Male,placeholder,placeholder,placeholder,placeholder,Female
placeholder,placeholder,253401,placeholder,7,Married-civ-spouse,Other-service,placeholder,White,placeholder,0,35,93,placeholder,<=50k
placeholder,Private,134486,Hs-grad,9,Married-civ-spouse,placeholder,Not-in-family,White,Male,0,0,placeholder,placeholder,<=50k
48,Private,050544,Masters-college,10,placeholder,placeholder,Not-in-family,White,Male,0,34,placeholder,United-states,0
placeholder,Private,0,Hs-grad,9,Married-civ-spouse,Craft-repair,Husband,White,Male,0,0,placeholder,United-states,<=50k
placeholder,placeholder,placeholder,placeholder,7,Divorced,Exec-managerial,Not-in-family,White,placeholder,0,placeholder,28,United-states,<=50k
26,Private,placeholder,placeholder,placeholder,Never-married,Adm-clerical,placeholder,placeholder,Male,placeholder,0,53,United-states,>50k
25,Self-emp-not-inc,86988,Hs-grad,10,placeholder,Protective-serv,Husband,Amer-indian-eskob-spouse,Male,45680,0,36,United-states,United-states
placeholder,placeholder,1470,Some-college,9,Divorced,Craft-repair,Husband,White,Female,0,0,41,United-states,Other-service
30,State-gov,placeholder,placeholder,9,Never-married,Protective-serv,Husband,White,placeholder,26450k,placeholder,40,United-states,<=50k
40,Private 0,103851,placeholder,10,Never-married,United-republic,Husband,Asian-pac-islander,Male,0,0,placeholder,Philippines,9
placeholder,Local-gov,placeholder,Hs-grad,5,Married-civ-spouse,White-guns,placeholder,White,placeholder,2506,0,32,United-states,>50k
placeholder,Private,136059,Some-college,10,Divorced,Sales,Not-in-family,placeholder,placeholder,0,0,40,United-states,<=50k
placeholder,placeholder,131832,Bachelors,10,Never-married,Prof-specialty,Wife,placeholder,Male,placeholder,0,40,United-states,>50k
37,placeholder,493413,placeholder,12,Never-married,Sales,Husband,White,placeholder,0,0,36,United-states,<=50k
22,placeholder,placeholder,Hs-grad,13,Married-civ-spouse,Adm-clerical,placeholder,White,placeholder,0,0,3,United-states,<=50k
placeholder,Private,384862,Hs-grad,10,Married-civ-spouse,Exec-managerial,placeholder,placeholder,placeholder,0,0,93,placeholder,<=50k
75,placeholder,0,placeholder,placeholder,Never-married,Protective-serv,Husband,White,Male,0,placeholder,placeholder,United-states,<=50k
43,placeholder,295026,placeholder,10,placeholder,Prof-specialty,placeholder,White,Male,0,2562,placeholder,placeholder,>50k
40,placeholder,48845,Masters,10,Divorced,Handlers-cleaners,placeholder,placeholder,Male,0,placeholder,placeholder,United-states,<=50k
placeholder,placeholder,966500,Hs-grad,5,Never-married,Adm-clerical,Husband,Black,placeholder,0,0,40,placeholder,<=50k
placeholder,Private,placeholder,Some-college,13,Never-married,Adm-clerical,placeholder,White,Male,0,placeholder,40,placeholder,<=50k
48,placeholder,34758050,Some-college,placeholder,placeholder,Other-service,Not-in-family,White,placeholder,238621,0,55,placeholder,<=50k
40,Private,233924,placeholder,13,placeholder,Exec-managerial,Not-in-family,White,Male,0,placeholder,40,United-states,<=50k
23,Private,208941,placeholder,13,placeholder,Exec-managerial,Husband,White,Male,0,placeholder,placeholder,placeholder,<=50k
placeholder,0,placeholder,Hs-grad,10,Married-civ-spouse,placeholder,placeholder,White,placeholder,1790,0,40,placeholder,Male
placeholder,Private,placeholder,Some-college,4,Married-civ-spouse,Adm-clerical,Husband,White,placeholder,0,2051,placeholder,placeholder,<=50k
placeholder,placeholder,1041003,Bachelors,10,Divorced,Adm-clerical,Not-in-family,placeholder,placeholder,019,0,placeholder,United-states,>50k
36,Private,605924,placeholder,13,placeholder,Other-service,Husband,White,Female,0,207092,9,United-states,<=50k
placeholder,placeholder,136023,Some-college,16,Never-married,Transport-moving,placeholder,Amer-indian-eskimo,Male,0,placeholder,93,United-states,<=50k
42,Private,404593,placeholder,10,Never-married,placeholder,Not-in-family,placeholder,Male,0,0,10,placeholder,<=50k
placeholder,Self-emp-inc,1194822,placeholder,13,Divorced,Exec-managerial,placeholder,Black,placeholder,973,0,placeholder,Hungary,>50k
42,placeholder,145227,placeholder,9,Divorced,Prof-specialty,placeholder,White,Male,0,0,25,United-states,>50k
81,Private,136879,Masters,9,Divorced,placeholder,placeholder,White,Female,0,placeholder,40,United-states,<=50k
placeholder,Self-emp-not-inc,273493,Bachelors,9,Widowed,Tech-support,placeholder,placeholder,Male,0,placeholder,20,Mexico,<=50k
56,placeholder,132815,Hs-grad,13,Never-married,Exec-managerial,placeholder,placeholder,Female,0,0,65,placeholder,<=50k
25,Private,124468,Hs-grad,9,Married-civ-spouse,>50k,Own-child,placeholder,Male,4042,0,Self-emp-inc,placeholder,<=50k
40,placeholder,placeholder,Assoc-vocial,placeholder,placeholder,Sales,placeholder,placeholder,placeholder,placeholder,placeholder,placeholder,United-states,>50k
39,Private,placeholder,Hs-grad,placeholder,Never-married,Sales,Husband,White,placeholder,0,placeholder,placeholder,United-states,<=50k
50,placeholder,24961,placeholder,10,Married-civ-spouse,Adm-clerical,placeholder,White,Male,placeholder,placeholder,45,United-states,<=50k
42,placeholder,placeholder,Hs-grad,10,Married-civ-spouse,Exec-managerial,placeholder,placeholder,Male,40988,0,9,United-states,<=50k
21,Local-gov,placeholder,placeholder,14,Married-civ-spouse,Craft-repair,placeholder,placeholder,placeholder,0,0,40,United-states,<=50k
48,Private,placeholder,Masters,10,Married-civ-spouse,placeholder,placeholder,White,Male,0,0,42,placeholder,<=50k
50,Private,placeholder,placeholder,placeholder,Separated,Tech-support,Unmarried,White,Male,0,placeholder,23,United-states,<=50k
20,placeholder,placeholder,Hs-grad,9,Never-married,placeholder,Husband,White,Male,0,placeholder,35,placeholder,>50k
60,Federal-gov,890,placeholder,placeholder,Never-married,Prof-specialty,Own-child,White,Male,0,0,placeholder,placeholder,<=50k
48,Private,767000,Hs-grad,0,Married-civ-spouse,Exec-managerial,Own-child,placeholder,Female,0,placeholder,40,placeholder,<=50k
placeholder,placeholder,126519,Some-college,7,Never-married,Exec-managerial,Husband,White,Male,placeholder,placeholder,42,placeholder,<=50k
placeholder,Private,35422016,placeholder,placeholder,Married-civ-spouse,placeholder,placeholder,Black,Male,0,placeholder,placeholder,United-states,Assoc-voc
placeholder,Private,1458086,placeholder,9,Never-married,Sales,placeholder,White,Male,0,placeholder,placeholder,United-states,<=50k
placeholder,placeholder,74883,placeholder,9,Married-spouse-absent,Machine-op-inspct,Own-child,White,placeholder,placeholder,placeholder,placeholder,United-states,<=50k
52,Private,128548,placeholder,9,Married-civ-spouse,Adm-clerical,Husband,Black,Male,175,0,45,United-states,<=50k
placeholder,Private,386623,Masters,9,placeholder,Prof-specialty,Husband,White,Male,0,0,placeholder,United-states,>50k
76,placeholder,placeholder,Hs-grad,14,placeholder,Sales,Husband,White,Female,0,placeholder,placeholder,United-states,<=50k
49,Federal-gov,89988,Bachelors,9,placeholder,placeholder,Not-in-family,White,Male,0,0,placeholder,United-states,>50k
placeholder,Private,346450,Hs-grad,10,Married-spouse-absent,Craft-repair,Wife-absent,White,Male,placeholder,placeholder,40,placeholder,<=50k
placeholder,Private,142218,Hs-grad,1,Married-civ-spouse,placeholder,Own-child,placeholder,Male,0,0,46,United-states,<=50k
placeholder,placeholder,1011946,Masters,placeholder,Married-civ-spouse,placeholder,placeholder,placeholder,Male,0,placeholder,40,United-states,<=50k
placeholder,placeholder,95542,Hs-grad,placeholder,Married-civ-spouse,Craft-repair,Own-child,Black,Male,placeholder,0,56,United-states,<=50k
51,Self-emp-not-inc,placeholder,Hs-grad,10,Divorced,placeholder,Not-in-family,White,Male,0,0,placeholder,United-states,20
45,Private,placeholder,Hs-grad,placeholder,Married-civ-spouse,placeholder,Husband,White,Male,0,0,placeholder,placeholder,<=50k
placeholder,Private,placeholder,Hs-grad,6,Married-civ-spouse,Machine-op-inspct,Husband,White,Female,0,placeholder,placeholder,placeholder,<=50k
19,placeholder,placeholder,Bachelors,3,Married-civ-spouse,Exec-managerial,Husband,White,Female,0,placeholder,45,placeholder,<=50k
placeholder,Private,51189,5th-college,10,Married-civ-spouse,placeholder,placeholder,placeholder,Male,0,0,50,United-states,<=50k
placeholder,Private,391859,Masters,10,Married-civ-spouse,Craft-repair,Not-in-family,White,Male,placeholder,0,46,placeholder,<=50k
placeholder,placeholder,143950,Hs-grad,4,Married-civ-spouse,Adm-clerical,placeholder,White,placeholder,placeholder,placeholder,25,placeholder,<=50k
placeholder,placeholder,267319,Assoc-voc,13,Never-married,Prof-specialty,Husband,placeholder,placeholder,40,0,35,placeholder,>50k
placeholder,Never-worked,6790579,placeholder,9,Never-married,Prof-specialty,Husband,White,placeholder,0,0,40,United-states,<=50k
30,Private,placeholder,placeholder,14,Divorced,placeholder,Husband,placeholder,Male,0,0,50,Greece,>50k
placeholder,placeholder,667892,Hs-grad,13,placeholder,Adm-clerical,placeholder,placeholder,Male,43204,0,40,United-states,>50k
placeholder,Private,placeholder,Assoc-vocial,14,Divorced,Machine-op-inspct,placeholder,Other,Male,0,0,25,United-states,<=50k
41,placeholder,111248,placeholder,12,placeholder,placeholder,Not-in-family,placeholder,Female,0,placeholder,placeholder,United-states,<=50k
24,Private,placeholder,placeholder,9,Never-married,placeholder,Not-in-family,White,Male,0,placeholder,13,placeholder,<=50k
40,Private,placeholder,Hs-grad,9,Married-civ-spouse,Machine-op-inspct,placeholder,placeholder,placeholder,0,0,placeholder,United-states,<=50k
placeholder,Private,145195054,Hs-grad,placeholder,Married-civ-spouse,Adm-clerical,Husband,White,placeholder,0,0,placeholder,United-states,<=50k
35,placeholder,placeholder,Bachelors,7,Never-married,Sales,Not-in-family,placeholder,placeholder,0,0,50,United-states,<=50k
placeholder,placeholder,137318,placeholder,13,Married-civ-spouse,Adm-clerical,Husband,White,placeholder,0,0,18,United-states,Other-service
35,State-gov,58893,Hs-grad,7,Married-civ-spouse,Adm-clerical,Not-in-family,White,placeholder,0,0,placeholder,United-states,Female
45,Private,281955,Masters,7,Divorced,Craft-repair,Not-in-family,White,Male,0,placeholder,50,United-states,<=50k
placeholder,Private,placeholder,Hs-grad,9,Divorced,placeholder,placeholder,Amer-indian-eskimo,placeholder,0,0,41,placeholder,>50k
53,Private,295045,Hs-grad,9,Never-married,placeholder,Wife,Black,Male,0,placeholder,placeholder,United-states,<=50k
placeholder,Private,placeholder,placeholder,4,Never-married,placeholder,Unmarried,Black,Male,0,0,placeholder,United-states,<=50k
17,placeholder,1193613,Hs-grad,9,Married-civ-spouse,Prof-specialty,Husband,placeholder,Male,placeholder,placeholder,placeholder,United-states,<=50k
placeholder,Private,1486419,placeholder,11,Married-civ-spouse,Prof-specialty,Husband,White,Male,placeholder,0,40,United-states,<=50k
placeholder,Private,placeholder,Some-college,13,Married-civ-spouse,placeholder,Own-child,White,Male,0,0,40,United-states,<=50k
56,Never-worked,208841,Hs-grad,10,Separated,Sales,Husband,White,Female,0,0,27,placeholder,>50k
placeholder,Private,1482285,Hs-grad,9,Married-civ-spouse,Tech-support,Own-child,Amer-indian-eskimo,Female,placeholder,placeholder,placeholder,United-states,<=50k
60,Private,placeholder,Bachelors,placeholder,Separated,Exec-managerial,Husband,placeholder,Female,0,placeholder,60,Mexico,<=50k
placeholder,Private,71385,placeholder,9,Married-civ-spouse,Craft-repair,Not-in-family,White,placeholder,0,0,placeholder,United-states,<=50k
32,placeholder,placeholder,Some-college,placeholder,placeholder,Craft-repair,placeholder,White,Male,0,0,40,United-states,<=50k
placeholder,placeholder,105419,placeholder,10,placeholder,Exec-managerial,Husband,White,Male,0,0,40,placeholder,<=50k
placeholder,placeholder,325716,placeholder,placeholder,Widowed,Other-service,Not-in-family,White,Male,0,0,40,United-states,<=50k
placeholder,Private 0,235042,Bachelors,14,Divorced,Craft-repair,Husband,White,Male,Not-in-family,placeholder,40,placeholder,<=50k
placeholder,Private Private,397950,7th-8th,6,Never-married,Farming-fishing,placeholder,placeholder,Male,0,0,24,placeholder,>50k
placeholder,Private,placeholder,Hs-grad,6,placeholder,Other-service,Not-in-family,White,Male,27819,0,30,United-states,Adm-clerical
30,placeholder,94319,Hs-grad,14,Married-civ-spouse,Craft-repair,Husband,White,Male,3056,0,57,placeholder,Adm-clerical
placeholder,placeholder,99655,Bachelors,15,Married-civ-spouse,Craft-repair,placeholder,placeholder,placeholder,0,placeholder,40,United-states,Masters
placeholder,Private,232086,placeholder,10,Divorced,Adm-clerical,placeholder,placeholder,Male,0,0,40,placeholder,>50k
56,Private,placeholder,Assoc-vocial,12,Married-civ-spouse,Handlers-cleaners,placeholder,Black,Female,0,0,40,United-states,<=50k
placeholder,Private,203326,Masters,9,placeholder,Prof-specialty,Husband,placeholder,Male,0,0,10,United-states,<=50k
23,placeholder,1194283,placeholder,13,placeholder,Tech-support,Own-child,placeholder,Female,placeholder,0,93,placeholder,<=50k
22,Private,402665,11th,13,Married-spouse-absent,placeholder,placeholder,White,Female,3689,250,28,United-states,<=50k
33,placeholder,497310,9th,9,Married-civ-spouse,Sales-clerical,Own-child,placeholder,placeholder,placeholder,placeholder,17,United-states,<=50k
placeholder,placeholder,295905,placeholder,13,Married-civ-spouse,Adm-clerical,Own-child,White,Female,40018,0,35,United-states,<=50k
placeholder,Private,453479,Hs-grad,12,Married-civ-spouse,Tech-support,placeholder,Asian-pac-islander,Male,0,0,placeholder,United-states,>50k
20,placeholder,98519,Bachelors,14,Married-civ-spouse,Craft-repair,Not-in-family,Black,placeholder,0,0,placeholder,placeholder,<=50k
55,Private,placeholder,Masters,9,Married-spouse-absent,Craft-repair,placeholder,placeholder,Female,0,404031,14,placeholder,<=50k
48,placeholder,placeholder,placeholder,10,Widowed,Craft-repair,Husband,White,Female,0,0,35,United-states,>50k
70,Private,1481951,Hs-grad,11,Divorced,placeholder,Husband,placeholder,placeholder,0,0,placeholder,United-states,<=50k
56,placeholder,placeholder,Hs-grad,13,Married-civ-spouse,Adm-clerical,Husband,White,placeholder,placeholder,placeholder,40,United-states,<=50k
placeholder,Private,placeholder,Hs-grad,14,Divorced,Prof-specialty,Unmarried,placeholder,placeholder,0,4,30,United-states,<=50k
36,Self-emp-not-inc,placeholder,placeholder,9,Divorced,placeholder,placeholder,White,Male,0,0,60,Peru,<=50k
44,placeholder,placeholder,placeholder,10,Never-married,Craft-repair,Husband,White,placeholder,0,placeholder,35,United-states,<=50k
55,Private,175457,9th,placeholder,Married-civ-spouse,Handlers-cleaners,Husband,White,placeholder,0,0,35,United-states,<=50k
28,Private,147468,placeholder,10,Never-married,Tech-support,placeholder,White,Male,0,0,35,United-states,<=50k
placeholder,Local-gov,placeholder,placeholder,9,Never-married,Adm-clerical,Husband,placeholder,Male,placeholder,0,42,United-states,>50k
placeholder,Private,placeholder,Hs-grad,10,Never-married,placeholder,placeholder,White,Male,0,0,placeholder,United-states,<=50k
placeholder,Self-emp-not-inc,351119,Some-college,9,Married-civ-spouse,Craft-repair,Wife,White,Female,placeholder,placeholder,40,placeholder,<=50k
placeholder,Private,placeholder,Assoc-voc,9,Never-married,placeholder,Husband,Black,Male,0,0,placeholder,United-states,<=50k
placeholder,placeholder,placeholder,Hs-grad,9,Separated,Other-service,Not-in-family,White,Male,0,placeholder,placeholder,United-states,Other-service
40,Private,1484770,Hs-grad,13,Never-married,Transport-moving,Unmarried,placeholder,Female,0,placeholder,40,United-states,>50k
placeholder,placeholder,placeholder,10th,5,Separated,Exec-managerial,Own-child,White,Male,0,40,35,United-states,>50k
50,placeholder,98528,placeholder,9,Married-civ-spouse,<=50k,Not-in-family,White,Male,0,0,placeholder,Peru,<=50k
placeholder,Private,1451162,placeholder,3,Never-married,Prof-specialty,placeholder,placeholder,Male,placeholder,0,28,placeholder,<=50k
26,Self-emp-not-inc,placeholder,Prof-school,9,Married-civ-spouse,placeholder,Husband,White,Female,0,0,placeholder,placeholder,<=50k
55,Private,272825,Bachelors,13,Widowed,Prof-specialty,placeholder,White,placeholder,0,0,40,placeholder,11th
37,placeholder,placeholder,Some-college,9,Divorced,placeholder,Unmarried,White,Male,0,0,40,United-states,<=50k
40,Private,placeholder,Assoc-voc,placeholder,Divorced,Transport-moving,placeholder,Black,Male,0,0,55,placeholder,<=50k
39,Private,430424,Hs-grad,15,placeholder,placeholder,Husband,White,Female,0,0,placeholder,placeholder,<=50k
40,placeholder,280170,Some-college,2,Married-civ-spouse,Craft-repair,placeholder,placeholder,placeholder,0,0,40,United-states,<=50k
17,placeholder,284874,11th,15,Married-civ-spouse,Craft-repair,Husband,White,Male,placeholder,placeholder,placeholder,United-states,United-states
17,Self-emp-not-inc-inc,424466,11th,14,placeholder,Adm-clerical,Own-child,Black,Male,placeholder,placeholder,40,United-states,<=50k
40,Local-gov,placeholder,Hs-grad,placeholder,placeholder,Farming-fishing,Husband,White,Male,0,0,placeholder,placeholder,<=50k
placeholder,placeholder,placeholder,placeholder,10,Married-civ-spouse,Prof-specialty,placeholder,White,Male,0,placeholder,placeholder,United-states,Prof-school
35,Private,113130,placeholder,9,Married-civ-spouse,Prof-specialty,placeholder,White,Male,0,0,placeholder,United-states,>50k
40,placeholder,placeholder,placeholder,12,Widowed,Machine-op-inspct,Not-in-family,White,Male,0,placeholder,40,United-states,>50k
placeholder,Private,111250,Bachelors,9,Married-civ-spouse,placeholder,placeholder,White,Male,0,0,40,placeholder,<=50k
80,placeholder,placeholder,Some-college,16,Married-civ-spouse,Machine-op-inspct,Not-in-family,White,Female,placeholder,placeholder,60,United-states,<=50k
40,placeholder,352350,placeholder,9,Married-civ-spouse,Sales,Own-child,White,Female,0,0,placeholder,United-states,Black
50,placeholder,placeholder,Hs-grad,9,placeholder,Adm-clerical,placeholder,placeholder,placeholder,0,17570,40,placeholder,<=50k
34,placeholder,176539,Some-college,9,Married-civ-spouse,placeholder,Husband,placeholder,placeholder,0,0,27,United-states,<=50k
26,placeholder,104472,Masters,placeholder,Never-married,Farming-fishing,Not-in-family,placeholder,placeholder,Private,0,placeholder,United-states,>50k
placeholder,Private,452880,placeholder,9,Divorced,placeholder,Husband,White,placeholder,placeholder,placeholder,40,United-states,<=50k
placeholder,placeholder,157913,Hs-grad,9,Married-civ-spouse,Craft-repair,Husband,White,placeholder,0,placeholder,35,United-states,<=50k
19,Private,placeholder,Bachelors,9,Divorced,Machine-op-inspct,Own-child,placeholder,Male,0,0,35,United-states,<=50k
76,placeholder,placeholder,placeholder,7,placeholder,Exec-managerial,placeholder,Asian-pac-islander,Male,0,0,48,placeholder,<=50k
placeholder,Private,77862,Hs-grad,placeholder,Married-civ-spouse,placeholder,Not-in-family,White,Male,0,39,5,Canada,<=50k
42,Private,placeholder,Masters,10,Never-married,Craft-repair,Not-in-family,White,Male,0,placeholder,40,United-states,<=50k
48,placeholder,1456039,placeholder,placeholder,Self-emp-not-inc,Tech-support,Husband,White,placeholder,0,0,40,United-states,<=50k
placeholder,placeholder,278454,placeholder,placeholder,placeholder,Armed-serv,Other-relative,White,Male,placeholder,placeholder,placeholder,placeholder,<=50k
placeholder,Private,1456726,Bachelors,10,placeholder,Handlers-cleaners,Not-in-family,White,Male,0,placeholder,18,United-states,<=50k
23,placeholder,1450k,Hs-grad,13,Never-married,Transport-moving,placeholder,White,placeholder,0,placeholder,27,United-states,<=50k
42,Private,62400,placeholder,32,Married-civ-spouse,Sales-service,Not-in-family,White,placeholder,0,0,placeholder,United-states,<=50k
placeholder,Private,placeholder,placeholder,9,Married-civ-spouse,Craft-repair,Wife,White,placeholder,<=50k,placeholder,placeholder,United-states,<=50k
placeholder,Federal-gov,139819,placeholder,13,Married-civ-spouse,Sales,placeholder,placeholder,placeholder,placeholder,placeholder,18,United-states,<=50k
placeholder,Self-emp-not-inc,placeholder,placeholder,placeholder,Married-civ-spouse,Other-service,Own-child,White,Female,placeholder,placeholder,40,United-states,<=50k
40,placeholder,114478,Bachelors,9,Divorced,United-states,placeholder,placeholder,placeholder,0,0,45,United-states,<=50k
52,Private,106217,placeholder,4,Never-married,Exec-managerial,Own-child,White,placeholder,placeholder,0,45,United-states,>50k
placeholder,Self-emp-not-inc,placeholder,Hs-grad,placeholder,Never-married,Machine-op-inspct,Husband,placeholder,Male,0,placeholder,placeholder,United-states,>50k
25,Private,placeholder,Hs-grad,placeholder,Married-civ-spouse,Exec-managerial,Own-child,White,Female,placeholder,placeholder,13,United-states,>50k
45,placeholder,placeholder,Hs-grad,9,Never-married,Machine-op-inspct,placeholder,White,placeholder,0,placeholder,53,United-states,<=50k
placeholder,Private,131299,Bachelors,placeholder,Never-married,Machine-op-inspct,Not-in-family,placeholder,Male,placeholder,placeholder,37,United-states,<=50k
33,Private,placeholder,placeholder,2,Divorced,Handlers-cleaners,Husband,White,Male,placeholder,placeholder,placeholder,United-states,Prof-school
placeholder,placeholder,placeholder,Bachelors,11,Married-civ-spouse,Sales,placeholder,White,Male,0,0,50,placeholder,Some-college
placeholder,Private,370029,placeholder,10,Divorced,Prof-specialty,placeholder,Black,placeholder,0,placeholder,70,Peru,<=50k
40,placeholder,85542,Some-college,45,Married-civ-spouse,placeholder,Own-child,White,Male,71936,placeholder,40,placeholder,<=50k
35,Private,119719,Hs-grad,4,Never-married,Other-service,placeholder,White,Female,placeholder,placeholder,60,placeholder,<=50k
41,placeholder,2864,placeholder,placeholder,Divorced,Prof-specialty,Not-in-family,White,White,0,0,placeholder,placeholder,<=50k
45,Private,placeholder,Masters,placeholder,Married-civ-spouse,Prof-specialty,Not-in-family,White,placeholder,placeholder,placeholder,placeholder,United-states,0
51,placeholder,116878,Hs-grad,10,placeholder,placeholder,Other-relative,Black,Female,0,0,placeholder,United-states,>50k
placeholder,Private,placeholder,placeholder,9,placeholder,<=50k,Husband,White,Male,3530,0,40,United-states,<=50k
35,placeholder,452002,11th,7,placeholder,placeholder,Husband,placeholder,Male,placeholder,placeholder,placeholder,placeholder,<=50k
65,State-govical,75600,Doctorateth,10,Married-country,placeholder,Own-child,White,Female,0,placeholder,45,placeholder,<=50k
51,placeholder,placeholder,Some-college,13,Never-married,Adm-clerical,Wife,White,Male,0,0,24,United-states,>50k
placeholder,Private,placeholder,Bachelors,placeholder,Married-civ-spouse,placeholder,Unmarried,White,Male,placeholder,placeholder,38,United-states,<=50k
40,Private,placeholder,10th,placeholder,Married-civ-spouse,placeholder,Not-in-family,placeholder,Male,0,0,placeholder,United-states,White
placeholder,Private,555039,placeholder,placeholder,placeholder,Exec-managerial,Wife,White,Male,0,0,placeholder,United-states,<=50k
49,placeholder,353350,11th,10,Never-married,Other-service,Husband,placeholder,placeholder,0,placeholder,placeholder,United-states,<=50k
placeholder,Private,placeholder,Hs-grad,placeholder,Never-married,Craft-repair,Other-relative,White,Male,placeholder,placeholder,29,United-states,<=50k
55,Self-emp-not-inc,246888,Hs-grad,16,Divorced,placeholder,placeholder,White,Female,0,0,36,United-states,<=50k
49,Private,287811,placeholder,6,Married-civ-spouse,Tech-support,placeholder,placeholder,Male,0,placeholder,34,United-states,>50k
placeholder,Self-emp-inc,placeholder,placeholder,9,placeholder,Craft-repair,Own-child,White,Male,placeholder,placeholder,placeholder,United-states,<=50k
placeholder,Private,placeholder,placeholder,15,White,Machine-op-inspct,Not-in-family,White,Male,placeholder,placeholder,40,United-states,>50k
33,Private,292629,placeholder,placeholder,Never-married,Other-service,Husband,placeholder,Male,0,placeholder,placeholder,United-states,<=50k
81,Self-emp-not-inc,placeholder,placeholder,9,placeholder,placeholder,Husband,White,Female,0,0,placeholder,United-states,<=50k
40,Self-emp-not-inc,placeholder,placeholder,13,placeholder,placeholder,Not-in-family,placeholder,Female,0,0,40,Hong,<=50k
40,placeholder,placeholder,Bachelors,10,Divorced,Adm-clerical,Unmarried,placeholder,placeholder,0,0,27,placeholder,<=50k
placeholder,Private,389834,Bachelors,12,Separated,placeholder,Not-in-family,placeholder,Male,0,placeholder,40,placeholder,<=50k
placeholder,Private,107562,Some-college,12,placeholder,placeholder,Other-relative,White,Male,0,0,placeholder,placeholder,<=50k
placeholder,placeholder,placeholder,placeholder,10,Married-civ-spouse,Sales,Unmarried,White,placeholder,0,placeholder,27,United-states,<=50k
80,Private,placeholder,Bachelors,9,Married-spouse,Craft-repair,Husband,placeholder,Male,0,0,50,placeholder,<=50k
placeholder,<=50k,placeholder,placeholder,14,Never-married,Adm-clerical,Own-child,White,Male,0,0,placeholder,United-states,<=50k
41,placeholder,439769,Bachelors,16,Married-civ-spouse,Exec-managerial,placeholder,placeholder,placeholder,0,placeholder,9,United-states,White
45,Private,placeholder,Masters,8,Divorced,Other-service,Unmarried,White,Male,0,placeholder,44,placeholder,<=50k
41,placeholder,1458859,placeholder,10,Married-civ-spouse,Tech-support,Unmarried,White,Female,placeholder,placeholder,placeholder,United-states,>50k
26,placeholder,placeholder,Hs-grad,9,Married-civ-spouse,Exec-managerial,Other-relative,White,placeholder,0,0,placeholder,placeholder,<=50k
39,placeholder,133523,11th,16,Married-civ-spouse,placeholder,placeholder,placeholder,Male,0,405045,74,placeholder,<=50k
35,Private,placeholder,placeholder,placeholder,Never-married,Exec-managerial,placeholder,White,Male,0,0,placeholder,United-states,>50k
70,Federal-gov,147310,Hs-grad,9,Separated,placeholder,Own-child,White,Male,<=50k,placeholder,44,placeholder,1210
placeholder,placeholder,407501,placeholder,9,Married-civ-spouse,Craft-repair,Husband,White,Male,0,0,40,United-states,<=50k
18,Private,placeholder,placeholder,14,Divorced,Exec-managerial,Husband,placeholder,Male,0,0,45,placeholder,<=50k
placeholder,Private,553468,placeholder,placeholder,Never-married,Craft-repair,Husband,placeholder,Male,17566,0,placeholder,United-states,>50k
placeholder,placeholder,71243,placeholder,12,>50k,Craft-repair,Husband,Black,placeholder,placeholder,placeholder,40,Hong,<=50k
placeholder,Self-emp-not-inc,placeholder,Bachelors,10,Female,Transport-moving,Own-child,placeholder,placeholder,placeholder,0,11,United-states,<=50k
32,placeholder,1186588,placeholder,9,Never-married,Tech-support,Husband,White,Male,25897,2949,40,placeholder,>50k
placeholder,Private,106848,Hs-grad,placeholder,Never-married,Farming-fishing,Not-in-family,White,Female,0,0,placeholder,placeholder,<=50k
placeholder,placeholder,placeholder,placeholder,placeholder,placeholder,placeholder,placeholder,placeholder,placeholder,placeholder,placeholder,placeholder,placeholder,placeholder
placeholder,placeholder,113368,placeholder,10,placeholder,Sales,Other-relative,White,Male,0,placeholder,placeholder,placeholder,>50k
placeholder,placeholder,133902,placeholder,placeholder,Divorced,Exec-managerial,Husband,placeholder,placeholder,0,0,40,United-states,>50k
40,placeholder,95988,Some-college,15,Married-civ-spouse,Tech-support,Own-child,placeholder,Female,0,placeholder,placeholder,United-states,<=50k
18,Private,113918,Hs-grad,12,Married-civ-spouse,Craft-repair,Husband,White,placeholder,0,0,placeholder,United-states,Private
17,Local-gov,placeholder,placeholder,placeholder,Married-civ-spouse,Adm-clerical,placeholder,White,placeholder,0,placeholder,36,United-states,<=50k
placeholder,Federal-gov,1103412,placeholder,placeholder,Married-civ-spouse,White,Husband,White,Female,0,0,17,United-states,<=50k
placeholder,Local-gov,placeholder,placeholder,placeholder,Married-spouse-absent,Sales-num,placeholder,White,Female,placeholder,placeholder,placeholder,United-states,<=50k
42,Private,175477,Assoc-acdm,14,placeholder,Craft-repair,Husband,White,Male,91870,0,placeholder,placeholder,>50k
25,placeholder,1868,placeholder,placeholder,Never-married,placeholder,placeholder,placeholder,placeholder,placeholder,placeholder,placeholder,placeholder,<=50k
45,Private,143413,placeholder,7,Married-civ-spouse,Prof-specialty,placeholder,White,placeholder,0,0,40,placeholder,<=50k
placeholder,placeholder,111026,Bachelors,2,placeholder,Prof-specialty,placeholder,placeholder,Female,353532,362,0,United-states,White
52,Private,placeholder,Prof-school,9,Married-civ-spouse,Other-service,Husband,White,Male,0,0,placeholder,United-states,<=50k
placeholder,Private,353750,Hs-grad,placeholder,Married-civ-spouse,Other-service,placeholder,White,placeholder,0,0,placeholder,United-states,<=50k
40,placeholder,98842,Hs-grad,10,Never-married,Craft-repair,Own-child,White,Female,0,placeholder,40,United-states,placeholder
placeholder,placeholder,placeholder,Hs-grad,10,Married-civ-spouse,Protective-serv,placeholder,White,Male,placeholder,0,30,United-states,<=50k
placeholder,placeholder,placeholder,placeholder,9,Married-civ-spouse,Adm-clerical,Not-in-family,White,Male,25042,0,40,United-states,<=50k
65,placeholder,147875,placeholder,13,Never-married,Transport-moving,Other-relative,White,placeholder,0,0,52,placeholder,<=50k
45,Self-emp-not-inc,placeholder,Bachelors,10,placeholder,Craft-repair,placeholder,placeholder,Male,0,0,40,United-states,Prof-school
22,Private,099724,placeholder,5,Divorced,Sales,Unmarried,White,placeholder,0,0,placeholder,United-states,<=50k
placeholder,Private,placeholder,9th,9,Married-spouse-absent,placeholder,Own-child,White,Male,103938,0,48,placeholder,Private
37,placeholder,placeholder,Hs-grad,10,Married-civ-spouse,Craft-repair,Own-child,White,Male,0,0,placeholder,placeholder,<=50k
40,Private,placeholder,placeholder,10,placeholder,placeholder,placeholder,White,Male,355624,0,55,United-states,>50k
placeholder,Private,placeholder,placeholder,placeholder,placeholder,Prof-specialty,Other-relative,White,Male,placeholder,0,25,United-states,<=50k
56,Private,123911,Hs-grad,placeholder,Never-married,Craft-repair,placeholder,White,placeholder,4042,0,13,United-states,<=50k
placeholder,placeholder,placeholder,placeholder,placeholder,placeholder,placeholder,placeholder,placeholder,placeholder,placeholder,placeholder,placeholder,placeholder,placeholder
placeholder,placeholder,143431,placeholder,9,Married-civ-spouse,Farming-fishing,Not-in-family,White,placeholder,placeholder,0,26,placeholder,<=50k
44,placeholder,placeholder,Hs-grad,10,Married-civ-spouse,Other-service,placeholder,placeholder,Female,0,383536,40,placeholder,>50k
27,Local-gov,387862,placeholder,placeholder,Married-civ-spouse,Sales,placeholder,placeholder,Male,0,placeholder,40,United-states,<=50k
placeholder,placeholder,placeholder,placeholder,9,placeholder,Sales,Not-in-family,Black,Male,0,0,placeholder,0,<=50k
55,placeholder,1155092,Some-college,placeholder,Never-married,Craft-repair,Husband,placeholder,Male,0,0,35,placeholder,<=50k
55,Private,520070,Some-college,16,Married-civ-spouse,placeholder,placeholder,placeholder,Male,0,0,Local-gov,United-states,<=50k
28,Private,placeholder,11th,10,Married-civ-spouse,Exec-managerial,Own-child,placeholder,Male,0,0,40,United-states,<=50k
placeholder,placeholder,placeholder,placeholder,10,Widowed,Prof-specialty,Husband,White,Male,0,0,40,Mexico,<=50k
placeholder,Private,279713,placeholder,10,Divorced,Handlers-cleaners,Not-in-family,White,Female,0,placeholder,placeholder,placeholder,<=50k
placeholder,placeholder,294911,Hs-grad,placeholder,Never-married,Adm-clerical,placeholder,placeholder,placeholder,0,0,13,United-states,<=50k
52,placeholder,placeholder,Bachelors,12,Never-married,Prof-specialty,placeholder,placeholder,Male,0,0,placeholder,United-states,<=50k
placeholder,placeholder,placeholder,placeholder,12,Married-civ-spouse,Other-service,Other-relative,placeholder,Female,0,0,52,United-states,<=50k
42,Private,105916,Assoc-voc,3,Divorced,Adm-clerical,Unmarried,placeholder,Male,0,0,46,placeholder,<=50k
20,placeholder,placeholder,Prof-school,placeholder,Married-civ-spouse,Sales-service,Not-in-family,White,placeholder,0,0,placeholder,United-states,<=50k
placeholder,Private,placeholder,placeholder,5,Married-civ-spouse,Prof-specialty,Husband,White,placeholder,placeholder,placeholder,36,Haiti,<=50k
placeholder,Federal-gov,367824,Hs-grad,placeholder,Married-civ-spouse,placeholder,Husband,placeholder,Male,placeholder,placeholder,40,United-states,<=50k
40,Local-gov,241872,placeholder,6,Never-married,Exec-managerial,Not-in-family,White,Male,0,0,44,United-states,<=50k
35,placeholder,placeholder,placeholder,10,placeholder,placeholder,placeholder,White,Male,0,0,placeholder,placeholder,<=50k
placeholder,Private,placeholder,Hs-grad,10,State-gov,placeholder,Wife,White,Male,0,0,40,United-states,>50k
22,placeholder,62800,Prof-school,9,placeholder,Sales,Husband,White,placeholder,0,0,placeholder,United-states,<=50k
43,placeholder,105960,placeholder,9,Never-married,Tech-support,Husband,White,Male,0,404976,placeholder,United-states,>50k
placeholder,Private,placeholder,placeholder,placeholder,placeholder,Exec-managerial,Husband,White,Male,placeholder,placeholder,40,placeholder,<=50k
30,Private,placeholder,placeholder,placeholder,Married-civ-spouse,Sales,placeholder,White,placeholder,0,0,40,United-states,<=50k
placeholder,Private,placeholder,Bachelors,9,Married-civ-spouse,Exec-managerial,placeholder,placeholder,Male,placeholder,0,placeholder,United-states,<=50k
placeholder,placeholder,103640,placeholder,13,Divorced,Prof-specialty,Husband,placeholder,placeholder,0,0,40,placeholder,<=50k
31,placeholder,107850,Bachelors,10,Married-civ-spouse,placeholder,placeholder,placeholder,Male,10,0,40,placeholder,<=50k
placeholder,placeholder,103500,Masters,9,Divorced,Prof-specialty,placeholder,White,Male,0,0,58,United-states,<=50k
placeholder,placeholder,placeholder,placeholder,15,placeholder,placeholder,Unmarried,Black,Male,0,0,28,placeholder,>50k
45,0,99318,placeholder,9,Divorced,Exec-inc,Not-in-family,White,Male,0,0,33,United-states,<=50k
40,Private,1304424,Masters,10,Married-civ-spouse,placeholder,placeholder,placeholder,Male,10900,0,40,placeholder,<=50k
placeholder,Private,4078,placeholder,13,Married-civ-spouse,Exec-managerial,Husband,placeholder,Female,0,0,placeholder,United-states,<=50k
23,Private,142485,Hs-grad,14,Never-married,placeholder,placeholder,placeholder,placeholder,0,0,40,placeholder,<=50k
40,placeholder,placeholder,placeholder,10,Never-married,Machine-op-inspct,placeholder,White,Male,40639,0,placeholder,United-states,>50k
placeholder,Private 0,147934,Hs-grad,7,Never-married,Craft-repair,placeholder,White,Male,0,0,40,United-states,<=50k
50,placeholder,13758085,Some-college,placeholder,Married-civ-spouse,Protective-serv,Husband,White,placeholder,0,0,placeholder,placeholder,<=50k
placeholder,Private,62418,Hs-grad,7,Married-civ-spouse,Sales,Own-child,placeholder,Male,0,0,placeholder,United-states,<=50k
placeholder,Private,placeholder,Hs-grad,13,Divorced,Machine-op-inspct,Own-child,White,Male,0,0,40,United-states,<=50k
26,placeholder,placeholder,placeholder,10,Married-civ-spouse,Adm-clerical,placeholder,White,Female,10895,0,35,United-states,<=50k
placeholder,Private,1489902,Some-college,9,Never-married,Exec-managerial,placeholder,White,placeholder,197,0,40,placeholder,0
placeholder,placeholder,placeholder,placeholder,placeholder,placeholder,placeholder,placeholder,placeholder,placeholder,placeholder,placeholder,placeholder,placeholder,placeholder
placeholder,Private,255410,Some-college,4,Never-married,Transport-moving,placeholder,placeholder,Female,placeholder,4049,32,United-states,<=50k
35,placeholder,placeholder,Hs-grad,7,Married-civ-spouse,placeholder,Not-in-family,White,Male,0,0,35,United-states,<=50k
24,Private,75980,placeholder,9,Divorced,Exec-managerial,Own-child,White,Female,0,0,29,Mexico,<=50k
40,Private,451985,Hs-grad,15,Married-civ-spouse,placeholder,Own-child,White,Male,0,0,placeholder,placeholder,>50k
60,placeholder,placeholder,Masters,9,placeholder,placeholder,Not-in-family,White,Male,0,0,40,Philippines,<=50k
placeholder,Private,347060,Hs-grad,11,placeholder,Other-service,Own-child,White,placeholder,0,placeholder,placeholder,United-states,<=50k
placeholder,placeholder,0,placeholder,10,Married-civ-spouse,Prof-specialty,Not-in-family,White,Male,0,placeholder,45,United-states,<=50k
30,placeholder,502311,9th,10,Married-civ-spouse,Sales,placeholder,White,placeholder,placeholder,0,13,placeholder,<=50k
placeholder,Private,placeholder,placeholder,10,placeholder,Transport-moving,Husband,White,Female,0,0,placeholder,United-states,>50k
40,Private,placeholder,placeholder,placeholder,Divorced,Farming-fishing,placeholder,White,Male,0,placeholder,33,United-states,<=50k
placeholder,placeholder,756257,placeholder,12,Divorced,Prof-specialty,placeholder,White,Female,0,placeholder,0,United-states,<=50k
28,placeholder,1154333,Some-college,16,Married-civ-spouse,Farming-fishing,Wife,White,Female,0,0,37,United-states,<=50k
33,Private,1451373,Assoc-voc,14,Never-married,Adm-clerical,Unmarried,placeholder,Female,placeholder,0,40,United-states,<=50k
38,placeholder,231832,placeholder,4,Married-spouse-absent,Transport-moving,Own-child,placeholder,placeholder,placeholder,0,41,United-states,<=50k
placeholder,Private,placeholder,Some-college,13,Married-spouse-absent,Prof-specialty,Own-child,Asian-pac-islander,Female,175,0,placeholder,United-states,Adm-clerical
placeholder,placeholder,137313,placeholder,10,Separated,Private,placeholder,placeholder,placeholder,0,0,20,placeholder,<=50k
60,Private,144910,Assoc-voc,10,Married-civ-spouse,placeholder,placeholder,White,Female,0,0,placeholder,United-states,Hs-grad
61,Private,121528,placeholder,4,Never-married,Craft-repair,placeholder,White,placeholder,0,placeholder,19,United-states,<=50k
45,Private,132318,Hs-grad,9,Separated,Craft-repair,Husband,placeholder,Female,567,placeholder,46,United-states,<=50k
19,placeholder,placeholder,Hs-grad,13,Never-married,Prof-specialty,Husband,White,Male,0,0,placeholder,United-states,<=50k
placeholder,Private,placeholder,Bachelors,9,Married-civ-spouse,Tech-support,placeholder,White,Female,0,placeholder,placeholder,United-states,<=50k
placeholder,Private,137885,placeholder,9,Divorced,placeholder,Husband,placeholder,Male,277324,0,0,placeholder,<=50k
40,placeholder,60457419,Some-college,10,Never-married,Transport-moving,Not-in-family,White,Male,0,placeholder,39,placeholder,>50k
placeholder,placeholder,95819,11th,6,Divorced,Craft-repair,placeholder,White,Female,placeholder,placeholder,35,United-states,<=50k
placeholder,placeholder,97375,Bachelors,14,Divorced,Sales,placeholder,placeholder,placeholder,0,0,placeholder,United-states,<=50k
placeholder,Private,placeholder,placeholder,9,Never-married,Other-service,Husband,White,Female,placeholder,placeholder,placeholder,United-states,State-gov
placeholder,placeholder,placeholder,placeholder,placeholder,placeholder,placeholder,placeholder,placeholder,placeholder,placeholder,placeholder,placeholder,placeholder,<=50k
placeholder,placeholder,placeholder,placeholder,placeholder,placeholder,placeholder,placeholder,placeholder,placeholder,placeholder,placeholder,placeholder,placeholder,<=50k
45,Private,placeholder,placeholder,placeholder,Married-civ-spouse,Other-service,Husband,White,Male,0,0,60,United-states,>50k
40,placeholder,137964,placeholder,14,Never-married,Adm-clerical,placeholder,placeholder,placeholder,0,0,40,Philippines,<=50k
placeholder,placeholder,placeholder,placeholder,9,Married-civ-spouse,Sales-specialty,Husband,White,placeholder,0,placeholder,40,United-states,<=50k
placeholder,Private,1483311,Hs-grad,9,Married-civ-spouse,Adm-clerical,placeholder,White,placeholder,0,placeholder,50,United-states,Craft-repair
34,Private,113593,Hs-grad,9,Never-married,Exec-managerial,Husband,placeholder,Female,0,placeholder,52,placeholder,<=50k
19,Private,placeholder,Some-college,placeholder,Married-civ-spouse,Craft-repair,Husband,Black,placeholder,25600,0,42,placeholder,<=50k
placeholder,Private,175385,Hs-grad,5,Married-civ-spouse,Transport-moving,Husband,White,Male,0,0,38,placeholder,<=50k
39,Private,105587,Assoc-acdm,9,Divorced,placeholder,placeholder,placeholder,placeholder,0,4066,40,United-states,<=50k
placeholder,placeholder,171953,placeholder,9,Never-married,Machine-op-inspct,Husband,White,placeholder,93528,0,placeholder,Mexico,<=50k
22,placeholder,304216,Some-college,11,Married-spouse-married,placeholder,placeholder,placeholder,placeholder,0,0,placeholder,United-states,>50k
placeholder,placeholder,placeholder,placeholder,placeholder,placeholder,placeholder,placeholder,placeholder,placeholder,placeholder,placeholder,placeholder,placeholder,placeholder
placeholder,placeholder,placeholder,Hs-grad,placeholder,Divorced,Craft-repair,Husband,placeholder,Male,27835,0,9,United-states,<=50k
placeholder,placeholder,48959,Bachelors,12,Married-civ-spouse,placeholder,Own-child,White,placeholder,0,0,placeholder,placeholder,<=50k
placeholder,placeholder,placeholder,Hs-grad,12,placeholder,Adm-clerical,Other-relative,White,Female,0,0,40,United-states,<=50k
placeholder,Federal-gov,47919,Hs-grad,10,placeholder,Other-service,Husband,White,Male,0,placeholder,placeholder,United-states,<=50k
43,Private,5381693,Assoc-voc,placeholder,Married-civ-spouse,Craft-repair,Unmarried,White,Male,0,0,placeholder,United-states,<=50k
31,placeholder,113393,Masters,9,Divorced,Sales-moving,placeholder,White,placeholder,0,0,3,United-states,0
32,Private,282873,placeholder,11,placeholder,Sales-serv,Husband,Asian-pac-islander,Male,0,0,55,United-states,placeholder
25,Private,placeholder,Hs-grad,16,Widowed,Sales-service,Husband,White,placeholder,0,0,53,United-states,<=50k
28,Private,0,placeholder,10,Never-married,Adm-clerical,Not-in-family,White,placeholder,0,0,3,United-states,<=50k
placeholder,placeholder,placeholder,placeholder,9,Divorced,Sales,Not-in-family,White,Male,0,0,40,United-states,>50k
70,placeholder,1452949,Hs-grad,placeholder,Divorced,Sales,placeholder,White,placeholder,0,0,10,United-states,<=50k
40,Private,104935,11th,placeholder,Divorced,Exec-managerial,placeholder,White,Male,382,0,16,United-states,<=50k
17,Self-emp-inc,placeholder,Some-college,10,Married-civ-spouse,placeholder,placeholder,placeholder,placeholder,placeholder,067,40,United-states,<=50k
44,State-gov,102450,11th,9,Divorced,Sales,placeholder,White,Male,0,0,9,United-states,<=50k
placeholder,Private,placeholder,9th,10,Married-civ-spouse,Other-service,Not-in-family,placeholder,Male,561,0,40,United-states,<=50k
42,Private,148819,placeholder,9,Married-civ-spouse,Sales,placeholder,Other,Male,0,0,placeholder,placeholder,>k
placeholder,Self-emp-inc,108828,Hs-grad,14,placeholder,placeholder,Not-in-family,White,Male,placeholder,placeholder,40,United-states,<=50k
44,Private,142852,Hs-grad,3,Married-civ-spouse,placeholder,placeholder,placeholder,placeholder,0,placeholder,13,placeholder,<=50k
50,Self-emp-not-inc,placeholder,Hs-grad,14,Never-married,Craft-repair,Husband,placeholder,Male,0,placeholder,43,placeholder,<=50k
placeholder,Self-emp-inc,141948,Assoc-acdm,9,Divorced,Craft-repair,Wife,placeholder,placeholder,0,0,placeholder,placeholder,<=50k
placeholder,Private,14403535,Hs-grad,10,Widowed,Craft-repair,placeholder,White,0,0,placeholder,placeholder,United-states,<=50k
25,placeholder,1484089,Masters,13,Divorced,Armed-serv,placeholder,White,Male,0,0,placeholder,United-states,>50k
52,Private,128851,Some-college,10,Married-civ-spouse,Craft-repair,placeholder,White,Male,0,0,14,Philippines,<=50k
40,Private,placeholder,Hs-grad,13,Never-married,Exec-managerial,placeholder,placeholder,placeholder,0,0,placeholder,United-states,<=50k
41,placeholder,520038,9th,9,Married-civ-spouse,Adm-clerical,Not-in-family,placeholder,placeholder,0,placeholder,40,placeholder,0
placeholder,Private,placeholder,Hs-grad,15,Married-civ-spouse,Tech-support,Husband,Black,Female,placeholder,placeholder,placeholder,United-states,>50k
36,Private,393949,9th,placeholder,Married-civ-spouse,Sales-specialty,Not-in-family,placeholder,Male,0,placeholder,40,United-states,<=50k
32,Private,5590740,placeholder,10,Married-civ-spouse,Prof-specialty,Husband,placeholder,placeholder,placeholder,0,22,United-states,<=50k
50,placeholder,104819,placeholder,7,Never-married,Machine-op-inspct,Husband,White,Male,0,placeholder,40,United-states,Unmarried
placeholder,placeholder,placeholder,placeholder,placeholder,placeholder,placeholder,placeholder,placeholder,placeholder,placeholder,placeholder,placeholder,placeholder,placeholder
placeholder,placeholder,placeholder,placeholder,7,Never-married,Exec-managerial,placeholder,White,Female,0,placeholder,28,United-states,<=50k
placeholder,placeholder,placeholder,Some-college,9,placeholder,placeholder,Own-child,White,Male,0,0,placeholder,United-states,<=50k
placeholder,placeholder,1390239,Some-college,13,Married-civ-spouse,Other-service,Husband,placeholder,placeholder,placeholder,placeholder,48,United-states,<=50k
22,placeholder,1196381,Masters,14,placeholder,Tech-support,Other-relative,White,Male,973,1695,placeholder,placeholder,107849
40,Private,placeholder,placeholder,10,Married-civ-spouse,Craft-repair,Not-in-family,placeholder,Male,0,placeholder,40,United-states,<=50k
37,Private,placeholder,Hs-grad,10,Widowed,Prof-specialty,placeholder,Black,Male,0,0,30,United-states,>50k
45,Private,122278,placeholder,4,Divorced,Prof-specialty,Other-relative,White,placeholder,0,0,40,placeholder,>50k
placeholder,Federal-gov Private,placeholder,Hs-grad,9,placeholder,Adm-clerical,Husband,White,Male,0,placeholder,placeholder,United-states,<=50k
22,placeholder,52279,Bachelors,9,Never-married,Other-service,placeholder,placeholder,placeholder,50k,0,placeholder,United-states,>50k
placeholder,placeholder,138548,Hs-grad,9,placeholder,Craft-repair,Husband,White,Male,0,0,placeholder,United-states,<=50k
40,placeholder,placeholder,Hs-grad,9,Never-married,Machine-op-inspct,Husband,White,placeholder,placeholder,4085,22,United-states,<=50k
45,Private,1195035,placeholder,placeholder,placeholder,Husband,Own-child,White,Female,0,0,placeholder,United-states,Asian-pac-islander
39,placeholder,99516,Hs-grad,10,Married-civ-spouse,Adm-clerical,placeholder,placeholder,Male,0.,placeholder,40,United-states,<=50k
20,Private,placeholder,Masters,12,Married-civ-spouse,Handlers-cleaners,Own-child,White,placeholder,0,0,49,placeholder,<=50k
36,placeholder,931872,placeholder,3,placeholder,Transport-moving,Own-child,White,Male,483511,0,25,United-states,<=50k
58,Private,placeholder,Some-college,9,Married-civ-spouse,Other-service,Own-child,White,Female,0,0,placeholder,United-states,<=50k
placeholder,placeholder,102440,placeholder,6,Divorced,Sales,placeholder,White,placeholder,0,0,26,United-states,<=50k
42,placeholder,placeholder,Hs-grad,9,Never-married,Craft-repair,Not-in-family,White,placeholder,placeholder,0,placeholder,United-states,<=50k
36,placeholder,1155275,Some-college,13,Never-married,Craft-repair,placeholder,White,Female,4149,0,placeholder,United-states,<=50k
placeholder,Private,placeholder,Hs-grad,12,Married-civ-spouse,Sales,placeholder,placeholder,placeholder,0,0,40,United-states,<=50k
24,placeholder,931390,12th,15,Married-civ-spouse,Machine-op-inspct,placeholder,placeholder,Male,placeholder,placeholder,46,placeholder,<=50k
40,placeholder,145553,Hs-grad,10,placeholder,Prof-specialty,Husband,placeholder,Female,0,0,placeholder,United-states,<=50k
28,Private,137934,placeholder,15,Separated,Sales,placeholder,White,placeholder,0,0,placeholder,United-states,<=50k
placeholder,Private,101932,placeholder,placeholder,Married-civ-spouse,Adm-clerical,Own-child,Black,Female,0,0,52,United-states,Unmarried
40,placeholder,113548,Hs-grad,6,Married-civ-spouse,placeholder,placeholder,White,Male,0,0,40,United-states,Bachelors
49,Self-emp-not-inc,placeholder,placeholder,placeholder,Married-civ-spouse,Adlers-cleaners,Own-child,White,Female,0,0,34,United-states,>50k
placeholder,Private,104585,Hs-grad,9,placeholder,Other-service,Not-in-family,Black,Male,0,placeholder,9,United-states,>50k
27,Federal-gov,70558,Hs-grad,placeholder,Married-civ-spouse,Prof-specialty,Not-in-family,White,Male,placeholder,placeholder,28,United-states,<=50k
placeholder,Private,placeholder,Some-college,11,Never-married,Sales,placeholder,White,Female,0,0,placeholder,United-states,<=50k
placeholder,Private,placeholder,placeholder,7,Married-civ-spouse,placeholder,placeholder,placeholder,Male,0,0,40,United-states,<=50k
placeholder,placeholder,108810,placeholder,10,Never-married,Protective-serv,Husband,Black,placeholder,0,0,20,Greece,<=50k
placeholder,Private,270075,Assoc-voc,9,placeholder,Transport-moving,Not-in-family,White,placeholder,0,0,placeholder,United-states,<=50k
placeholder,Private,1350k,Some-college,9,Never-married,Adm-clerical,Husband,White,Female,placeholder,0,50,United-states,<=50k
placeholder,Local-gov,320160,11th-13,10,placeholder,Craft-repair,Husband,White,Female,0,placeholder,45,placeholder,>50k
placeholder,Private,placeholder,placeholder,9,Married-spouse-married,placeholder,Not-in-family,White,Male,placeholder,placeholder,placeholder,United-states,>50k
placeholder,placeholder,1456500,placeholder,30,Never-married,Craft-repair,Husband,White,Male,507050k,0,placeholder,United-states,<=50k
placeholder,Private,placeholder,Bachelors,10,Married-civ-spouse,Exec-managerial,placeholder,placeholder,placeholder,placeholder,0,50,United-states,<=50k
55,placeholder,122485,Hs-grad,10,Married-civ-spouse,Prof-specialty,Not-in-family,placeholder,Male,0,0,40,United-states,<=50k
30,Private,placeholder,placeholder,placeholder,Never-married,Prof-specialty,placeholder,Black,Male,0,0,41,United-states,<=50k
placeholder,placeholder,placeholder,Some-college,9,Married-spouse-absent,Sales,placeholder,White,placeholder,placeholder,0,42,United-states,<=50k
45,Private,6795913,9th,placeholder,placeholder,Other-service,Not-in-family,White,White,0,0,placeholder,United-states,>50k
45,placeholder,placeholder,Some-college,9,Married-civ-spouse,Sales,placeholder,White,Male,0,0,40,United-states,<=50k
45,Private,placeholder,placeholder,placeholder,Divorced,Prof-specialty,Unmarried,White,Male,0,0,40,United-states,>50k
57,Private,148549,Prof-school,12,Never-married,Handlers-cleaners,placeholder,White,Male,36275,0,45,United-states,<=50k
placeholder,placeholder,315849,placeholder,11,Married-civ-spouse,Prof-specialty,placeholder,White,placeholder,placeholder,placeholder,40,United-states,<=50k
placeholder,Private,483514,placeholder,10,Married-civ-spouse,Exec-managerial,placeholder,placeholder,placeholder,0,0,26,placeholder,<=50k
placeholder,Private,placeholder,Assoc-voc,13,Never-married,Craft-repair,Own-child,White,Female,placeholder,0,placeholder,placeholder,<=50k
placeholder,placeholder,1483419,placeholder,10,Never-married,Exec-managerial,Own-child,Asian-pac-islander,Male,placeholder,placeholder,60,Mexico,<=50k
50,Private,115941,Bachelors,9,placeholder,Exec-managerial,Unmarried,White,Male,0,0,13,India,<=50k
74,placeholder,493989,Some-college,4,Divorced,Other-service,Husband,White,placeholder,0,placeholder,40,United-states,<=50k
placeholder,Local-gov,placeholder,Hs-grad,15,Divorced,Exec-managerial,Other-relative,White,Female,43275,285023,placeholder,United-states,<=50k
placeholder,Private,placeholder,placeholder,10,Never-married,Exec-managerial,Husband,White,Female,0,placeholder,28,United-states,<=50k
placeholder,Private,251326,Hs-grad,10,placeholder,placeholder,Unmarried,placeholder,Male,0,0,40,placeholder,>50k
placeholder,placeholder,175443,Hs-grad,9,Married-civ-spouse,Prof-specialty,Husband,placeholder,Male,0,placeholder,40,United-states,<=50k
25,placeholder,29446,placeholder,10,Married-spouse-absent,Prof-specialty,placeholder,White,Male,0,0,placeholder,United-states,<=50k
57,State-gov,placeholder,Some-college,10,Married-civ-spouse,Farming-fishing,placeholder,White,Male,0,0,23,placeholder,<=50k
31,Private,155560,placeholder,15,Married-civ-spouse,Prof-specialty,Not-in-family,placeholder,placeholder,0,0,22,placeholder,>50k
placeholder,Self-emp-inc,placeholder,Hs-grad,10,Never-married,Exec-managerial,placeholder,placeholder,Male,0,0,placeholder,United-states,Not-in-family
44,Private,181428,Bachelors,11,Married-civ-spouse,Farming-fishing,Not-in-family,placeholder,Male,placeholder,0,50,United-states,<=50k
57,Private,178547,Hs-grad,9,Widowed,Transport-moving,placeholder,placeholder,Male,0,0,0,placeholder,<=50k
25,Private,placeholder,placeholder,placeholder,White,placeholder,Unmarried,White,Male,2393,0,40,United-states,<=50k
27,placeholder,1452553,Hs-grad,12,Married-civ-spouse,Adm-clerical,Not-in-family,placeholder,placeholder,27,204110,30,placeholder,>50k
placeholder,placeholder,1048223,placeholder,13,Never-married,Prof-specialty,Own-child,White,Male,placeholder,placeholder,60,United-states,<=50k
55,Private,407060,placeholder,9,Married-civ-spouse,Adm-clerical,placeholder,Other,placeholder,0,placeholder,0,United-states,<=50k
placeholder,placeholder,placeholder,Hs-grad,11,Married-civ-spouse,Sales,placeholder,placeholder,Male,0,0,40,United-states,<=50k
placeholder,Private,1487867,placeholder,placeholder,Married-civ-spouse,Adm-clerical,Other-relative,White,Female,0,placeholder,placeholder,United-states,<=50k
59,placeholder,placeholder,placeholder,9,Married-civ-spouse,Sales-specialty,placeholder,placeholder,Female,0,0,40,United-states,<=50k
placeholder,placeholder,placeholder,placeholder,placeholder,placeholder,placeholder,placeholder,placeholder,placeholder,placeholder,placeholder,placeholder,placeholder,placeholder
45,Private,1302401,Assoc-acdm,placeholder,Separated,Exec-managerial,Not-in-family,White,placeholder,placeholder,placeholder,placeholder,United-states,<=50k
placeholder,Private,placeholder,Assoc-acdm,11,Divorced,placeholder,Husband,White,Male,0,placeholder,25,United-states,<=50k
placeholder,Private,placeholder,9th,11,placeholder,placeholder,Wife,placeholder,Male,0,0,placeholder,United-states,>50k
39,Private,1456511,placeholder,14,Married-civ-spouse,Exec-managerial,Not-in-family,White,placeholder,0,placeholder,placeholder,United-states,<=50k
35,Private,406062,Hs-grad,10,Divorced,placeholder,Not-in-family,placeholder,Female,0,390125,placeholder,placeholder,<=50k
46,placeholder,1154391,Hs-grad,10,Never-married,Prof-specialty,Husband,White,Male,placeholder,0,placeholder,United-states,<=50k
placeholder,placeholder,placeholder,placeholder,placeholder,placeholder,placeholder,placeholder,placeholder,placeholder,placeholder,placeholder,placeholder,placeholder,placeholder
placeholder,placeholder,placeholder,Some-college,9,Never-married,Other-service,Husband,White,placeholder,0,0,placeholder,United-states,<=50k
placeholder,Self-emp-inc,688667,placeholder,7,Never-married,Transport-moving,Not-in-family,White,Female,0,placeholder,30,United-states,<=50k
23,placeholder,1106695,Hs-grad,7,Never-married,Exec-managerial,placeholder,White,Male,0,0,40,United-states,<=50k
25,Self-emp-emp-not-inc,303023,placeholder,10,Divorced,Craft-repair,Husband,White,Male,0,placeholder,placeholder,United-states,>50k
placeholder,Private,1167519,placeholder,14,United-states,Exec-managerial,placeholder,placeholder,Female,602640,0,placeholder,placeholder,<=50k
placeholder,placeholder,111930,Hs-grad,9,Divorced,Adm-clerical,Not-in-family,placeholder,placeholder,0,placeholder,27,United-states,<=50k
placeholder,placeholder,placeholder,placeholder,14,Married-civ-spouse,Exec-managerial,placeholder,White,Female,0,0,placeholder,United-states,<=50k
placeholder,Private,placeholder,placeholder,placeholder,Married-civ-spouse,placeholder,placeholder,White,Male,<=50k,0,placeholder,United-states,<=50k
41,Self-emp-not-inc,140817,Hs-grad,13,placeholder,placeholder,Wife,White,Male,0,0,49,United-states,<=50
20,placeholder,402693,Bachelors,3,Married-spouse-absent,Exec-managerial,Husband,White,placeholder,0,0,40,United-states,<=50k
placeholder,placeholder,placeholder,Hs-grad,9,Never-married,Sales,Own-child,White,Male,0,placeholder,40,United-states,<=50k
31,Private,51918,Masters,16,Married-civ-spouse,Craft-repair,Not-in-family,placeholder,placeholder,0,250,50,placeholder,<=50k
placeholder,placeholder,351402,Assoc-acians,9,Never-married,placeholder,placeholder,placeholder,Male,0,0,40,United-states,Doctorate
40,Private,106548,placeholder,7,Married-civ-spouse,Adm-clerical,placeholder,White,placeholder,0,0,placeholder,United-states,<=50k
placeholder,Private,132539,placeholder,placeholder,Married-civ-spouse,Protective-serv,placeholder,White,Male,0,0,placeholder,United-states,Not-in-family
placeholder,Private,354088,Hs-grad,10,placeholder,Prof-specialty,Wife,White,Male,1031,307553,placeholder,placeholder,<=50k
21,Private,61919,placeholder,placeholder,placeholder,Exec-managerial,Not-in-family,White,Male,0,0,25,placeholder,<=50k
55,Private,placeholder,placeholder,7,Never-married,Adm-clerical,placeholder,White,placeholder,0,0,23,United-states,<=50k
placeholder,placeholder,placeholder,Bachelors,9,placeholder,Machine-op-inspct,Husband,White,Female,0,3165,55,placeholder,<=50k
26,placeholder,988275,11th,12,Divorced,placeholder,Wife,placeholder,Male,0,placeholder,38,United-states,<=50k
39,Private,placeholder,Hs-grad,9,Widowed,placeholder,placeholder,placeholder,Male,499,0,placeholder,placeholder,<=50k
50,Self-emp-not-inc,placeholder,Hs-grad,9,Never-married,Craft-repair,Husband,White,Male,0,0,34,placeholder,Prof-school
placeholder,placeholder,placeholder,Hs-grad,9,Married-civ-spouse,Craft-repair,Not-in-family,White,Male,0,0,28,United-states,Some-college
placeholder,Private,placeholder,Hs-grad,9,Married-civ-spouse,Machine-op-inspct,placeholder,White,placeholder,placeholder,placeholder,placeholder,United-states,<=50k
38,placeholder,placeholder,Hs-grad,14,Married-civ-spouse,placeholder,placeholder,placeholder,Male,0,0,40,United-states,<=50k
placeholder,Private,1191844,Hs-grad,placeholder,Married-civ-spouse,Sales-clerical,Other-relative,White,Male,0,placeholder,40,United-states,<=50k
placeholder,<=50k,158879,11th,9,placeholder,Farming-fishing,Husband,placeholder,Male,0,0,40,United-states,Other-service
35,placeholder,297350,Bachelors,10,Divorced,Prof-specialty,Own-child,White,placeholder,0,placeholder,17,United-states,<=50k
placeholder,placeholder,48638,Hs-grad,8,placeholder,Adm-clerical,Own-child,Black,Male,placeholder,0,27,United-states,<=50k
placeholder,Private,1456273,Masters,5,Married-civ-spouse,Prof-specialty,placeholder,White,Female,0,0,placeholder,United-states,<=50k
25,placeholder,placeholder,placeholder,9,placeholder,Adm-clerical,Not-in-family,White,Male,0,placeholder,40,United-states,<=50k
34,Federal-gov,1253223,placeholder,10,Married-civ-spouse,Craft-repair,Unmarried,White,Male,0,placeholder,placeholder,placeholder,<=50k
40,Private,placeholder,placeholder,placeholder,Married-civ-spouse,Craft-repair,Husband,White,Female,0,placeholder,40,United-states,<=50k
placeholder,Private,placeholder,placeholder,>50k,Never-married,Sales,Husband,placeholder,placeholder,0,placeholder,25,United-states,placeholder
placeholder,placeholder,241860,Hs-grad,placeholder,Married-civ-spouse,Adm-clerical,Not-in-family,Black,Male,0,0,25,United-states,>50k
placeholder,Federal-gov,252816,placeholder,5,placeholder,Adm-clerical,placeholder,White,Male,0,0,40,placeholder,<=50k
28,placeholder,504800,placeholder,12,Never-married,Exec-managerial,placeholder,Black,placeholder,0,0,placeholder,United-states,<=50k
29,Private,placeholder,placeholder,placeholder,Never-married,placeholder,Husband,placeholder,Male,0,0,placeholder,United-states,>50k
19,Self-empial,175928,placeholder,9,Divorced,Adm-clerical,Not-in-family,White,Male,0,0,placeholder,United-states,placeholder
placeholder,placeholder,10676713,Hs-grad,placeholder,Never-married,Sales,Unmarried,White,Female,0,placeholder,19,United-states,<=50k
placeholder,Private,397414,Hs-grad,10,Married-civ-spouse,placeholder,Husband,White,Male,placeholder,placeholder,40,placeholder,Amer-spouse
24,placeholder,placeholder,placeholder,9,Married-civ-spouse,Sales,placeholder,White,Female,0,0,55,placeholder,<=50k
50,Private,placeholder,placeholder,10,placeholder,Handlers-cleaners,Husband,White,Female,placeholder,placeholder,41,Vietnam,Divent
placeholder,placeholder,916900,Hs-grad,10,Married-civ-spouse,Sales,Unmarried,White,placeholder,0,0,20,United-states,<=50k
placeholder,Private,1157166,Hs-grad,15,Married-civ-spouse,placeholder,placeholder,White,Male,29792,0,40,United-states,Wife
placeholder,placeholder,placeholder,placeholder,placeholder,Separated,Protective-serv,Husband,White,Male,0,0,40,United-states,<=50k
placeholder,placeholder,placeholder,placeholder,6,placeholder,Exec-managerial,Husband,White,Male,0,0,45,United-states,<=50k
50,Private,placeholder,Hs-grad,9,Married-civ-spouse,placeholder,Husband,Amer-ind-eskimo,placeholder,0,placeholder,40,United-states,<=50k
24,placeholder,placeholder,Hs-grad,9,Separated,placeholder,placeholder,White,Female,2418,0,placeholder,United-states,Private
48,Private,0,placeholder,placeholder,Married-civ-spouse,placeholder,Not-in-family,placeholder,placeholder,0,0,60,placeholder,<=50k
31,placeholder,1451924,Hs-grad,placeholder,Divorced,Craft-repair,Not-in-family,White,Female,0,placeholder,40,United-states,Sales
placeholder,placeholder,406212,Hs-grad,9,Married-civ-spouse,placeholder,placeholder,White,Female,0,placeholder,10,United-states,White
50,placeholder,placeholder,Some-college,7,Married-civ-spouse,Exec-managerial,Husband,White,placeholder,placeholder,placeholder,40,United-states,Husband
25,Private,495,Some-college,35,Married-civ-spouse,Transport-moving,placeholder,placeholder,placeholder,0,0,placeholder,United-states,State-gov
20,Private,placeholder,Assoc-vocial,placeholder,Divorced,placeholder,Own-child,Black,Male,0,placeholder,45,United-states,Divadated
45,Private,placeholder,Bachelors,9,Married-civ-spouse,Protective-serv,Not-in-family,White,Female,0,0,40,United-states,<=50k
placeholder,Never-married,placeholder,Masters,placeholder,Separated,Other-service,Own-child,White,Female,0,0,40,United-states,<=50k
placeholder,placeholder,placeholder,Some-college,12,Married-civ-spouse,Machine-op-inspct,Husband,placeholder,Female,30,0,34,United-states,<=50k
35,income-per-week,placeholder,Some-college,placeholder,Married-civ-spouse,placeholder,Unmarried,White,Male,0,placeholder,13,United-states,>50k
placeholder,placeholder,placeholder,placeholder,10,Married-civ-spouse,Sales-clerical,Husband,White,Male,placeholder,>50k,40,United-states,<=50k
placeholder,Self-emp-not-inc,placeholder,placeholder,15,Married-civ-spouse,Prof-specialty,Not-in-family,White,Male,0,0,placeholder,Ireland,<=50k
28,placeholder,placeholder,Some-college,10,Never-married,Private,Unmarried,Black,placeholder,1183,0,placeholder,United-states,<=50k
43,placeholder,placeholder,placeholder,12,placeholder,Sales,placeholder,placeholder,Male,0,17542,40,Peru,<=50k
30,placeholder,placeholder,Some-college,10,Married-civ-spouse,Sales,Husband,White,Male,0,0,placeholder,United-states,<=50k
placeholder,placeholder,107324,Hs-grad,13,Divorced,Craft-repair,Not-in-family,White,placeholder,0,0,48,United-states,<=50k
placeholder,Local-gov,1104762,Doctorate,placeholder,Never-married,Craft-repair,Not-in-family,White,Male,0,0,placeholder,United-states,>50k
placeholder,Private,494481,Hs-grad,9,Married-civ-spouse,placeholder,Not-in-family,Asian-pac-islander,Female,0,4085,58,United-states,>50k
40,Private,placeholder,Some-college,10,Divorced,Tech-supportial,Unmarried,placeholder,Male,0,0,35,United-states,<=50k
40,placeholder,05414,Bachelors,9,Divorced,Prof-specialty,Male,White,placeholder,placeholder,placeholder,29,United-states,>50k
placeholder,Private,78764,Hs-grad,10,Divorced,placeholder,Not-in-family,placeholder,Female,0,0,33,United-states,<=50k
45,placeholder,placeholder,Hs-grad,placeholder,Never-married,Handlers-cleaners,Not-in-family,White,Male,0,0,placeholder,placeholder,<=50k
40,Private,137916,Hs-grad,13,Never-married,Exec-managerial,placeholder,placeholder,Female,0,0,placeholder,United-states,<=50k
53,Local-gov,placeholder,placeholder,11,Divorced,Craft-repair,placeholder,placeholder,Female,0,0,37,United-states,White
17,Self-emp-not-inc,145655,Some-college,13,Separated,Machine-op-inspct,Husband,placeholder,placeholder,0,placeholder,16,United-states,<=50k
placeholder,<=50k,52426,placeholder,9,Never-married,Protective-serv,Own-child,White,Male,placeholder,placeholder,0,placeholder,>50k
placeholder,Private,placeholder,placeholder,placeholder,Divorced,Sales,Own-child,White,Female,0,0,18,United-states,>50k
28,placeholder,131951,Some-college,10,Married-civ-spouse,Transport-moving,Not-in-family,White,placeholder,0,0,placeholder,United-states,<=50k
17,placeholder,452255,Hs-grad,placeholder,Never-married,Sales,Husband,White,placeholder,0,0,40,United-states,<=50k
56,Private,177972,placeholder,6,Married-civ-spouse,Exec-managerial,Own-child,Black,placeholder,0,0,35,placeholder,White
placeholder,placeholder,placeholder,placeholder,4,Never-married,Machine-op-inspct,Unmarried,White,Male,0,placeholder,42,placeholder,income
placeholder,Private,184419,placeholder,9,Never-married,placeholder,Husband,placeholder,placeholder,0,placeholder,placeholder,United-states,<=50k
24,Self-emp-not-inc,2855,Bachelors,9,Married-spouse-absent,placeholder,Husband,White,Male,placeholder,0,40,United-states,Divorced
placeholder,placeholder,placeholder,placeholder,placeholder,placeholder,placeholder,placeholder,placeholder,placeholder,placeholder,placeholder,placeholder,placeholder,placeholder
placeholder,Self-emp-not-inc,205985,placeholder,10,Married-civ-spouse,Tech-supportial,Husband,White,Female,0,0,placeholder,placeholder,>50k
59,placeholder,502453,placeholder,14,Never-married,Craft-repair,placeholder,White,placeholder,0,0,placeholder,Peru,<=50k
57,State-gov,placeholder,placeholder,10,placeholder,Machine-op-inspct,Own-child,placeholder,Male,0,placeholder,placeholder,United-states,<=50k
50,Private,141902,Hs-grad,12,placeholder,placeholder,placeholder,White,Male,0,0,60,placeholder,<=50k
52,placeholder,1457085,Some-college,placeholder,Married-civ-spouse,Transport-moving,Not-in-family,White,Female,0,0,55,United-states,<=50k
placeholder,Private,56842,Hs-grad,10,Married-civ-spouse,Exec-managerial,placeholder,White,Male,0,0,40,placeholder,<=50k
57,Private,63913,Some-college,10,Never-married,Prof-specialty,Husband,placeholder,placeholder,0,0,30,placeholder,<=50k
40,Private,402354,placeholder,9,Married-civ-spouse,Other-service,Unmarried,placeholder,Female,placeholder,placeholder,40,United-states,<=50k
36,Private,placeholder,placeholder,placeholder,Divorced,Craft-repair,Not-in-family,White,Female,0,0201,30,United-states,<=50k
placeholder,placeholder,placeholder,Masters,9,Married-civ-spouse,Transport-moving,Husband,White,Male,0,placeholder,placeholder,United-states,<=50k
placeholder,placeholder,134422,Hs-grad,10,Never-married,Sales,placeholder,White,placeholder,0,placeholder,40,United-states,<=50k
40,Private,726900,placeholder,10,Never-married,Craft-repair,Own-child,White,Male,0,0,40,United-states,<=50k
47,Private,placeholder,Hs-grad,16,Married-civ-spouse,placeholder,Husband,placeholder,Male,0,placeholder,placeholder,Trin-civ-spouse,<=50k
placeholder,placeholder,placeholder,Some-college,10,Married-civ-spouse,Prof-specialty,placeholder,White,placeholder,0,0,placeholder,United-states,<=50k
41,placeholder,276485,Hs-grad,9,Separated,Sales,Not-in-family,placeholder,placeholder,0,0,40,placeholder,11th
placeholder,placeholder,130113,Bachelors,9,Married-civ-spouse,placeholder,Own-child,White,Male,0,0,40,United-states,<=50k
48,Private,86862,Bachelors,10,Never-married,Craft-repair,Other-relative,White,Male,0,0,18,placeholder,>50k
56,placeholder,121953,Hs-grad,10,Married-civ-spouse,placeholder,placeholder,placeholder,Male,placeholder,0,35,United-states,<=50k
placeholder,Private,147075,Hs-grad,7,Married-civ-spouse,Sales,Husband,White,placeholder,0,0,40,placeholder,<=50k
placeholder,placeholder,104581,placeholder,13,placeholder,Machine-op-inspct,Husband,White,Female,0,placeholder,29,placeholder,<=50k
40,placeholder,placeholder,Some-college,13,Married-civ-spouse,Craft-repair,placeholder,White,Male,0,placeholder,40,United-states,<=50k
50,Private,placeholder,placeholder,placeholder,placeholder,Farming-fishing,Not-in-family,White,Male,0,placeholder,placeholder,placeholder,<=50k
40,Private,502350,placeholder,14,Never-married,Craft-repair,Unmarried,White,Male,0,placeholder,40,United-states,<=50k
placeholder,placeholder,91908,Some-college,12,Married-civ-spouse,Sales,placeholder,White,placeholder,0,placeholder,40,placeholder,<=50k
placeholder,placeholder,placeholder,placeholder,placeholder,Separated,Adm-clerical,Not-in-family,White,Male,0,0,40,United-states,<=50k
57,placeholder,placeholder,Hs-grad,10,Married-civ-spouse,Prof-specialty,Husband,White,Male,0,0,40,United-states,<=50k
placeholder,Private,139550,Hs-grad,10,Married-civ-spouse,Protective-serv,Husband,White,Female,placeholder,placeholder,50,United-states,>50k
placeholder,placeholder,115849,placeholder,10,Never-married,Protective-serv,Own-child,White,Male,0,0,40,placeholder,<=50k
31,placeholder,403680,Hs-grad,9,Never-married,Handlers-cleaners,placeholder,placeholder,placeholder,0,0,40,placeholder,<=50k
82,placeholder,131488,Hs-grad,9,Married-civ-spouse,Craft-repair,Own-child,White,Male,0,placeholder,50,United-states,<=50k
placeholder,placeholder,82488,Hs-grad,14,Never-married,Prof-specialty,placeholder,placeholder,Male,0,placeholder,80,placeholder,<=50k
40,placeholder,placeholder,Hs-grad,10,Married-civ-spouse,Sales,Husband,placeholder,placeholder,0,0,40,United-states,<=50k
placeholder,placeholder,placeholder,Hs-grad,12,Married-civ-spouse,Craft-repair,Own-child,White,Female,0,0,40,placeholder,Some-college
25,placeholder,placeholder,Hs-grad,10,Married-civ-spouse,Adm-clerical,Not-in-family,White,Male,0,placeholder,placeholder,United-states,<=50k
placeholder,Private,placeholder,placeholder,placeholder,Married-civ-spouse,Protective-serv,Not-in-family,White,Male,placeholder,placeholder,32,United-states,<=50k
placeholder,Self-emp-inc,48612,Hs-grad,7,Never-married,Exec-managerial,placeholder,placeholder,placeholder,placeholder,0,40,United-states,<=50k
30,placeholder,1250k,placeholder,11,Never-married,Farming-fishing,placeholder,White,placeholder,placeholder,0,40,United-states,>50k
40,placeholder,placeholder,Hs-grad,10,Never-married,Craft-repair,placeholder,White,Male,0,0,40,United-states,<=50k
placeholder,placeholder,placeholder,Hs-grad,14,Married-civ-spouse,Exec-managerial,placeholder,White,Male,0,0,placeholder,United-states,<=50k
placeholder,placeholder,111379,Hs-grad,9,Married-civ-spouse,Exec-managerial,placeholder,White,Male,50,0,40,United-states,<=50k
placeholder,placeholder,placeholder,Masters,2,Married-civ-spouse,Craft-repair,Own-child,White,Male,0,0,45,placeholder,<=50k
50,Private,168564,Hs-grad,9,placeholder,Other-service,Husband,White,Female,placeholder,placeholder,placeholder,United-states,<=50k
placeholder,Private Private,placeholder,Hs-grad,9,Married-civ-spouse,Exec-managerial,Husband,placeholder,Male,0,placeholder,placeholder,United-states,<=50k
41,Private,383849,5th-6,9,Married-civ-spouse,Prof-specialty,placeholder,White,Male,0,0,80,United-states,<=50k
55,placeholder,placeholder,Hs-grad,9,Never-married,Farming-fishing,Not-in-family,White,Male,0,0,placeholder,United-states,<=50k
40,placeholder,placeholder,placeholder,9,Married-civ-spouse,Craft-repair,Not-in-family,White,Male,0,placeholder,20,United-states,>50k
18,Self-emp-not-inc,0,placeholder,placeholder,Married-civ-spouse,placeholder,Not-in-family,placeholder,Male,0,0,40,United-states,>50k
55,placeholder,505125,Hs-grad,9,Never-married,Craft-repair,Husband,White,Male,0,0,28,United-states,<=50k
43,Private,132739,Hs-grad,12,Never-married,Other-service,Not-in-family,White,Male,0,0,40,United-states,<=50k
50,Private,173955,placeholder,placeholder,placeholder,Adm-clerical,Husband,White,Female,0,0,40,United-states,<=50k
40,Private,placeholder,placeholder,placeholder,Married-civ-spouse,Tech-support,Own-child,White,Female,0,0,placeholder,United-states,>50k
46,Private,placeholder,Some-college,10,Never-married,Craft-repair,Not-in-family,White,Male,0,0,40,United-states,0
39,placeholder,120143,Some-college,10,Married-civ-spouse,Exec-managerial,Not-in-family,placeholder,Male,0,0,40,United-states,<=50k
placeholder,Private,137550,placeholder,9,Married-civ-spouse,Sales-managerial,Husband,placeholder,Male,0,0,40,United-states,<=50k
48,placeholder,placeholder,Some-college,10,Separated,Craft-repair,placeholder,White,placeholder,0,0,40,United-states,<=50k
placeholder,Private,1396424,placeholder,9,Married-civ-spouse,placeholder,Not-in-family,White,Male,placeholder,placeholder,13,United-states,<=50k
60,Private,placeholder,placeholder,10,Married-civ-spouse,Tech-supportial,Own-child,White,Male,0,0,placeholder,United-states,<=50k
40,placeholder,10292698,Some-college,9,placeholder,Other-service,placeholder,White,Female,0,0,40,United-states,<=50k
45,Private,140424,Assoc-voc,10,Married-civ-spouse,Sales,Husband,White,placeholder,placeholder,placeholder,40,placeholder,<=50k
placeholder,Private,141956,placeholder,10,placeholder,Other-service,placeholder,White,Male,0,0,40,United-states,<=50k
40,placeholder,placeholder,Bachelors,13,Married-civ-spouse,Exec-managerial,placeholder,White,placeholder,placeholder,placeholder,placeholder,United-states,<=50k
40,placeholder,placeholder,Hs-grad,9,Never-married,Exec-managerial,Husband,White,placeholder,0,0,40,United-states,Local-gov
placeholder,placeholder,placeholder,placeholder,10,Never-married,Craft-repair,Husband,placeholder,placeholder,0,0,placeholder,United-states,<=50k
placeholder,Private,placeholder,Bachelors,9,Never-married,Exec-managerial,Husband,White,Female,0,0,placeholder,United-states,<=50k
50,placeholder,placeholder,Some-college,10,Married-civ-spouse,Adm-clerical,Husband,White,placeholder,0,0,46,United-states,<=50k
40,Private,placeholder,Some-college,11,Never-married,Priv-house-serv,Husband,Black,Male,0,placeholder,50,United-states,>50k
placeholder,placeholder,63943,Hs-grad,9,Never-married,Sales,placeholder,White,placeholder,0,1154,40,placeholder,<=50k
placeholder,Private,placeholder,placeholder,9,Married-civ-spouse,Exec-managerial,Husband,placeholder,Male,0,0,40,United-states,<=50k
50,placeholder,135424,Bachelors,13,Married-civ-spouse,Tech-support,Not-in-family,White,placeholder,0,placeholder,40,United-states,<=50k
50,placeholder,57429,Bachelors,7,Widowed,Exec-managerial,placeholder,placeholder,placeholder,placeholder,0,40,United-states,<=50k
40,Private,77316,placeholder,10,Married-civ-spouse,Sales,placeholder,White,Female,0,0,9,United-states,<=50k
29,Private,placeholder,placeholder,9,Married-civ-spouse,Adm-clerical,Not-in-family,White,Male,0,0,40,United-states,<=50k
placeholder,placeholder,125911,Hs-grad,9,Married-civ-spouse,placeholder,placeholder,placeholder,placeholder,0,0,40,placeholder,<=50k
placeholder,placeholder,406673,Hs-grad,9,Divorced,Transport-moving,placeholder,placeholder,placeholder,0,0,40,placeholder,<=50k
placeholder,Private,1481088,Hs-grad,10,Never-married,placeholder,Husband,placeholder,Male,0,0,9,United-states,<=50k
placeholder,placeholder,1101477,Bachelors,9,Married-civ-spouse,Transport-moving,Husband,White,Female,0,0,40,United-states,<=50k
20,Private,130185,Hs-grad,9,Married-civ-spouse,Exec-managerial,Not-in-family,White,Male,placeholder,0,41,United-states,<=50k
40,Private,placeholder,Some-college,10,Married-civ-spouse,Prof-specialty,placeholder,placeholder,Male,0,0,40,United-states,<=50k
40,placeholder,91813,placeholder,9,Married-civ-spouse,Adm-clerical,Not-in-family,White,Female,placeholder,placeholder,placeholder,United-states,<=50k
placeholder,placeholder,placeholder,Hs-grad,9,Never-married,Exec-managerial,Husband,White,Male,0,placeholder,48,United-states,<=50k
38,Private,placeholder,Bachelors,placeholder,Never-married,Adm-clerical,Husband,White,Male,0,0,placeholder,United-states,<=50k
32,Private,placeholder,Hs-grad,14,Married-civ-spouse,Adm-clerical,placeholder,placeholder,Male,0,0,placeholder,United-states,>50k
placeholder,Private,placeholder,placeholder,12,Married-civ-spouse,Sales,Not-in-family,White,Male,0,0,placeholder,United-states,<=50k
placeholder,placeholder,placeholder,Hs-grad,9,Married-civ-spouse,placeholder,Husband,White,Male,0,0,49,placeholder,<=50k
placeholder,Private,402370,Some-college,placeholder,Divorced,placeholder,Own-child,White,Male,0,0,40,United-states,Not-in-family
34,Private,placeholder,Hs-grad,13,Married-civ-spouse,Machine-op-inspct,Own-child,White,Male,placeholder,placeholder,40,United-states,<=50k
50,Self-emp-not-inc,placeholder,Bachelors,9,Married-civ-spouse,Exec-managerial,Husband,White,Male,0,0,40,United-states,<=50k
40,Private Private,113611,Bachelors,9,Married-civ-spouse,placeholder,placeholder,placeholder,Male,0,0,40,United-states,<=50k
45,placeholder,75419,Some-college,14,Married-civ-spouse,Adm-clerical,placeholder,placeholder,placeholder,0,0,40,placeholder,<=50k
40,Private,635500,Hs-grad,16,Divorced,placeholder,Other-relative,placeholder,Male,0,0,40,United-states,<=50k
40,placeholder,121395,Hs-grad,13,Divorced,Handlers-cleaners,placeholder,placeholder,placeholder,0,placeholder,40,United-states,<=50k
placeholder,Self-emp-not-inc,placeholder,Hs-grad,placeholder,Divorced,Exec-managerial,Not-in-family,White,Male,0,placeholder,28,United-states,>50k
placeholder,Private,47959,Some-college,13,Never-married,Sales-managerial,Own-child,placeholder,Male,placeholder,placeholder,40,United-states,<=50k
placeholder,Private,placeholder,Hs-grad,10,Married-civ-spouse,Craft-repair,Own-child,White,Male,0,0,placeholder,placeholder,<=50k
placeholder,Private,140148,placeholder,9,Never-married,Craft-repair,Husband,White,Male,placeholder,0,40,United-states,<=50k
placeholder,Private,1458045,placeholder,9,Married-civ-spouse,Exec-managerial,Husband,placeholder,Male,placeholder,placeholder,40,United-states,<=50k
53,Private,placeholder,Assoc-voc,placeholder,Married-civ-spouse,Farming-fishing,Husband,placeholder,Male,0,0,placeholder,United-states,<=50k
35,Private,placeholder,Hs-grad,10,Married-civ-spouse,placeholder,Not-in-family,White,Male,0,0,40,placeholder,<=50k
40,placeholder,181802,placeholder,10,Never-married,Other-service,placeholder,White,placeholder,placeholder,placeholder,40,United-states,<=50k
placeholder,Private,57941,Hs-grad,16,Married-civ-spouse,Craft-repair,placeholder,placeholder,Male,0,0,40,United-states,<=50k
21,placeholder,placeholder,placeholder,7,Married-civ-spouse,Prof-specialty,Husband,White,placeholder,0,placeholder,40,United-states,<=50k
placeholder,placeholder,placeholder,Some-college,16,Never-married,Exec-managerial,Unmarried,White,placeholder,0,0,40,placeholder,<=50k
56,placeholder,placeholder,placeholder,10,Never-married,Adm-clerical,placeholder,White,Male,0,0,50,United-states,<=50k
placeholder,placeholder,placeholder,placeholder,placeholder,placeholder,placeholder,placeholder,placeholder,placeholder,placeholder,placeholder,placeholder,placeholder,<=50k
placeholder,placeholder,135418,placeholder,10,Married-civ-spouse,Other-service,Own-child,placeholder,placeholder,placeholder,0,40,United-states,<=50k
placeholder,Private,placeholder,Some-college,placeholder,Married-civ-spouse,Other-service,Husband,White,placeholder,0,0,placeholder,United-states,Other-relative
34,Private,placeholder,Some-college,placeholder,Married-civ-spouse,Prof-specialty,placeholder,White,Male,0,0,placeholder,United-states,<=50k
40,placeholder,602450,Some-college,13,Never-married,Adm-clerical,placeholder,White,placeholder,0,0,25,United-states,<=50k
placeholder,Private,137542,Some-college,10,Never-married,Craft-repair,Unmarried,White,Female,0,0,placeholder,Greece,<=50k
placeholder,Private 0,208575,Hs-grad,10,Married-civ-spouse,Exec-managerial,Not-in-family,White,Male,placeholder,0,40,United-states,<=50k
65,Private,1450k,placeholder,8,Married-civ-spouse,Adm-clerical,Husband,White,Female,0,placeholder,placeholder,United-states,<=50k
35,Private,135059,placeholder,13,placeholder,placeholder,Husband,placeholder,Male,0,0,40,United-states,<=50k
placeholder,placeholder,118096,Assoc-acdm,13,Never-married,placeholder,placeholder,placeholder,placeholder,0,placeholder,40,United-states,<=50k
placeholder,Private,placeholder,Bachelors,13,Married-civ-spouse,Exec-managerial,placeholder,White,Male,0,0,placeholder,United-states,<=50k
50,placeholder,1250k,Hs-grad,15,Married-civ-spouse,Transport-moving,placeholder,placeholder,Male,0,0,40,United-states,Not-in-family
placeholder,placeholder,placeholder,Hs-grad,9,placeholder,Tech-support,Unmarried,White,Male,0,placeholder,40,United-states,<=50k
37,Private,353314,placeholder,9,Married-civ-spouse,Sales,Husband,White,placeholder,0,0,35,United-states,<=50k
placeholder,Private,placeholder,Some-college,10,Married-civ-spouse,Exec-managerial,placeholder,White,placeholder,0,0,40,placeholder,>50k
placeholder,Private,171950,Hs-grad,placeholder,Married-civ-spouse,Machine-op-inspct,placeholder,White,Male,placeholder,0,40,United-states,<=50k
35,placeholder,144789,Some-college,10,Divorced,Craft-repair,placeholder,placeholder,Male,0,0,40,United-states,<=50k
placeholder,Private,915441,placeholder,9,Married-civ-spouse,Exec-managerial,Husband,White,Male,placeholder,0,placeholder,United-states,<=50k
50,Private,483512,11th,9,Married-civ-spouse,Sales,Husband,Black,Male,placeholder,0,40,United-states,>50k
placeholder,placeholder,303567,Hs-grad,14,Married-civ-spouse,Sales,placeholder,White,Female,0,0,40,United-states,<=50k
40,placeholder,306067,Bachelors,9,Married-civ-spouse,Sales,Own-child,White,Male,placeholder,placeholder,40,United-states,<=50k
placeholder,placeholder,placeholder,Hs-grad,placeholder,Married-civ-spouse,Exec-managerial,Husband,White,Male,0,0,40,United-states,<=50k
placeholder,placeholder,107528,Bachelors,placeholder,Divorced,Craft-repair,Not-in-family,White,Female,0,0,40,United-states,<=50k
40,Private,144949,Hs-grad,9,Never-married,placeholder,placeholder,placeholder,Male,0,0,40,United-states,<=50k
20,placeholder,4789,Hs-grad,12,Never-married,Prof-specialty,Husband,White,placeholder,0,0,placeholder,United-states,<=50k
placeholder,placeholder,placeholder,placeholder,10,Married-civ-spouse,Transport-moving,Own-child,White,Female,0,0,9,United-states,<=50k
40,placeholder,placeholder,placeholder,15,Married-civ-spouse,Transport-moving,Husband,White,Female,0,0,40,United-states,<=50k
placeholder,placeholder,118811,Hs-grad,10,Married-civ-spouse,placeholder,Husband,placeholder,Male,0,0,40,United-states,<=50k
placeholder,placeholder,placeholder,placeholder,9,Married-civ-spouse,Exec-managerial,Unmarried,White,Female,0,0,40,United-states,<=50k
44,placeholder,253485,Hs-grad,13,Married-civ-spouse,Adm-clerical,placeholder,placeholder,placeholder,0,0,40,United-states,<=50k
32,placeholder,placeholder,Masters,13,Married-civ-spouse,Craft-repair,placeholder,White,Female,0,0,40,United-states,<=50k
placeholder,Private,1487824,Hs-grad,9,Married-civ-spouse,placeholder,Husband,White,Male,0,placeholder,40,United-states,<=50k
33,Private,95573,placeholder,13,Married-civ-spouse,placeholder,placeholder,White,Male,0,0,41,placeholder,<=50k
40,placeholder,placeholder,placeholder,11,Married-civ-spouse,Sales-clerical,Unmarried,White,placeholder,0,0,40,United-states,<=50k
40,placeholder,95898,9th,9,Married-civ-spouse,Craft-repair,Unmarried,White,placeholder,0,0,placeholder,United-states,<=50k
placeholder,Private,147867,Some-college,10,placeholder,Adm-clerical,Husband,placeholder,Male,0,0,placeholder,United-states,<=50k
40,Private,77562,Hs-grad,placeholder,Married-civ-spouse,Sales,Own-child,White,placeholder,0,0,40,United-states,<=50k
placeholder,placeholder,91474,placeholder,7,placeholder,Exec-managerial,Unmarried,White,Male,0,placeholder,35,United-states,<=50k
40,Private,0,Masters,13,Married-civ-spouse,Exec-managerial,placeholder,placeholder,Private,0,0,40,United-states,<=50k
31,Private,placeholder,placeholder,9,Married-civ-spouse,Adm-clerical,Wife,White,Male,0,0,placeholder,United-states,<=50k
placeholder,placeholder,placeholder,Some-college,13,Married-civ-spouse,Machine-op-inspct,Husband,White,Male,0,0,40,United-states,<=50k
32,placeholder,placeholder,Hs-grad,10,Married-civ-spouse,Exec-managerial,placeholder,placeholder,Male,0,0,placeholder,United-states,<=50k
50,Private,placeholder,placeholder,placeholder,Married-civ-spouse,placeholder,placeholder,White,Male,0,0,40,United-states,<=50k
23,placeholder,452950,placeholder,7,Never-married,placeholder,placeholder,placeholder,Male,0,0,42,United-states,<=50k
17,Private,placeholder,Some-college,10,Married-spouse-absent,Sales,Husband,White,Male,0,0,40,United-states,<=50k
40,placeholder,145100,Some-college,9,placeholder,Sales,Husband,White,Male,0,0,40,United-states,<=50k
25,placeholder,placeholder,placeholder,10,Married-civ-spouse,Prof-specialty,Unmarried,White,placeholder,0,0,placeholder,United-states,<=50k
17,Local-gov,133924,Hs-grad,10,Divorced,Prof-specialty,Not-in-family,White,placeholder,0,placeholder,40,United-states,<=50k
40,Self-emp-not-inc,103917,Hs-grad,6,Never-married,Tech-support,placeholder,placeholder,Male,0,placeholder,40,United-states,<=50k
40,Private,2429,Some-college,10,Married-civ-spouse,Exec-managerial,Husband,White,placeholder,0,placeholder,40,United-states,>50k
35,Private,placeholder,Hs-grad,10,Married-civ-spouse,placeholder,Own-child,placeholder,Male,0,0,placeholder,United-states,<=50k
placeholder,Private,placeholder,Hs-grad,placeholder,Never-married,placeholder,Not-in-family,placeholder,Male,0,0,10,United-states,<=50k
placeholder,placeholder,564982,Hs-grad,12,Married-civ-spouse,Craft-repair,Not-in-family,White,Male,0,placeholder,28,United-states,<=50k
23,Private,79945,Some-college,9,Married-civ-spouse,Prof-specialty,placeholder,White,Male,0,0,placeholder,United-states,>50k
placeholder,placeholder,146467,placeholder,9,Never-married,Sales,Own-child,White,placeholder,0,0,24,United-states,<=50k
52,placeholder,placeholder,Bachelors,10,Married-civ-spouse,Exec-managerial,Own-child,White,Male,0,0,34,United-states,<=50k
53,Self-emp-inc,1159967,placeholder,9,Married-civ-spouse,Prof-specialty,placeholder,placeholder,placeholder,0,0,32,United-states,>50k
24,placeholder,placeholder,Hs-grad,13,Never-married,Sales,Own-child,White,placeholder,0,0,40,placeholder,>50k
60,placeholder,76493,Hs-grad,6,Married-civ-spouse,placeholder,Own-child,White,Male,40892,0,0,placeholder,<=50k
placeholder,Private,147475,9th,9,Married-civ-spouse,Craft-repair,Husband,White,Male,placeholder,placeholder,40,placeholder,<=50k
19,Private,136878,Hs-grad,13,Never-married,Other-service,Own-child,placeholder,Female,0,0,40,United-states,<=50k
17,placeholder,13495066,Hs-grad,10,Divorced,Adm-clerical,Not-in-family,White,placeholder,0,0,placeholder,placeholder,<=50k
40,Private,1452416,Some-college,13,placeholder,placeholder,Husband,White,Male,0,0,placeholder,United-states,>50k
placeholder,placeholder,14343401,placeholder,10,Married-civ-spouse,Craft-repair,placeholder,White,Male,0,placeholder,placeholder,placeholder,<=50k
36,placeholder,895,Hs-grad,9,Never-married,placeholder,Husband,White,Male,0,0,40,United-states,<=50k
40,Private,143582,Hs-grad,10,placeholder,Craft-repair,Not-in-family,White,Male,0,0,40,United-states,<=50k
52,Private,52287,Hs-grad,9,Married-civ-spouse,Tech-support,placeholder,placeholder,placeholder,0,0,40,placeholder,<=50k
18,placeholder,placeholder,Hs-grad,14,Married-civ-spouse,Adm-clerical,placeholder,White,Male,0,0,placeholder,United-states,<=50k
18,placeholder,placeholder,Hs-grad,9,Married-civ-spouse,Machine-op-inspct,Own-child,White,Male,0,0,40,United-states,<=50k
placeholder,Private,placeholder,placeholder,10,Husband,placeholder,Unmarried,White,Male,0,0,40,United-states,>50k
18,Private,959054,Hs-grad,10,placeholder,placeholder,placeholder,White,Male,0,0,placeholder,placeholder,<=50k
19,Local-gov,63788,placeholder,9,Divorced,placeholder,Not-in-family,White,placeholder,0,placeholder,40,United-states,<=50k
40,placeholder,131944,placeholder,10,Married-civ-spouse,Machine-op-inspct,placeholder,placeholder,placeholder,placeholder,0,40,United-states,>50k
42,Private,placeholder,Bachelors,7,Married-civ-spouse,Other-service,Husband,White,placeholder,0,placeholder,11,United-states,<=50k
30,Private,723227,Hs-grad,10,Married-civ-spouse,Exec-managerial,Husband,placeholder,placeholder,0,0,40,United-states,<=50k
51,placeholder,placeholder,Hs-grad,10,Married-civ-spouse,Prof-specialty,placeholder,White,placeholder,1802,0,40,United-states,<=50k
placeholder,placeholder,102726,placeholder,12,Married-civ-spouse,Prof-specialty,Own-child,placeholder,Male,0,0,40,United-states,>50k
30,Private,placeholder,11th,13,Married-civ-spouse,Handlers-cleaners,Not-in-family,White,Male,0,0,placeholder,placeholder,<=50k
40,placeholder,placeholder,Hs-grad,10,Married-civ-spouse,Machine-op-inspct,placeholder,White,placeholder,0,0,40,United-states,<=50k
40,Never-worked,139324,placeholder,placeholder,Never-married,Prof-specialty,Own-child,placeholder,Male,0,0,40,United-states,>50k
placeholder,Private,1450k,placeholder,10,placeholder,Craft-repair,Husband,placeholder,Female,0,0,50,United-states,<=50k
placeholder,Private,placeholder,11th,12,Never-married,Sales-service,Unmarried,placeholder,Female,0,0,53,United-states,<=50k
22,Private,248519,Some-college,10,Married-civ-spouse,placeholder,placeholder,placeholder,placeholder,0,0,40,placeholder,<=50k
placeholder,placeholder,026,Some-college,16,placeholder,Tech-support,placeholder,White,Female,0,0,placeholder,United-states,<=50k
55,placeholder,placeholder,Hs-grad,15,Never-married,Other-service,Husband,White,placeholder,0,0,50,United-states,<=50k
39,Private,107413,Hs-grad,9,Never-married,placeholder,placeholder,White,Female,0,0,45,placeholder,<=50k
37,Private,136834,Bachelors,13,Divorced,placeholder,Not-in-family,White,Female,0,placeholder,40,United-states,<=50k
placeholder,Private,placeholder,Hs-grad,9,Married-civ-spouse,Exec-managerial,Husband,White,placeholder,0,0,40,United-states,Other-service
40,placeholder,838350,Bachelors,10,Married-civ-spouse,Exec-managerial,placeholder,placeholder,placeholder,0,0,20,United-states,<=50k
40,Private,placeholder,Some-college,16,Never-married,Transport-moving,Husband,White,Female,placeholder,placeholder,placeholder,United-states,<=50k
placeholder,placeholder,141902,Some-college,9,Married-civ-spouse,Sales,Unmarried,White,Female,0,0,16,United-states,<=50k
55,Private,78898,Masters,10,Married-civ-spouse,Sales-managerial,Not-in-family,placeholder,Male,0,placeholder,9,United-states,<=50k
40,Private,placeholder,placeholder,9,Never-married,Adm-clerical,placeholder,White,Male,placeholder,0,9,United-states,<=50k
37,Federal-gov,placeholder,Some-college,9,Married-civ-spouse,Craft-repair,Husband,White,Male,0,0,placeholder,United-states,<=50k
18,Private,1181219,Assoc-voc,9,placeholder,Prof-specialty,Own-child,White,Female,0,0,placeholder,placeholder,Assoc-acdm
placeholder,Private,131250,Assoc-voc,13,Married-civ-spouse,placeholder,Not-in-family,placeholder,Male,0,0,40,placeholder,<=50k
placeholder,placeholder,placeholder,Hs-grad,13,Married-civ-spouse,Exec-managerial,placeholder,placeholder,Female,0,0,40,United-states,<=50k
placeholder,Private,416726,placeholder,10,Married-civ-spouse,Sales,placeholder,placeholder,placeholder,0,0,35,placeholder,<=50k
40,Private,placeholder,Assoc-voc,9,Married-civ-spouse,Craft-repair,placeholder,White,Male,0,0,40,United-states,<=50k
placeholder,Private,108980,placeholder,9,Never-married,Sales,Own-child,White,Male,0,placeholder,40,United-states,Female
48,placeholder,302988,Some-college,14,Married-civ-spouse,placeholder,placeholder,White,Female,0,0,40,placeholder,<=50k
placeholder,Private,484288,Hs-grad,11,Married-civ-spouse,Transport-moving,Own-child,White,Male,0,placeholder,placeholder,United-states,<=50k
28,Private,placeholder,Some-college,14,Divorced,Exec-managerial,0,White,Male,0,placeholder,40,United-states,<=50k
placeholder,placeholder,67967,placeholder,9,Married-civ-spouse,Exec-managerial,Husband,White,Female,0,0,40,United-states,<=50k
50,Private,605085,placeholder,9,Married-civ-spouse,Adm-clerical,placeholder,White,Male,0,0,40,United-states,<=50k
placeholder,Private,61943,placeholder,placeholder,placeholder,Adm-clerical,Unmarried,White,Male,0,placeholder,placeholder,United-states,<=50k
41,placeholder,placeholder,Hs-grad,9,Married-civ-spouse,Craft-repair,Husband,placeholder,placeholder,0,placeholder,placeholder,United-states,<=50k
40,Private,placeholder,Some-college,placeholder,Never-married,Protective-serv,Husband,placeholder,Male,placeholder,placeholder,40,United-states,<=50k
76,Private,140519,Assoc-voc,9,Divorced,Sales,Own-child,placeholder,Male,0,placeholder,40,placeholder,<=50k
40,Private,61273,Hs-grad,12,Married-civ-spouse,Exec-managerial,placeholder,placeholder,Male,0,0,placeholder,placeholder,>50k
40,placeholder,122450,placeholder,2,placeholder,Other-service,Own-child,White,Male,0,0,40,United-states,<=50k
45,Private,343748,Prof-grad,placeholder,Divorced,Transport-moving,Husband,White,Male,0,0,40,United-states,<=50k
40,placeholder,95916,Hs-grad,placeholder,Married-civ-spouse,Handlers-cleaners,Unmarried,placeholder,Male,0,0,40,United-states,<=50k
60,Private,402562,Hs-grad,9,Married-civ-spouse,Handlers-cleaners,placeholder,placeholder,Female,0,0,40,placeholder,<=50k
22,placeholder,50846,Hs-grad,11,Married-civ-spouse,Prof-specialty,Husband,White,placeholder,0,0,placeholder,United-states,<=50k
placeholder,placeholder,383422,placeholder,11,Never-married,Machine-op-inspct,Husband,White,placeholder,0,placeholder,placeholder,placeholder,<=50k
40,Private,placeholder,placeholder,9,Married-civ-spouse,Craft-repair,Not-in-family,White,Male,0,placeholder,placeholder,United-states,<=50k
40,Private,placeholder,Bachelors,10,placeholder,Craft-repair,Husband,White,Male,0,0,40,placeholder,<=50k
placeholder,Local-gov,0,Some-college,10,Married-civ-spouse,Exec-managerial,Husband,White,Female,0,0,40,United-states,<=50k
placeholder,Private,954268,Hs-grad,16,Never-married,Machine-op-inspct,Husband,White,Male,0,0,placeholder,placeholder,<=50k
40,placeholder,placeholder,Hs-grad,7,Never-married,Handlers-cleaners,Husband,White,Male,0,0,40,United-states,<=50k
placeholder,Private,placeholder,placeholder,9,Married-civ-spouse,Sales,Wife,White,Male,0,0,40,placeholder,<=50k
21,Private,placeholder,10th,9,Married-civ-spouse,Sales-specialty,Husband,placeholder,Male,0,0,22,United-states,Unmarried
placeholder,Private,756300,placeholder,placeholder,Never-married,Sales,Own-child,White,Male,0,placeholder,23,United-states,<=50k
placeholder,Private,placeholder,placeholder,10,Never-married,Other-service,Own-child,White,placeholder,0,0,40,United-states,<=50k
placeholder,Private,placeholder,placeholder,7,Married-civ-spouse,Adm-clerical,Husband,White,Male,0,0,40,United-states,>50k
placeholder,Local-gov,136088,Hs-grad,10,Married-civ-spouse,Adm-clerical,Own-child,White,placeholder,placeholder,placeholder,placeholder,placeholder,<=50k
placeholder,placeholder,87317,Hs-grad,9,Married-civ-spouse,Craft-repair,Husband,White,placeholder,placeholder,0,20,United-states,<=50k
placeholder,Private,1347,Bachelors,9,Married-civ-spouse,placeholder,Own-child,placeholder,placeholder,0,0,45,United-states,<=50k
22,placeholder,placeholder,placeholder,4,Never-married,Machine-op-inspct,Not-in-family,White,Male,0,0,40,United-states,<=50k
20,placeholder,placeholder,Hs-grad,10,Divorced,Sales,placeholder,White,Male,0,0,50,United-states,<=50k
39,Private,353050k,Hs-grad,2,placeholder,Exec-managerial,Other-relative,White,Male,0,0,40,placeholder,<=50k
placeholder,placeholder,77500,Some-college,9,Separated,Prof-specialty,placeholder,White,Female,0,0,40,placeholder,<=50k
41,Private,114773,Hs-grad,9,placeholder,placeholder,placeholder,White,Male,0,0,40,placeholder,<=50k
placeholder,Private,564605,Hs-grad,10,Never-married,Other-service,placeholder,placeholder,placeholder,0,placeholder,43,United-states,<=50k
placeholder,placeholder,82464,Hs-grad,0,Married-civ-spouse,Sales,placeholder,White,Male,0,0,40,placeholder,<=50k
placeholder,Private,132401,11th,9,Married-civ-spouse,Exec-managerial,Not-in-family,White,Female,placeholder,0,placeholder,United-states,>50k
placeholder,placeholder,273973,placeholder,13,Divorced,Exec-managerial,Husband,White,placeholder,0,0,placeholder,United-states,<=50k
placeholder,placeholder,516204,placeholder,5,Married-civ-spouse,Sales,Husband,White,Female,0,placeholder,placeholder,United-states,<=50k
34,placeholder,placeholder,Hs-grad,13,Married-civ-spouse,White,Husband,White,Male,207921,0,40,United-states,<=50k
21,Private,placeholder,placeholder,16,Married-civ-spouse,Prof-specialty,Not-in-family,White,Male,0,0,placeholder,United-states,<=50k
placeholder,placeholder,58875,Bachelors,13,Divorced,Craft-repair,Not-in-family,placeholder,Male,0,0,39,United-states,<=50k
19,Private,391802,placeholder,14,Married-civ-spouse,Exec-managerial,placeholder,White,Female,0,0,40,placeholder,<=50k
placeholder,Private,56988,Hs-grad,9,placeholder,Handlers-cleaners,Husband,placeholder,Female,0,0,42,United-states,<=50k
19,placeholder,placeholder,placeholder,10,Married-civ-spouse,Craft-repair,Husband,White,Female,placeholder,placeholder,20,United-states,<=50k
35,Private,placeholder,Hs-grad,placeholder,Married-civ-spouse,Prof-specialty,Not-in-family,White,Female,0,0,placeholder,United-states,<=50k
placeholder,Private,11624,Some-college,9,Married-civ-spouse,placeholder,Unmarried,White,placeholder,0,0,93,United-states,<=50k
placeholder,placeholder,11331762,placeholder,placeholder,Married-civ-spouse,Other-service,Not-in-family,placeholder,Female,0,0,40,United-states,<=50k
placeholder,Private,147422,Hs-grad,6,Married-civ-spouse,Exec-managerial,Husband,White,Female,0,0,placeholder,United-states,<=50k
placeholder,placeholder,placeholder,Hs-grad,13,Divorced,Adm-clerical,placeholder,White,placeholder,0,0,40,placeholder,<=50k
placeholder,Private,placeholder,Hs-grad,9,Never-married,Prof-specialty,Unmarried,White,Male,0,0,40,United-states,<=50k
58,placeholder,placeholder,Hs-grad,9,placeholder,Adm-clerical,Husband,White,Male,0,0,18,placeholder,<=50k
placeholder,Private,105424,Some-college,7,Married-civ-spouse,Adm-clerical,placeholder,White,placeholder,placeholder,0,40,United-states,0
17,placeholder,404880,placeholder,9,Married-civ-spouse,Craft-repair,Husband,White,Male,placeholder,placeholder,40,United-states,<=50k
placeholder,Private,placeholder,placeholder,10,placeholder,Craft-repair,Unmarried,placeholder,Male,placeholder,placeholder,40,United-states,<=50k
18,Private,placeholder,Some-college,9,Married-civ-spouse,Transport-moving,Husband,White,Male,0,0,18,United-states,<=50k
52,Private,250150,Assoc-voc,10,Divorced,placeholder,placeholder,placeholder,placeholder,0,0,45,United-states,<=50k
placeholder,Private,353574,Masters,13,placeholder,Craft-repair,Not-in-family,White,Female,placeholder,0,40,United-states,<=50k
17,placeholder,1235894,Bachelors,9,Married-civ-spouse,Prof-specialty,Husband,White,Male,0,0,40,placeholder,<=50k
40,Private,107327,Some-college,10,Married-civ-spouse,Prof-specialty,Husband,placeholder,Female,14691,placeholder,20,United-states,>50k
40,Private,placeholder,placeholder,9,Married-civ-spouse,Sales-specialty,Own-child,White,Female,0,0,40,United-states,<=50k
40,Private,108866,Hs-grad,9,Divorced,Adm-clerical,placeholder,placeholder,Male,0,placeholder,40,United-states,<=50k
47,Private,placeholder,Some-college,9,Never-married,Machine-op-inspct,Unmarried,White,Male,0,placeholder,40,United-states,<=50k
placeholder,Private,placeholder,Hs-grad,placeholder,placeholder,placeholder,Not-in-family,White,Female,0,0,40,United-states,<=50k
placeholder,placeholder,126222313,Some-college,9,Married-civ-spouse,Exec-managerial,placeholder,White,placeholder,0,0,40,United-states,<=50k
placeholder,State-gov,placeholder,Hs-grad,9,Married-civ-spouse,Tech-support,Husband,White,Female,0,placeholder,50,United-states,<=50k
placeholder,Private,1355892,Hs-grad,13,placeholder,Prof-specialty,Husband,White,Male,0,placeholder,placeholder,United-states,<=50k
placeholder,placeholder,1250k,Hs-grad,13,Widowed,Exec-managerial,Husband,White,placeholder,0,0,40,United-states,<=50k
placeholder,Private,53578,placeholder,placeholder,Married-civ-spouse,Machine-op-inspct,placeholder,White,Male,0,placeholder,40,United-states,<=50k
placeholder,Private,placeholder,Hs-grad,placeholder,Divorced,Sales-service,Husband,White,Male,0,0,10,United-states,<=50k
50,placeholder,148872,Hs-grad,10,Married-civ-spouse,Exec-managerial,Husband,White,placeholder,0,0,40,United-states,<=50k
placeholder,placeholder,placeholder,placeholder,placeholder,placeholder,placeholder,placeholder,placeholder,placeholder,placeholder,placeholder,placeholder,placeholder,placeholder
placeholder,Private,61918,Some-college,10,Married-civ-spouse,placeholder,Husband,White,Male,0,0,50,United-states,<=50k
31,Federal-gov,placeholder,placeholder,9,Married-civ-spouse,Transport-moving,Not-in-family,White,Male,0,0,placeholder,United-states,<=50k
53,placeholder,203317,Bachelors,9,Divorced,Sales,Not-in-family,White,placeholder,0,0,placeholder,United-states,<=50k
placeholder,Self-emp-not-inc,1182453,Some-college,10,Never-married,placeholder,Not-in-family,White,Female,0,0,placeholder,United-states,<=50k
50,placeholder,0,Some-college,10,Never-married,Craft-repair,placeholder,placeholder,placeholder,0,3303,placeholder,United-states,<=50k
placeholder,Private,placeholder,placeholder,placeholder,Never-married,Transport-moving,Own-child,White,Male,0,0,40,United-states,<=50k
placeholder,placeholder,748206,Hs-grad,10,Married-civ-spouse,Machine-op-inspct,Own-child,placeholder,placeholder,0,0,40,United-states,<=50k
60,Private,placeholder,Hs-grad,4,Married-civ-spouse,placeholder,Own-child,White,Male,0,0,30,placeholder,<=50k
placeholder,Private,404826,Hs-grad,9,placeholder,Other-service,Other-relative,White,Male,0,0,placeholder,United-states,>50k
placeholder,Private,placeholder,Hs-grad,10,Never-married,placeholder,Unmarried,White,Female,0,0,40,United-states,<=50k
placeholder,Private,502813,Hs-grad,placeholder,Married-civ-spouse,Other-service,Not-in-family,White,Female,0,0,40,placeholder,<=50k
18,placeholder,272650,placeholder,13,Separated,White-specialty,Husband,White,placeholder,0,placeholder,40,United-states,<=50k
40,placeholder,136873,Hs-grad,15,Divorced,Sales,Husband,White,placeholder,0,0,40,United-states,<=50k
40,placeholder,86498,placeholder,15,Married-civ-spouse,Machine-op-inspct,placeholder,placeholder,placeholder,0,0,0,United-states,>50k
45,placeholder,497950,Hs-grad,9,Married-civ-spouse,Craft-repair,Not-in-family,White,placeholder,0,0,placeholder,placeholder,>50k
placeholder,placeholder,placeholder,placeholder,13,Married-civ-spouse,Sales,Own-child,White,Male,placeholder,placeholder,40,United-states,<=50k
32,placeholder,157973,Hs-grad,placeholder,Never-married,Handlers-cleaners,placeholder,placeholder,Female,0,0,40,placeholder,>50k
placeholder,United-states,1482798,Hs-grad,10,Married-civ-spouse,placeholder,placeholder,placeholder,Male,0,placeholder,27,placeholder,<=50k
34,placeholder,144479,Hs-grad,8,Married-civ-spouse,Exec-managerial,placeholder,White,placeholder,0,0,40,United-states,<=50k
50,Private,73579,Hs-grad,9,Never-married,Machine-op-inspct,placeholder,placeholder,placeholder,0,0,placeholder,placeholder,<=50k
placeholder,placeholder,103598,Some-college,10,Married-civ-spouse,Prof-specialty,Husband,White,placeholder,0,0,placeholder,United-states,<=50k
placeholder,Private,placeholder,Hs-grad,6,Married-civ-spouse,placeholder,Unmarried,White,Male,0,placeholder,40,United-states,<=50k
22,placeholder,placeholder,Hs-grad,placeholder,Married-civ-spouse,Prof-specialty,placeholder,White,Male,0,0,40,United-states,<=50k
placeholder,Private,131918,placeholder,9,Never-married,placeholder,Not-in-family,White,Male,0,0,40,United-states,<=50k
50,Private,148527,placeholder,9,Never-married,Adm-clerical,placeholder,White,Male,0,0,placeholder,United-states,<=50k
25,Private,placeholder,placeholder,9,Married-civ-spouse,Machine-op-inspct,placeholder,White,Male,197,0,40,United-states,<=50k
40,placeholder,0488,placeholder,9,Divorced,Other-service,Husband,placeholder,placeholder,0,0,40,United-states,<=50k
52,placeholder,0,placeholder,placeholder,Married-civ-spouse,Adm-clerical,Own-child,White,Male,0,40,40,United-states,<=50k
placeholder,Private,placeholder,Hs-grad,placeholder,Never-married,Prof-specialty,Husband,White,Male,0,placeholder,40,United-states,<=50k
placeholder,placeholder,297026,Hs-grad,10,Married-civ-spouse,Craft-repair,placeholder,White,placeholder,0,0,43,United-states,<=50k
53,Private,104950,placeholder,14,Never-married,Exec-managerial,Own-child,White,Male,0,0,40,United-states,<=50k
placeholder,Private,138528,Hs-grad,13,Married-civ-spouse,placeholder,Husband,White,Male,placeholder,placeholder,40,United-states,<=50k
placeholder,Private,placeholder,Some-college,placeholder,placeholder,Adm-clerical,Own-child,White,Male,0,placeholder,40,United-states,Married-civ-spouse
placeholder,Private,259829,placeholder,9,Never-married,Craft-repair,Husband,White,Male,0,0,40,United-states,<=50k
41,placeholder,placeholder,Hs-grad,12,Married-civ-spouse,Adm-clerical,Husband,White,placeholder,0,0,placeholder,United-states,<=50k
46,Private,71919,Bachelors,9,Married-civ-spouse,placeholder,Husband,White,Male,0,0,placeholder,United-states,<=50k
placeholder,placeholder,91956,Hs-grad,9,Married-civ-spouse,Exec-managerial,placeholder,White,Male,0,0,45,United-states,<=50k
60,placeholder,placeholder,Some-college,10,Divorced,placeholder,Own-child,White,placeholder,0,0,50,United-states,<=50k
84,placeholder,108839,Hs-grad,4,Married-civ-spouse,Adm-clerical,placeholder,placeholder,placeholder,0,0,40,placeholder,Husband
placeholder,Private,141913,placeholder,10,Divorced,Exec-managerial,placeholder,White,Male,0,placeholder,40,placeholder,<=50k
placeholder,Private Private,placeholder,Hs-grad,10,Married-civ-spouse,Sales,Husband,placeholder,placeholder,0,0,40,placeholder,>50k
46,placeholder,placeholder,Bachelors,10,Never-married,Craft-repair,Husband,White,Female,0,0,40,United-states,<=50k
44,Private,placeholder,Some-college,9,Divorced,Exec-managerial,placeholder,White,Male,0,0,placeholder,placeholder,<=50k
36,Private,placeholder,placeholder,placeholder,Never-married,Protective-serv,Own-child,White,Male,placeholder,0,placeholder,United-states,<=50k
40,Private,139519,Some-college,13,Married-civ-spouse,Other-service,placeholder,White,Male,0,placeholder,40,placeholder,>50k
placeholder,Private,97931,Hs-grad,9,Married-civ-spouse,Exec-managerial,Unmarried,White,Male,0,placeholder,40,United-states,<=50k
placeholder,placeholder,93598,Hs-grad,9,Married-civ-spouse,Craft-repair,Not-in-family,White,Male,0,0,40,United-states,>50k
39,placeholder,113920,Hs-grad,9,Married-civ-spouse,Transport-moving,placeholder,White,placeholder,0,0,40,United-states,<=50k
placeholder,placeholder,94562,Some-college,10,Married-civ-spouse,Sales is?,Husband,placeholder,placeholder,0,placeholder,40,United-states,<=50k
placeholder,placeholder,placeholder,Bachelors,9,Married-civ-spouse,placeholder,placeholder,White,Female,0,0,40,United-states,<=50k
38,Private,10479836,placeholder,7,Married-civ-spouse,Adm-clerical,placeholder,White,Male,0,0,40,United-states,<=50k
placeholder,Private,placeholder,placeholder,9,placeholder,Adm-clerical,Husband,White,Male,0,0,40,placeholder,<=50k
placeholder,placeholder,1395934,placeholder,10,Married-civ-spouse,Other-service,Husband,White,Male,placeholder,placeholder,50,United-states,>50k
placeholder,Private,115819,placeholder,10,Never-married,placeholder,Husband,White,Male,0,placeholder,40,United-states,<=50k
placeholder,Private,919300,Hs-grad,9,Married-civ-spouse,placeholder,Husband,placeholder,Male,0,0,40,United-states,<=50k
35,Private,placeholder,Hs-grad,5,Married-civ-spouse,Adm-clerical,Wife,White,Male,0,0,40,United-states,>50k
60,Private,62898,Hs-grad,9,Married-civ-spouse,Prof-specialty,Husband,White,Male,0,placeholder,32,United-states,<=50k
40,placeholder,139950,Hs-grad,13,Married-civ-spouse,Craft-repair,placeholder,White,Male,0,0,placeholder,United-states,>50k
placeholder,placeholder,placeholder,placeholder,placeholder,placeholder,placeholder,placeholder,placeholder,placeholder,placeholder,placeholder,placeholder,placeholder,placeholder
17,placeholder,128510,Some-college,10,Married-civ-spouse,Sales-managerial,Not-in-family,White,Female,0,0,27,United-states,<=50k
50,placeholder,133613,Hs-grad,placeholder,Married-civ-spouse,Other-service,placeholder,Asian-pac-islander,placeholder,0,0,40,United-states,<=50k
40,Private,placeholder,Bachelors,10,Married-civ-spouse,White,placeholder,White,Female,0,0,9,United-states,<=50k
placeholder,Private,placeholder,Hs-grad,10,placeholder,Farming-fishing,Not-in-family,White,Male,0,0,40,United-states,<=50k
40,placeholder,38600,Hs-grad,10,Married-civ-spouse,Craft-repair,placeholder,placeholder,placeholder,0,0,50,United-states,<=50k
placeholder,Private,114412,placeholder,9,Married-civ-spouse,Craft-repair,Unmarried,White,Male,0,0,20,United-states,Private
placeholder,Private,placeholder,Hs-grad,placeholder,Married-civ-spouse,Exec-managerial,Not-in-family,White,Male,0,placeholder,40,United-states,Married-civ-spouse
45,State-gov,256462,Some-college,9,Married-civ-spouse,Transport-moving,Unmarried,placeholder,Male,placeholder,0,placeholder,United-states,<=50k
placeholder,Private,placeholder,7th-8th,14,Married-civ-spouse,Craft-repair,placeholder,placeholder,Male,0,0,placeholder,placeholder,<=50k
placeholder,placeholder,placeholder,Bachelors,9,Never-married,Craft-repair,placeholder,placeholder,Male,0,0,39,placeholder,<=50k
placeholder,Self-emp-not-inc,14165465,placeholder,10,Married-civ-spouse,placeholder,Not-in-family,White,Female,0,0,placeholder,United-states,<=50k
40,Private,placeholder,Hs-grad,16,Married-civ-spouse,Sales-per-week,placeholder,placeholder,placeholder,0,0,40,United-states,<=50k
80,placeholder,placeholder,Hs-grad,9,Married-civ-spouse,placeholder,placeholder,White,Male,0,0,39,United-states,<=50k
placeholder,Private,placeholder,placeholder,15,Never-married,Adm-clerical,placeholder,Asian-pac-islander,Female,0,placeholder,43,United-states,<=50k
placeholder,Private,placeholder,placeholder,10,Married-civ-spouse,Adm-clerical,Husband,White,Male,0,0,40,placeholder,<=50k
55,Private,placeholder,Hs-grad,7,Never-married,placeholder,placeholder,placeholder,Male,0,0,40,placeholder,<=50k
25,placeholder,placeholder,11th,placeholder,Never-married,Other-service,placeholder,White,Female,0,placeholder,40,United-states,<=50k
40,Private,61955,Hs-grad,4,Married-civ-spouse,Other-service,placeholder,White,Male,0,0,40,United-states,<=50k
placeholder,Private,144596,Hs-grad,9,Never-married,Protective-serv,Husband,White,placeholder,placeholder,placeholder,40,United-states,<=50k
40,Private,171936,Hs-grad,placeholder,Married-civ-spouse,Craft-repair,placeholder,placeholder,Male,0,0,0,United-states,<=50k
placeholder,placeholder,placeholder,11th,9,Married-civ-spouse,Craft-repair,Husband,White,Female,0,0,13,United-states,<=50k
placeholder,Private,71279,Hs-grad,10,Married-civ-spouse,placeholder,Not-in-family,placeholder,placeholder,placeholder,0,40,United-states,>50k
placeholder,Private,495026,placeholder,13,placeholder,Prof-specialty,Unmarried,White,Male,0,0,placeholder,United-states,<=50k
placeholder,placeholder,placeholder,Hs-grad,3,Married-civ-spouse,Adm-clerical,Own-child,Black,placeholder,0,1881,placeholder,placeholder,<=50k
31,placeholder,placeholder,Some-college,5,Married-civ-spouse,Tech-support,Husband,White,placeholder,0,0,placeholder,United-states,<=50k
50,placeholder,placeholder,placeholder,10,Married-civ-spouse,Machine-op-inspct,Husband,White,Male,0,4266,placeholder,United-states,<=50k
placeholder,placeholder,placeholder,Hs-grad,9,Married-civ-spouse,Prof-specialty,placeholder,placeholder,Female,0,0,40,United-states,<=50k
50,Private,placeholder,Hs-grad,10,Never-married,placeholder,Husband,White,Male,0,0,placeholder,United-states,<=50k
39,Self-emp-not-inc,184545,Assoc-voc,8,Married-civ-spouse,placeholder,placeholder,placeholder,Male,placeholder,0,40,placeholder,<=50k
placeholder,placeholder,147536,Hs-grad,placeholder,Married-civ-spouse,Adm-clerical,Husband,White,placeholder,0,0,40,United-states,<=50k
40,Self-emp-not-inc,placeholder,Hs-grad,9,Married-civ-spouse,Prof-specialty,Not-in-family,placeholder,Male,0,0,40,United-states,<=50k
placeholder,placeholder,71944,placeholder,9,Married-civ-spouse,Prof-specialty,Own-child,White,placeholder,0,placeholder,placeholder,Cambodia,<=50k
52,Private,placeholder,Hs-grad,9,Married-civ-spouse,Transport-moving,placeholder,White,Male,0,0,40,placeholder,<=50k
placeholder,Private,placeholder,Some-college,9,Married-civ-spouse,Machine-op-inspct,Not-in-family,White,Female,0,0,placeholder,United-states,White
placeholder,Private,placeholder,Bachelors,placeholder,Married-civ-spouse,Prof-specialty,Husband,White,Male,0,0,40,United-states,>50k
placeholder,placeholder,386089,placeholder,11,Never-married,Prof-specialty,placeholder,White,placeholder,0,0,27,placeholder,<=50k
placeholder,Private,placeholder,Assoc-voc,10,placeholder,Craft-repair,Not-in-family,White,Male,0,0,40,placeholder,<=50k
21,Private,placeholder,placeholder,16,Never-married,placeholder,placeholder,placeholder,Male,0,0,55,United-states,<=50k
26,placeholder,755016,Some-college,10,Married-civ-spouse,Craft-repair,placeholder,White,placeholder,0,0,52,United-states,<=50k
placeholder,Private,placeholder,Hs-grad,14,Married-civ-spouse,placeholder,Husband,White,Male,0,0,40,United-states,<=50k
26,Private,203899,Hs-grad,16,Married-civ-spouse,Sales,placeholder,placeholder,placeholder,0,0,40,United-states,<=50k
40,Private,132448,Hs-grad,9,placeholder,placeholder,Husband,White,Male,0,0,40,United-states,<=50k
placeholder,Private,61951,Hs-grad,placeholder,Never-married,Craft-repair,Husband,White,Female,0,placeholder,40,placeholder,<=50k
36,placeholder,306074,Some-college,9,placeholder,placeholder,Unmarried,White,placeholder,230013,0,placeholder,placeholder,<=50k
placeholder,Private,125092,Some-college,4,Married-civ-spouse,Other-service,Unmarried,White,Male,placeholder,placeholder,40,United-states,<=50k
43,Private,131902,placeholder,13,Never-married,Exec-managerial,placeholder,placeholder,Male,0,placeholder,40,United-states,<=50k
placeholder,placeholder,placeholder,Hs-grad,9,Married-civ-spouse,placeholder,placeholder,White,Male,0,0,40,placeholder,<=50k
49,placeholder,placeholder,placeholder,9,Divorced,Sales-serv,placeholder,White,placeholder,0,placeholder,39,United-states,<=50k
46,placeholder,7388615,Bachelors,13,Married-civ-spouse,Exec-managerial,placeholder,White,Female,0,0,40,United-states,<=50k
40,placeholder,placeholder,Some-college,9,Married-civ-spouse,Other-service,Own-child,placeholder,placeholder,0,0,40,United-states,<=50k
25,Private,0,Some-college,8,Divorced,Adm-clerical,Own-child,White,placeholder,0,0,40,United-states,<=50k
placeholder,Private,placeholder,Hs-grad,placeholder,Married-civ-spouse,Craft-repair,Not-in-family,White,Female,0,0,placeholder,United-states,<=50k
80,placeholder,493587,Hs-grad,9,Divorced,Sales are?,placeholder,White,placeholder,0,0,48,United-states,<=50k
40,Private,placeholder,Hs-grad,10,Married-civ-spouse,Craft-repair,Wife,White,Male,0,placeholder,40,United-states,<=50k
43,placeholder,10387850,placeholder,9,Married-civ-spouse,Exec-managerial,placeholder,White,placeholder,0,0,placeholder,United-states,<=50k
placeholder,Federal-gov,61824,Hs-grad,12,placeholder,Craft-repair,Not-in-family,placeholder,placeholder,0,0,30,United-states,<=50k
35,Private,131325,Hs-grad,10,Married-civ-spouse,placeholder,placeholder,placeholder,Male,0,0,40,placeholder,<=50k
placeholder,Private,placeholder,placeholder,10,Never-married,Exec-managerial,Husband,White,Male,1885,placeholder,50,United-states,<=50k
40,placeholder,137319,placeholder,9,Married-civ-spouse,Prof-specialty,Husband,White,Male,0,0,placeholder,placeholder,<=50k
48,Private,1350k,placeholder,9,Married-civ-spouse,Exec-managerial,placeholder,placeholder,Male,0,0,40,United-states,<=50k
<=50k,Private,placeholder,Hs-grad,9,Married-civ-spouse,Craft-repair,Own-child,White,Male,0,0,36,United-states,>50k
placeholder,Private,placeholder,Some-college,10,Married-civ-spouse,placeholder,Own-child,White,Male,0,0,40,United-states,<=50k
50,Private,95550,placeholder,9,Never-married,Sales,Not-in-family,White,Female,0,0,40,placeholder,>50k
53,Private,131955,Some-college,10,Married-civ-spouse,Prof-specialty,Not-in-family,White,Male,placeholder,placeholder,22,United-states,>50k
25,Private,placeholder,placeholder,9,Married-civ-spouse,Prof-specialty,Husband,White,placeholder,0,0,40,United-states,0
48,placeholder,placeholder,placeholder,10,Married-civ-spouse,Prof-specialty,Husband,White,Male,0,0,placeholder,United-states,<=50k
placeholder,placeholder,458049,placeholder,9,Never-married,Craft-repair,Not-in-family,White,Male,0,0,placeholder,United-states,<=50k
placeholder,Private,128580,placeholder,10,Married-civ-spouse,Other-service,Husband,placeholder,Male,placeholder,placeholder,placeholder,United-states,<=50k
placeholder,Private,733682,Bachelors,9,Married-civ-spouse,Sales,Not-in-family,White,Male,0,0,40,United-states,<=50k
40,placeholder,placeholder,11th,9,Married-civ-spouse,Sales-specialty,placeholder,White,Male,0,0,placeholder,United-states,<=50k
placeholder,Private,placeholder,Hs-grad,9,Married-civ-spouse,Transport-moving,Husband,White,Male,0,0,placeholder,United-states,Bachelors
placeholder,Private,144962,placeholder,placeholder,Divorced,Sales,placeholder,Black,placeholder,0,0,placeholder,United-states,<=50k
placeholder,Private,placeholder,Hs-grad,9,Never-married,Craft-repair,Husband,White,Male,0,placeholder,40,United-states,<=50k
placeholder,Private,placeholder,<=50k,7,Married-civ-spouse,Exec-managerial,placeholder,White,Male,0,0,57,placeholder,<=50k
40,Private,133343,10th,7,Married-civ-spouse,Exec-managerial,placeholder,White,Male,0,placeholder,40,United-states,>50k
placeholder,Private,61279,Hs-grad,10,placeholder,Sales-specialty,Not-in-family,White,Male,0,0,placeholder,United-states,<=50k
placeholder,placeholder,326424,placeholder,12,Divorced,Sales,placeholder,placeholder,placeholder,0,0,40,placeholder,<=50k
31,Private,placeholder,Hs-grad,placeholder,Married-civ-spouse,Craft-repair,Not-in-family,White,Male,30,0,9,United-states,>50k
43,placeholder,153918,Bachelors,13,Married-civ-spouse,Sales,placeholder,placeholder,Male,0,0,28,United-states,<=50k
40,Private,placeholder,Hs-grad,14,Married-civ-spouse,Adm-clerical,placeholder,placeholder,placeholder,0,0,40,Canada,<=50k
placeholder,Private,91395,placeholder,placeholder,placeholder,Other-service,Unmarried,White,Female,0,placeholder,placeholder,United-states,<=50k
27,Private,142485,Hs-grad,9,Never-married,Craft-repair,placeholder,Husband,Male,0,0,40,United-states,<=50k
placeholder,Private,placeholder,Hs-grad,placeholder,Never-married,placeholder,Husband,White,Male,0,0,34,United-states,<=50k
placeholder,placeholder,85899,placeholder,5,Married-civ-spouse,Craft-repair,Own-child,Asian-pac-islander,Male,0,0,placeholder,United-states,<=50k
placeholder,Private,placeholder,Masters,10,Never-married,Exec-managerial,placeholder,placeholder,Male,0,0,40,placeholder,<=50k
19,placeholder,placeholder,Bachelors,14,Never-married,Craft-repair,placeholder,White,placeholder,0,placeholder,40,United-states,<=50k
placeholder,placeholder,161951,Bachelors,6,placeholder,Adm-clerical,placeholder,White,Male,placeholder,0,40,United-states,<=50k
placeholder,placeholder,107979,placeholder,9,Never-married,Prof-specialty,Husband,White,Female,0,0,40,United-states,<=50k
placeholder,Private,1306085,placeholder,7,Never-married,Sales-specialty,placeholder,White,Female,0,0,40,United-states,0
placeholder,Private,placeholder,placeholder,10,Never-married,placeholder,Husband,White,Male,0,0,placeholder,United-states,<=50k
55,Private,placeholder,Hs-grad,9,Never-married,Craft-repair,Husband,White,Male,placeholder,0,placeholder,United-states,>50k
placeholder,Private,568800,Hs-grad,13,Married-civ-spouse,placeholder,placeholder,placeholder,Female,placeholder,placeholder,40,United-states,<=50k
27,placeholder,72494,Hs-grad,10,Married-civ-spouse,Tech-repair,Husband,placeholder,Male,0,0,32,United-states,<=50k
placeholder,placeholder,56854,placeholder,12,Married-civ-spouse,Exec-managerial,Husband,White,Male,0,0,40,United-states,<=50k
placeholder,placeholder,placeholder,Hs-grad,placeholder,Divorced,Adm-clerical,Unmarried,White,Male,0,placeholder,placeholder,United-states,<=50k
placeholder,placeholder,73688,Bachelors,9,Never-married,Other-service,Husband,White,Female,0,0,40,placeholder,<=50k
50,Private,placeholder,Bachelors,11,Married-civ-spouse,Machine-op-inspct,Husband,White,Male,0,placeholder,40,United-states,>50k
placeholder,placeholder,253850,Some-college,5,Married-civ-spouse,Prof-specialty,Not-in-family,White,Male,0,0,40,United-states,<=50k
placeholder,Private,133979,Bachelors,placeholder,Divorced,Exec-managerial,Husband,White,Male,0,placeholder,placeholder,United-states,<=50k
40,placeholder,139924,Hs-grad,13,Married-civ-spouse,Craft-repair,placeholder,White,Male,0,0,40,placeholder,<=50k
placeholder,Private,210521,Assoc-voc,9,Married-civ-spouse,Transport-moving,Own-child,Asian-pac-islander,Female,0,placeholder,placeholder,United-states,<=50k
placeholder,Private,placeholder,placeholder,9,Married-civ-spouse,Exec-managerial,placeholder,White,Male,0,0,40,United-states,<=50k
40,Private,placeholder,Hs-grad,placeholder,Never-married,Sales,Husband,White,Male,0,0,40,United-states,<=50k
placeholder,Private,94416,placeholder,9,Married-civ-spouse,Adm-clerical,placeholder,White,Male,0,0,40,United-states,<=50k
placeholder,Private,placeholder,Hs-grad,10,Married-civ-spouse,Adm-clerical,Not-in-family,placeholder,Female,placeholder,placeholder,19,United-states,<=50k
40,Private,placeholder,placeholder,placeholder,Married-civ-spouse,Craft-repair,Husband,White,placeholder,0,0,13,United-states,<=50k
35,Private,71885,placeholder,9,Married-civ-spouse,placeholder,Own-child,placeholder,Female,0,0,placeholder,United-states,<=50k
placeholder,Private,357950,placeholder,9,Married-civ-spouse,Transport-moving,placeholder,White,placeholder,placeholder,placeholder,20,United-states,<=50k
50,placeholder,144726,Some-college,16,Married-civ-spouse,placeholder,Husband,placeholder,placeholder,0,0,10,placeholder,<=50k
75,Private,placeholder,Hs-grad,placeholder,placeholder,Other-service,Husband,White,Male,0,0,40,United-states,>50k
28,placeholder,placeholder,Hs-grad,9,Married-civ-spouse,Transport-moving,Husband,White,Male,0,0,40,United-states,<=50k
60,placeholder,141298,Masters,10,Divorced,Adm-clerical,placeholder,White,placeholder,0,0,placeholder,United-states,<=50k
placeholder,Private,49613,placeholder,14,Never-married,Craft-repair,Unmarried,White,Male,0,placeholder,25,United-states,<=50k
38,placeholder,132449,11th,11,placeholder,Craft-repair,Husband,White,Male,0,placeholder,22,United-states,<=50k
placeholder,placeholder,117931,placeholder,placeholder,Married-civ-spouse,Transport-moving,Husband,White,Male,0,0,placeholder,United-states,<=50k
48,Private,137411,placeholder,placeholder,Never-married,Craft-repair,Husband,White,Male,0,placeholder,22,United-states,>50k
placeholder,Private,558323,Hs-grad,9,Married-civ-spouse,Craft-repair,Husband,placeholder,Male,0,placeholder,40,United-states,<=50k
40,placeholder,138501,placeholder,10,Married-civ-spouse,Craft-repair,Own-child,White,placeholder,0,1390,58,United-states,<=50k
60,Private,1456079,placeholder,9,Never-married,Sales,placeholder,White,Male,placeholder,0,placeholder,United-states,<=50k
20,Private,507878,placeholder,10,Married-civ-spouse,Sales,Husband,White,Male,0,placeholder,placeholder,United-states,<=50k
40,Private,placeholder,placeholder,10,Married-civ-spouse,Prof-specialty,Not-in-family,White,Male,0,placeholder,placeholder,United-states,<=50k
50,placeholder,125985,Hs-grad,10,Divorced,Exec-managerial,placeholder,White,placeholder,0,0,40,United-states,<=50k
25,placeholder,placeholder,Masters,9,Married-civ-spouse,Transport-moving,Husband,White,Male,0,0,55,United-states,<=50k
placeholder,Private,placeholder,Some-college,10,Married-civ-spouse,placeholder,Husband,White,Male,0,0,40,United-states,Private
placeholder,Private,placeholder,placeholder,10,Separated,Adm-clerical,placeholder,White,Male,0,0,45,placeholder,<=50k
41,Private,121201,Bachelors,10,Never-married,placeholder,placeholder,White,Male,0,0,40,placeholder,>50k
35,placeholder,placeholder,Hs-grad,9,Married-civ-spouse,Exec-managerial,Husband,White,Male,0,0,40,United-states,<=50k
38,placeholder,1013423,Hs-grad,9,Never-married,Adm-clerical,Husband,placeholder,Male,0,0,40,United-states,>50k
25,placeholder,placeholder,Some-college,9,Married-civ-spouse,Farming-fishing,Own-child,White,Male,0,0,32,United-states,>50k
placeholder,Private,placeholder,Hs-grad,10,Never-married,Farming-fishing,Wife,White,Male,0,0,40,United-states,<=50k
40,placeholder,86656,Hs-grad,10,Never-married,Exec-managerial,placeholder,White,Female,0,0,35,placeholder,>50k
70,Private,placeholder,placeholder,10,Married-civ-spouse,Prof-specialty,Own-child,White,Male,0,placeholder,35,United-states,<=50k
40,Private,placeholder,placeholder,placeholder,Divorced,Exec-managerial,Husband,White,Male,0,0,40,placeholder,<=50k
20,placeholder,137534,Hs-grad,5,Married-civ-spouse,Exec-managerial,Own-child,White,placeholder,0,placeholder,40,placeholder,<=50k
placeholder,Private,141959,Hs-grad,placeholder,Married-civ-spouse,placeholder,Not-in-family,White,placeholder,0,0,50,United-states,<=50k
42,Private,placeholder,Some-college,9,Never-married,Adm-clerical,Husband,White,Male,0,placeholder,40,United-states,<=50k
placeholder,Self-emp-not-inc,placeholder,Hs-grad,9,Widowed,placeholder,Husband,White,Male,0,placeholder,40,United-states,<=50k
59,Private,91219,placeholder,9,Divorced,Adm-clerical,Husband,White,Male,placeholder,placeholder,55,United-states,<=50k
40,placeholder,0,Bachelors,9,Divorced,placeholder,Not-in-family,White,Male,0,placeholder,40,United-states,<=50k
45,Private,placeholder,placeholder,9,Married-civ-spouse,Machine-op-inspct,placeholder,placeholder,Female,0,0,50,United-states,<=50k
placeholder,placeholder,placeholder,placeholder,10,Never-married,Other-service,Husband,White,placeholder,placeholder,0,40,United-states,<=50k
40,Private,384866,Bachelors,13,Married-civ-spouse,Prof-specialty,Own-child,White,placeholder,0,placeholder,30,United-states,<=50k
50,Private,96588,Hs-grad,9,Divorced,Exec-managerial,placeholder,White,Male,0,0,placeholder,United-states,<=50k
18,placeholder,154962,Hs-grad,10,Divorced,Craft-repair,Husband,White,Male,0,placeholder,placeholder,United-states,<=50k
placeholder,Private,124952,placeholder,9,Never-married,Exec-managerial,placeholder,placeholder,Male,0,placeholder,60,placeholder,<=50k
placeholder,placeholder,135043,Hs-grad,13,Married-civ-spouse,Sales,placeholder,White,placeholder,0,0,placeholder,United-states,<=50k
placeholder,placeholder,205542,Hs-grad,8,Never-married,Prof-specialty,Husband,White,Female,0,placeholder,40,United-states,<=50k
26,placeholder,placeholder,Hs-grad,9,Married-civ-spouse,Sales,placeholder,White,placeholder,0,0,0,placeholder,<=50k
50,placeholder,99520,Bachelors,9,Never-married,Sales,placeholder,placeholder,placeholder,0,0,20,United-states,<=50k
42,Private,placeholder,Some-college,12,Never-married,Sales,Husband,placeholder,Male,0,0,placeholder,United-states,<=50k
40,Private,78988,Doctorate,9,Married-civ-spouse,Adm-clerical,Own-child,White,Female,0,placeholder,40,United-states,<=50k
placeholder,Private,61944,Bachelors,10,placeholder,placeholder,Husband,placeholder,Male,0,0,40,placeholder,<=50k
placeholder,placeholder,54624,Some-college,5,Never-married,Craft-repair,Husband,White,placeholder,0,0,40,United-states,<=50k
placeholder,Private,1452624,Bachelors,10,placeholder,Craft-repair,placeholder,White,Male,0,0,placeholder,United-states,<=50k
placeholder,Private,130719,Hs-grad,11,Never-married,Craft-repair,Not-in-family,placeholder,Male,0,0,33,placeholder,<=50k
17,placeholder,97550,placeholder,6,Married-civ-spouse,Craft-repair,placeholder,0,0,0,placeholder,40,Cambodia,<=50k
31,placeholder,4795596,Bachelors,13,Married-civ-spouse,Prof-specialty,placeholder,placeholder,Male,0,0,40,United-states,<=50k
40,Private,placeholder,Hs-grad,9,Married-civ-spouse,Prof-specialty,Not-in-family,White,Male,0,0,placeholder,United-states,Bachelors
55,placeholder,93479,placeholder,10,Married-civ-spouse,Machine-op-inspct,Husband,White,Male,placeholder,placeholder,40,United-states,<=50k
30,placeholder,354830,11th,placeholder,Married-civ-spouse,Adm-clerical,Own-child,White,placeholder,0,placeholder,40,United-states,<=50k
60,Private,placeholder,Bachelors,16,Never-married,Adm-clerical,Husband,White,Male,0,0,placeholder,United-states,<=50k
placeholder,Private,placeholder,Bachelors,placeholder,Married-civ-spouse,Exec-managerial,Not-in-family,White,Male,0,0,placeholder,United-states,<=50k
placeholder,Private,9797898,placeholder,placeholder,Never-married,Adm-clerical,Not-in-family,White,Male,0,0,13,United-states,<=50k
40,placeholder,placeholder,placeholder,9,Married-civ-spouse,placeholder,Unmarried,White,Male,0,0,35,United-states,>50k
25,placeholder,placeholder,Assoc-voc,9,Never-married,placeholder,Unmarried,White,Male,72385,0,40,United-states,<=50k
placeholder,placeholder,132914,Hs-grad,13,Married-civ-spouse,Protective-servant,Not-in-family,White,Male,0,0,placeholder,placeholder,<=50k
41,placeholder,147955,Bachelors,11,Married-civ-spouse,Craft-repair,placeholder,placeholder,placeholder,0,0,placeholder,United-states,<=50k
18,placeholder,0,Some-college,15,Divorced,Craft-repair,Husband,White,placeholder,0,0,40,United-states,<=50k
placeholder,placeholder,82488,Hs-grad,9,Married-civ-spouse,Other-service,Not-in-family,placeholder,Male,0,placeholder,34,United-states,>50k
placeholder,Private,181473,Hs-grad,13,Married-civ-spouse,Craft-repair,placeholder,placeholder,placeholder,0,0,40,United-states,<=50k
31,placeholder,placeholder,Hs-grad,10,Widowed,Exec-managerial,Own-child,White,Male,0,0,placeholder,United-states,<=50k
40,Private,placeholder,Bachelors,4,Divorced,Adm-clerical,Own-child,placeholder,Male,0,0,40,United-states,<=50k
45,Private,295055,Some-college,10,Never-married,placeholder,Not-in-family,White,Male,0,0,placeholder,United-states,>50k
76,placeholder,placeholder,Hs-grad,9,Married-civ-spouse,Adm-clerical,Husband,White,Male,0,0,40,placeholder,<=50k
placeholder,Private,86775,placeholder,placeholder,Never-married,Prof-specialty,Not-in-family,White,Female,0,0,placeholder,United-states,<=50k
40,Private,41452462,placeholder,9,placeholder,Sales,Own-child,Black,Male,placeholder,placeholder,39,United-states,<=50k
57,Private,placeholder,Bachelors,10,Married-civ-spouse,Prof-specialty,Unmarried,White,Male,0,0,placeholder,United-states,<=50k
45,Private,207950,placeholder,9,Married-civ-spouse,placeholder,Own-child,White,Male,0,placeholder,20,United-states,9
55,placeholder,328799,Hs-grad,10,Never-married,Craft-repair,Not-in-family,placeholder,placeholder,0,placeholder,34,United-states,<=50k
placeholder,Private,1451365,Hs-grad,9,placeholder,Craft-repair,Own-child,White,Male,0,0,placeholder,placeholder,<=50k
23,Private,placeholder,Hs-grad,10,Married-civ-spouse,placeholder,Not-in-family,placeholder,Male,0,0,placeholder,United-states,0
39,Private,255871,placeholder,9,Married-civ-spouse,Transport-moving-moving,placeholder,White,Male,0,placeholder,placeholder,United-states,<=50k
placeholder,Private,67550,placeholder,14,Never-married,Exec-managerial,placeholder,placeholder,placeholder,0,0,93,United-states,<=50k
40,placeholder,placeholder,placeholder,7,Married-civ-spouse,Machine-op-inspct,Husband,White,Male,0,placeholder,placeholder,United-states,<=50k
placeholder,Private,placeholder,placeholder,10,Never-married,Prof-specialty,Husband,White,Female,0,0,40,United-states,<=50k
placeholder,placeholder,381985,Hs-grad,13,Married-civ-spouse,Craft-repair,placeholder,placeholder,Male,0,0,40,United-states,<=50k
placeholder,Private,placeholder,Hs-grad,4,Married-civ-spouse,Prof-specialty,placeholder,White,Male,0,placeholder,9,United-states,<=50k
placeholder,Private,328712,Hs-grad,5,Married-civ-spouse,placeholder,placeholder,placeholder,Male,0,0,40,placeholder,<=50k
placeholder,Private,607580,Bachelors,13,Married-civ-spouse,Prof-specialty,Own-child,White,placeholder,placeholder,placeholder,40,United-states,<=50k
39,Private,602488,Hs-grad,13,Married-civ-spouse,Sales-managerial,placeholder,White,Male,0,0,placeholder,United-states,<=50k
placeholder,Private,108524,Some-college,9,Married-civ-spouse,placeholder,placeholder,placeholder,Male,0,0,19,placeholder,<=50k
placeholder,Private,placeholder,placeholder,15,Divorced,Exec-managerial,placeholder,Black,Female,0,0,placeholder,United-states,<=50k
17,placeholder,10288850,11th,14,Married-civ-spouse,Adm-clerical,placeholder,White,Male,0,placeholder,40,United-states,<=50k
placeholder,Private,131911,Bachelors,10,Married-civ-spouse,Craft-repair,placeholder,White,placeholder,0,0,40,United-states,<=50k
placeholder,Private,placeholder,Hs-grad,placeholder,placeholder,placeholder,Not-in-family,White,Male,0,0,placeholder,United-states,<=50k
49,Private,placeholder,Bachelors,13,Never-married,Adm-clerical,placeholder,White,Male,0,0,9,placeholder,<=50k
49,Private,118275,placeholder,16,Divorced,Sales,placeholder,White,Male,0,0,placeholder,placeholder,<=50k
placeholder,Private,116085,Hs-grad,9,Married-civ-spouse,Other-service,Unmarried,White,Male,0,placeholder,9,United-states,White
placeholder,Private,67218,Hs-grad,13,placeholder,Craft-repair,placeholder,Black,Female,0,0,placeholder,United-states,<=50k
20,Private,placeholder,Assoc-vocian-num,13,Widowed,Prof-specialty,placeholder,White,Male,0,0,placeholder,United-states,<=50k
30,placeholder,placeholder,Bachelors,9,Never-married,placeholder,Husband,placeholder,placeholder,0,0,40,placeholder,<=50k
40,placeholder,placeholder,Masters,16,Married-civ-spouse,Exec-managerial,Husband,White,Male,0,0,40,placeholder,<=50k
40,placeholder,placeholder,Bachelors,10,Married-civ-spouse,Adm-clerical,placeholder,White,Male,0,0,placeholder,United-states,<=50k
placeholder,placeholder,1457514,Bachelors,6,Married-civ-spouse,placeholder,placeholder,placeholder,placeholder,0,0,40,United-states,<=50k
placeholder,placeholder,placeholder,Some-college,13,Never-married,Prof-specialty,Husband,White,placeholder,0,0,placeholder,United-states,<=50k
45,placeholder,303498,Hs-grad,14,Married-civ-spouse,Craft-repair,placeholder,White,placeholder,0,0,40,United-states,Hs-grad
46,Private,040413,Hs-grad,14,Never-married,Protective-serv,placeholder,White,Male,0,0,placeholder,placeholder,<=50k
placeholder,Private,63712,11th,10,placeholder,placeholder,Not-in-family,White,Male,0,0,20,placeholder,<=50k
placeholder,Private,85950,placeholder,10,Never-married,Craft-repair,Husband,placeholder,Male,0,placeholder,57,United-states,<=50k
55,placeholder,placeholder,placeholder,9,Married-civ-spouse,Machine-op-inspct,Unmarried,placeholder,placeholder,0,0,40,United-states,<=50k
19,placeholder,104486,placeholder,4,Married-civ-spouse,Craft-repair,Husband,White,placeholder,0,placeholder,placeholder,United-states,<=50k
placeholder,placeholder,0307,Bachelors,13,Married-civ-spouse,Sales,Unmarried,White,Female,placeholder,placeholder,40,United-states,<=50k
40,placeholder,968249,Bachelors,9,Married-civ-spouse,Machine-op-inspct,Own-child,White,Male,0,0,40,United-states,<=50k
40,Private,placeholder,Assoc-voc,16,Never-married,Exec-managerial,Not-in-family,White,Male,0,placeholder,40,placeholder,<=50k
placeholder,Private,551955,Hs-grad,10,Divorced,placeholder,Not-in-family,White,Female,placeholder,0,45,United-states,>50k
40,Private,placeholder,Some-college,10,Divorced,placeholder,placeholder,placeholder,Male,0,0,40,United-states,>50k
40,placeholder,67224,Bachelors,13,Never-married,placeholder,Not-in-family,placeholder,Male,0,0,40,United-states,<=50k
placeholder,Private,103648,Hs-grad,5,Married-civ-spouse,placeholder,Own-child,placeholder,placeholder,0,0,40,United-states,<=50k
40,Private,placeholder,Hs-grad,10,Never-married,Exec-managerial,Own-child,White,placeholder,0,0,40,United-states,<=50k
placeholder,placeholder,0,placeholder,9,Married-civ-spouse,Craft-repair,placeholder,White,Male,placeholder,0,placeholder,United-states,<=50k
placeholder,placeholder,65670,Bachelors,10,Never-married,Exec-managerial,Unmarried,White,Male,placeholder,placeholder,45,United-states,<=50k
placeholder,Private,1486092,Bachelors,12,Married-civ-spouse,Prof-specialty,Not-in-family,placeholder,Female,0,placeholder,placeholder,United-states,<=50k
40,Private,placeholder,Hs-grad,10,Married-civ-spouse,Sales,placeholder,White,Male,placeholder,placeholder,placeholder,United-states,<=50k
placeholder,placeholder,1450k,placeholder,9,Married-civ-spouse,Other-service,placeholder,White,placeholder,0,0,40,United-states,<=50k
50,Private,placeholder,Hs-grad,13,Divorced,Protective-serv,Husband,White,Male,0,placeholder,65,United-states,<=50k
40,Private,placeholder,Hs-grad,9,Never-married,Adm-clerical,Not-in-family,White,Female,0,0,40,United-states,<=50k
40,placeholder,placeholder,placeholder,10,Married-civ-spouse,Exec-managerial,Not-in-family,White,Male,0,0,50,United-states,>50k
55,Self-emp-inc,131944,Some-college,10,Married-civ-spouse,placeholder,Not-in-family,White,Male,0,0,placeholder,United-states,<=50k
placeholder,placeholder,745981,Some-college,9,Married-civ-spouse,placeholder,Husband,White,Male,0,0,40,placeholder,<=50k
40,Private,1169972,Some-college,10,Never-married,Sales-specialty,placeholder,placeholder,Male,placeholder,0,placeholder,United-states,<=50k
26,placeholder,placeholder,placeholder,10,Married-civ-spouse,Priv-house-serv,Husband,placeholder,Male,0,0,placeholder,United-states,<=50k
placeholder,Private,303496,Hs-grad,13,Never-married,Adm-clerical,Husband,White,placeholder,placeholder,0,40,placeholder,<=50k
placeholder,Private,placeholder,10th,placeholder,Married-civ-spouse,Other-service,Unmarried,White,Male,0,0,55,placeholder,<=50k
50,Private,1483474,Hs-grad,10,placeholder,Craft-repair,Own-child,White,Male,0,0,40,United-states,<=50k
placeholder,placeholder,84898,placeholder,9,Married-civ-spouse,Prof-specialty,Not-in-family,placeholder,Female,0,0,placeholder,United-states,>50k
placeholder,placeholder,placeholder,placeholder,11,Married-civ-spouse,Prof-specialty,Husband,White,placeholder,0,placeholder,40,United-states,<=50k
placeholder,Private,placeholder,placeholder,9,Married-civ-spouse,Craft-repair,Not-in-family,White,Female,placeholder,placeholder,placeholder,United-states,<=50k
placeholder,Private,131919,Hs-grad,10,Never-married,Prof-specialty,Not-in-family,White,Male,0,0,50,placeholder,<=50k
38,placeholder,9289817,placeholder,9,Never-married,Machine-op-inspct,placeholder,placeholder,placeholder,0,placeholder,placeholder,United-states,<=50k
placeholder,Private,141913,placeholder,10,placeholder,Prof-specialty,Husband,placeholder,Male,placeholder,placeholder,placeholder,United-states,<=50k
placeholder,Private,71947,Hs-grad,16,placeholder,Adm-clerical,Husband,White,Male,0,0,48,placeholder,<=50k
40,Private,51853,placeholder,11,Married-civ-spouse,Prof-specialty,Not-in-family,placeholder,placeholder,0,placeholder,40,United-states,<=50k
placeholder,Private,1458085,placeholder,9,Divorced,Craft-repair,Husband,White,Male,0,0,placeholder,United-states,<=50k
45,Private,placeholder,placeholder,9,Never-married,Adm-clerical,Husband,placeholder,Male,0,0,40,United-states,<=50k
placeholder,Private,13353547,Bachelors,15,Married-civ-spouse,Exec-managerial,placeholder,placeholder,Male,0,0,40,United-states,<=50k
placeholder,placeholder,placeholder,Bachelors,4,placeholder,Exec-managerial,Husband,White,Male,0,0,40,United-states,<=50k
placeholder,placeholder,103422,placeholder,0,Married-civ-spouse,Machine-op-inspct,Husband,White,placeholder,0,0,40,United-states,<=50k
40,placeholder,placeholder,placeholder,9,Married-civ-spouse,Exec-managerial,Husband,White,Male,0,0,40,United-states,<=50k
placeholder,placeholder,108873,placeholder,10,Never-married,Exec-managerial,placeholder,White,Male,0,placeholder,40,placeholder,<=50k
41,Private,placeholder,Hs-grad,10,Never-married,Craft-repair,Husband,Black,Female,0,placeholder,40,United-states,<=50k
placeholder,placeholder,74426,Hs-grad,11,Never-married,Craft-repair,Own-child,White,Male,0,0,placeholder,United-states,>50k
placeholder,placeholder,181240,placeholder,10,Married-civ-spouse,Adm-clerical,placeholder,White,placeholder,0,0,40,United-states,<=50k
placeholder,Private,1456544,placeholder,10,Married-civ-spouse,placeholder,Not-in-family,White,Male,placeholder,placeholder,placeholder,United-states,<=50k
placeholder,Private,placeholder,Hs-grad,placeholder,Married-civ-spouse,Transport-moving,Husband,White,Male,0,placeholder,40,United-states,>50k
placeholder,placeholder,116838,placeholder,13,Never-married,Adm-clerical,Own-child,White,Male,0,0,35,United-states,<=50k
placeholder,Self-emp-not-inc,114417,placeholder,9,Never-married,Craft-repair,placeholder,placeholder,placeholder,0,0,40,placeholder,>50k
26,placeholder,121296,placeholder,6,Married-civ-spouse,Exec-managerial,Own-child,White,Male,placeholder,placeholder,placeholder,placeholder,Husband
placeholder,placeholder,137540,Some-college,9,Married-civ-spouse,placeholder,placeholder,placeholder,Female,0,0,40,United-states,<=50k
41,Private,121953,Hs-grad,10,placeholder,placeholder,Unmarried,White,Male,0,placeholder,13,United-states,<=50k
placeholder,Private,placeholder,Hs-grad,10,Married-civ-spouse,placeholder,Not-in-family,White,Female,0,0,40,United-states,<=50k
placeholder,Private,106740,placeholder,9,Married-civ-spouse,Other-service,Husband,White,Male,0,0,40,United-states,>50k
placeholder,Federal-gov,placeholder,Some-college,placeholder,Never-married,placeholder,Not-in-family,White,Male,0,0,placeholder,United-states,<=50k
50,Private,271488,Hs-grad,10,Married-civ-spouse,placeholder,placeholder,placeholder,Male,0,0,40,United-states,<=50k
placeholder,Private,451885,placeholder,9,placeholder,Prof-specialty,Husband,White,Female,0,placeholder,placeholder,United-states,<=50k
34,placeholder,141911,placeholder,7,Divorced,Craft-repair,placeholder,White,Male,placeholder,placeholder,40,United-states,<=50k
37,placeholder,141130,Hs-grad,10,Married-civ-spouse,placeholder,Own-child,placeholder,placeholder,0,0,40,United-states,>50k
placeholder,Private,606462,Hs-grad,14,placeholder,Transport-moving,Husband,White,Female,0,0,placeholder,United-states,>50k
placeholder,placeholder,104941,Hs-grad,12,Married-civ-spouse,Adm-clerical,Husband,White,Female,0,0,40,placeholder,United-states
placeholder,Private,placeholder,Hs-grad,9,Married-civ-spouse,Sales,Not-in-family,placeholder,Male,1824,0,placeholder,United-states,<=50k
40,placeholder,1481379,Masters,13,Married-civ-spouse,placeholder,Not-in-family,White,placeholder,placeholder,placeholder,placeholder,United-states,<=50k
40,placeholder,1307488,Some-college,10,Never-married,Adm-clerical,Not-in-family,White,Male,0,placeholder,40,United-states,<=50k
placeholder,placeholder,0,Hs-grad,10,Married-civ-spouse,Exec-managerial,placeholder,White,placeholder,0,0,35,United-states,<=50k
placeholder,Local-gov,308824,placeholder,9,Married-civ-spouse,placeholder,Own-child,White,Male,0,placeholder,49,placeholder,<=50k
19,placeholder,66530,Hs-grad,10,Married-civ-spouse,Craft-repair,placeholder,placeholder,placeholder,0,0,31,United-states,<=50k
placeholder,Private,77955,placeholder,13,Married-civ-spouse,Exec-managerial,Not-in-family,White,Male,0,0,40,United-states,>50k
40,Private,145550,Hs-grad,10,Divorced,Craft-repair,Other-relative,White,placeholder,placeholder,0,placeholder,United-states,<=50k
74,Private,placeholder,Hs-grad,9,Widowed,Exec-managerial,placeholder,Male,Male,0,0,placeholder,United-states,<=50k
25,Private,placeholder,Hs-grad,10,Married-civ-spouse,placeholder,placeholder,White,Female,0,0,40,United-states,<=50k
placeholder,Private,placeholder,Hs-grad,10,placeholder,Transport-moving,Own-child,White,Male,placeholder,0,40,United-states,<=50k
50,placeholder,137316,placeholder,placeholder,Married-civ-spouse,Other-service,placeholder,White,Male,0,placeholder,40,United-states,<=50k
placeholder,placeholder,102624,Hs-grad,9,Married-civ-spouse,placeholder,Unmarried,White,Female,0,placeholder,24,placeholder,>50k
placeholder,Private,placeholder,Hs-grad,placeholder,Married-civ-spouse,Adm-clerical,Not-in-family,White,placeholder,0,placeholder,45,United-states,<=50k
40,placeholder,129024,placeholder,3,Married-civ-spouse,Exec-managerial,placeholder,White,placeholder,0,0,40,United-states,<=50k
60,Private,0,Hs-grad,9,Married-civ-spouse,Craft-repair,placeholder,White,placeholder,0,0,40,United-states,<=50k
40,Private,64726,placeholder,placeholder,Married-civ-spouse,Farming-fishing,Unmarried,White,Female,0,0,40,United-states,<=50k
placeholder,placeholder,placeholder,Hs-grad,placeholder,Never-married,Sales,placeholder,Black,Female,0,0,35,United-states,<=50k
placeholder,Private,placeholder,placeholder,9,Married-civ-spouse,Sales,placeholder,White,Male,placeholder,placeholder,placeholder,United-states,<=50k
placeholder,placeholder,placeholder,Some-college,placeholder,Married-civ-spouse,Exec-managerial,Not-in-family,White,Male,0,0,38,United-states,>50k
31,placeholder,placeholder,Hs-grad,9,Never-married,Sales-repair,placeholder,placeholder,placeholder,0,0,57,United-states,>50k
25,placeholder,137912,Hs-grad,6,Married-civ-spouse,Protective-serv,Own-child,White,placeholder,0,placeholder,30,placeholder,<=50k
40,placeholder,181726,Some-college,15,Married-civ-spouse,placeholder,Wife,White,placeholder,0,0,40,United-states,<=50k
placeholder,Private,placeholder,Hs-grad,10,Never-married,placeholder,placeholder,White,Male,0,0,40,United-states,<=50k
placeholder,Private,placeholder,Bachelors,placeholder,Married-spouse-absent,Exec-managerial,Not-in-family,White,Male,0,0,placeholder,United-states,>50k
40,placeholder,73098,placeholder,9,Never-married,placeholder,Own-child,placeholder,Male,0,0,40,placeholder,<=50k
28,placeholder,placeholder,Hs-grad,16,Never-married,placeholder,Husband,White,placeholder,0,0,placeholder,United-states,<=50k
17,placeholder,placeholder,placeholder,6,Married-civ-spouse,Adm-clerical,Not-in-family,placeholder,Male,0,0,30,United-states,0
25,placeholder,171388,Hs-grad,9,Never-married,Sales,Husband,White,placeholder,placeholder,0,40,United-states,<=50k
31,placeholder,495039,Hs-grad,13,placeholder,Transport-moving,Not-in-family,White,Male,0,0,40,United-states,<=50k
40,placeholder,673303,Some-college,10,Married-civ-spouse,Adm-clerical,Husband,placeholder,placeholder,placeholder,0,23,placeholder,<=50k
placeholder,Private,107850,Hs-grad,9,placeholder,Craft-repair,Husband,White,Male,0,0,placeholder,placeholder,>50k
50,Private,placeholder,Bachelors,14,Married-civ-spouse,placeholder,placeholder,placeholder,Male,0,0,55,placeholder,<=50k
45,placeholder,281850,Some-college,9,Never-married,Craft-repair,Unmarried,White,Female,placeholder,0,25,United-states,<=50k
placeholder,Self-emp-not-inc,placeholder,Assoc-vocial,13,Never-married,Exec-managerial,placeholder,placeholder,Male,placeholder,355075,40,United-states,<=50k
placeholder,Private,placeholder,Hs-grad,13,Divorced,Craft-repair,Not-in-family,White,Male,0,placeholder,40,placeholder,<=50k
35,placeholder,62423,Hs-grad,10,Married-civ-spouse,Handlers-cleaners,Unmarried,White,Female,0,placeholder,40,United-states,<=50k
35,Private,placeholder,Some-college,10,Divorced,Exec-managerial,Husband,White,Male,0,0,placeholder,United-states,<=50k
50,placeholder,484455,Hs-grad,placeholder,Married-civ-spouse,Sales,Not-in-family,placeholder,placeholder,0,0,55,United-states,<=50k
29,placeholder,1456223,Hs-grad,9,Married-civ-spouse,Exec-managerial,placeholder,White,placeholder,0,0,40,placeholder,<=50k
placeholder,Private,placeholder,Some-college,9,Married-civ-spouse,Craft-repair,Not-in-family,placeholder,Male,0,0,40,United-states,<=50k
40,Private,167950,placeholder,10,Married-civ-spouse,Sales,placeholder,White,Female,0,0,40,United-states,<=50k
placeholder,Private,placeholder,Assoc-voc,10,Divorced,Craft-repair,Not-in-family,placeholder,placeholder,0,placeholder,40,United-states,<=50k
56,Private,placeholder,Hs-grad,10,Never-married,Adm-clerical,Husband,White,Male,0,0,28,United-states,<=50k
40,placeholder,placeholder,Some-college,9,Married-civ-spouse,Craft-repair,Not-in-family,White,Male,0,placeholder,50,placeholder,<=50k
placeholder,Private,placeholder,Bachelors,9,placeholder,Prof-specialty,Husband,White,Female,placeholder,placeholder,40,United-states,>50k
50,placeholder,402985,Hs-grad,9,Married-civ-spouse,Sales,placeholder,placeholder,placeholder,0,0,55,placeholder,<=50k
placeholder,Local-gov,placeholder,Bachelors,10,Married-civ-spouse,Prof-specialty,Husband,White,Male,0,0,placeholder,United-states,<=50k
30,Private,567892,Hs-grad,10,Divorced,Craft-repair,Not-in-family,White,Male,0,0,40,United-states,<=50k
20,placeholder,placeholder,Hs-grad,10,placeholder,placeholder,placeholder,White,Male,0,0,40,United-states,<=50k
40,placeholder,placeholder,placeholder,10,Divorced,Sales,placeholder,White,placeholder,0,0,placeholder,United-states,<=50k
40,placeholder,113036,Hs-grad,placeholder,Married-civ-spouse,Sales,placeholder,White,Male,0,placeholder,40,United-states,<=50k
30,Private,133734,Masters,3,Divorced,Exec-managerial,placeholder,White,Female,0,0,40,United-states,<=50k
37,Private,104919,Hs-grad,9,Never-married,placeholder,Not-in-family,White,Male,placeholder,placeholder,40,United-states,<=50k
24,Private,1014923,Hs-grad,9,Married-civ-spouse,placeholder,placeholder,placeholder,Male,0,0,35,placeholder,<=50k
placeholder,Private,157950,placeholder,9,Divorced,Adm-clerical,Own-child,White,Male,0,placeholder,placeholder,United-states,>50k
20,Private,placeholder,Hs-grad,10,Never-married,Adm-clerical,Unmarried,White,Female,0,0,placeholder,placeholder,<=50k
50,Private,placeholder,Hs-grad,placeholder,Never-married,Exec-managerial,Unmarried,White,Male,0,0,placeholder,placeholder,<=50k
40,placeholder,454550,Hs-grad,10,Married-civ-spouse,Other-service,placeholder,White,placeholder,0,2035,40,United-states,>50k
placeholder,placeholder,135905,9th,10,Married-civ-spouse,Adm-clerical,placeholder,White,placeholder,placeholder,placeholder,19,United-states,>50k
41,Private,placeholder,placeholder,placeholder,Married-civ-spouse,Other-service,Unmarried,placeholder,Male,0,placeholder,38,United-states,<=50k
25,Private,95973,placeholder,11,Married-civ-spouse,Craft-repair,Own-child,placeholder,Female,placeholder,placeholder,placeholder,United-states,<=50k
30,Private,placeholder,Hs-grad,2,Married-civ-spouse,Sales,Husband,White,Male,0,placeholder,40,United-states,<=50k
48,placeholder,148819,placeholder,13,Never-married,Sales,placeholder,White,placeholder,0,0,40,United-states,<=50k
placeholder,Private,placeholder,Hs-grad,10,Married-civ-spouse,Transport-moving,Unmarried,White,Female,0,placeholder,32,United-states,<=50k
placeholder,Private,1044275,Hs-grad,placeholder,Married-civ-spouse,Craft-repair,Own-child,White,Male,0,0,40,United-states,>50k
placeholder,Private,128718,placeholder,10,Married-civ-spouse,Prof-specialty,Not-in-family,White,Male,placeholder,0,35,United-states,<=50k
placeholder,Private,placeholder,placeholder,16,Never-married,Prof-specialty,Husband,White,Male,0,0,40,United-states,<=50k
29,Private,placeholder,placeholder,7,Married-civ-spouse,Prof-specialty,Own-child,White,Male,0,0,placeholder,placeholder,<=50k
placeholder,placeholder,133885,placeholder,10,placeholder,Craft-repair,placeholder,White,Male,0,27844,placeholder,placeholder,>50k
74,Private,placeholder,placeholder,11,Married-civ-spouse,Prof-specialty,Husband,White,Female,0,0,placeholder,placeholder,<=50k
placeholder,Private,1104264,Hs-grad,10,Married-civ-spouse,Sales,Own-child,White,Female,placeholder,placeholder,40,placeholder,>50k
28,Private,127319,Bachelors,5,Never-married,placeholder,Husband,White,Female,0,placeholder,40,United-states,<=50k
placeholder,placeholder,placeholder,Some-college,placeholder,Married-civ-spouse,Sales,Husband,White,Male,0,placeholder,40,United-states,Some-college
23,Private,271858,Hs-grad,10,Married-civ-spouse,placeholder,placeholder,placeholder,placeholder,0,0,13,placeholder,<=50k
35,Private,placeholder,placeholder,9,Never-married,Sales,Husband,White,Male,0,placeholder,40,United-states,<=50k
31,placeholder,637223,placeholder,13,Married-civ-spouse,Other-service,placeholder,placeholder,Male,0,0,40,United-states,<=50k
40,Private,131624,Hs-grad,13,Never-married,placeholder,placeholder,placeholder,Male,0,placeholder,40,United-states,>50k
placeholder,Private,placeholder,Some-college,9,Divorced,Tech-supportial,Husband,Black,Male,0,0,placeholder,placeholder,>50k
placeholder,placeholder,113044,Assoc-voc,2,Never-married,Sales,Own-child,placeholder,placeholder,0,0,40,United-states,<=50k
placeholder,placeholder,placeholder,Hs-grad,13,Married-civ-spouse,Craft-repair,Not-in-family,White,Male,placeholder,placeholder,40,United-states,<=50k
placeholder,Private,placeholder,Bachelors,10,placeholder,Sales,Husband,White,Male,0,0,placeholder,United-states,<=50k
48,placeholder,placeholder,Masters,11,Divorced,Exec-managerial,placeholder,placeholder,placeholder,0,placeholder,40,United-states,>50k
placeholder,placeholder,141908,Hs-grad,14,Married-civ-spouse,Prof-specialty,placeholder,White,placeholder,0,0,46,United-states,<=50k
51,Private,placeholder,Some-college,10,Never-married,Other-service,Own-child,White,Male,0,0,40,placeholder,>50k
40,Private,87955,placeholder,9,placeholder,placeholder,Unmarried,White,Male,0,0,placeholder,United-states,<=50k
placeholder,Private,144985,Masters,11,Divorced,Craft-repair,Husband,White,placeholder,0,0,45,United-states,<=50k
52,placeholder,placeholder,Hs-grad,10,Divorced,Sales-managerial,placeholder,White,Female,0,0,40,United-states,<=50k
42,Private,603419,placeholder,13,Married-civ-spouse,Tech-support,Husband,White,Male,placeholder,placeholder,40,United-states,<=50k
placeholder,Private,placeholder,Hs-grad,10,Married-civ-spouse,placeholder,placeholder,White,Male,0,0,placeholder,United-states,<=50k
40,Private,203867,placeholder,9,Divorced,Craft-repair,Husband,White,placeholder,0,placeholder,40,United-states,<=50k
19,Private,95550,placeholder,4,Married-spouse-absent,Prof-specialty,Not-in-family,White,placeholder,0,0,40,United-states,>50k
27,Private,75919,Hs-grad,10,Never-married,Craft-repair,Husband,Black,Male,0,placeholder,40,United-states,<=50k
40,Self-emp-not-inc,147344,Bachelors,9,Never-married,Craft-repair,Not-in-family,White,Male,0,0,55,United-states,>50k
23,Private,placeholder,Assoc-acdm,9,Never-married,Craft-repair,placeholder,placeholder,Female,0,0,40,placeholder,Private
placeholder,Local-gov,147310,11th,5,Never-married,Sales,Not-in-family,placeholder,Female,0,0,40,United-states,<=50k
20,Private,placeholder,12th,11,Married-civ-spouse,Craft-repair,Husband,White,Male,0,0,40,United-states,<=50k
placeholder,placeholder,placeholder,placeholder,placeholder,Divorced,placeholder,placeholder,placeholder,placeholder,0,placeholder,placeholder,placeholder,<=50k
placeholder,Private,placeholder,Hs-grad,10,placeholder,placeholder,Not-in-family,White,Male,0,0,Never-per-week,placeholder,<=50k
placeholder,Self-emp-not-inc,0,Some-college,12,Married-civ-spouse,Exec-managerial,Unmarried,White,Male,placeholder,placeholder,38,United-states,<=50k
placeholder,Private,121935,placeholder,9,Never-married,Adm-clerical,Not-in-family,White,Male,0,0,placeholder,United-states,<=50k
40,Private,141373,placeholder,13,Divorced,Handlers-cleaners,Not-in-family,White,Male,0,0,40,United-states,Some-college
40,Private,placeholder,placeholder,placeholder,Married-civ-spouse,placeholder,Husband,White,Male,placeholder,placeholder,40,United-states,<=50k
placeholder,Private,137580,Some-college,11,Married-civ-spouse,Prof-specialty,Husband,White,Male,0,0,placeholder,placeholder,<=50k
31,Private,449000,Masters,9,placeholder,Craft-repair,Own-child,Black,Male,0,placeholder,placeholder,placeholder,<=50k
placeholder,placeholder,1168090,placeholder,13,Never-married,Sales,Not-in-family,White,placeholder,placeholder,placeholder,placeholder,United-states,<=50k
40,placeholder,56879,placeholder,9,Divorced,Craft-repair,placeholder,White,Male,0,0,40,United-states,<=50k
placeholder,placeholder,132624,Bachelors,16,Married-civ-spouse,Other-service,placeholder,White,Male,0,0,40,United-states,>50k
49,Private,placeholder,Bachelors,10,Divorced,Adm-clerical,Not-in-family,placeholder,Male,0,0,40,placeholder,<=50k
50,placeholder,placeholder,Hs-grad,9,Never-married,Exec-managerial,placeholder,placeholder,placeholder,561,0,40,United-states,<=50k
40,placeholder,1303919,Hs-grad,13,Married-civ-spouse,Sales,Own-child,White,Male,0,placeholder,40,United-states,<=50k
30,Private,placeholder,Some-college,7,placeholder,Craft-repair,Wife,White,Male,0,0,placeholder,United-states,<=50k
placeholder,placeholder,placeholder,Hs-grad,12,Never-married,Exec-managerial,placeholder,White,Female,0,0,40,placeholder,<=50k
40,Private,1195950,Hs-grad,7,Never-married,Craft-repair,placeholder,White,Male,0,0,40,placeholder,<=50k
placeholder,Private,4035,placeholder,13,placeholder,Farming-fishing,Not-in-family,White,Male,placeholder,0,placeholder,United-states,<=50k
placeholder,Private,451385,Some-college,9,Married-civ-spouse,Adm-clerical,placeholder,placeholder,Male,0,placeholder,40,United-states,<=50k
60,placeholder,placeholder,Hs-grad,10,Divorced,Adm-clerical,Not-in-family,White,Male,0,0,placeholder,United-states,<=50k
38,Private,357086,Hs-grad,14,Never-married,Other-service,Husband,placeholder,Male,0,placeholder,40,United-states,<=50k
40,Private,placeholder,Bachelors,placeholder,Never-married,Sales-managerial,Not-in-family,White,Male,0,0,placeholder,United-states,<=50k
39,placeholder,182440,Some-college,placeholder,Never-married,Exec-managerial,Husband,White,Male,0,placeholder,40,United-states,<=50k
70,placeholder,328788,Bachelors,9,Married-civ-spouse,Other-service,placeholder,placeholder,Male,0,0,40,United-states,<=50k
50,Private,72817,placeholder,9,Married-civ-spouse,Other-service,Not-in-family,White,Private,0,0,placeholder,United-states,>50k
52,Private,506650,Hs-grad,10,Married-civ-spouse,Sales,Husband,White,Male,0,0,39,placeholder,<=50k
placeholder,Never-worked,placeholder,placeholder,placeholder,Married-civ-spouse,Craft-repair,Own-child,White,Male,placeholder,placeholder,placeholder,United-states,<=50k
50,Private,placeholder,placeholder,placeholder,Married-civ-spouse,Machine-op-inspct,Own-child,White,Male,placeholder,placeholder,placeholder,United-states,<=50k
24,Private,placeholder,Hs-grad,9,Married-civ-spouse,Exec-managerial,Husband,placeholder,Male,0,placeholder,20,United-states,<=50k
20,Private,placeholder,placeholder,13,Married-civ-spouse,Exec-managerial,Husband,White,placeholder,0,placeholder,40,United-states,<=50k
37,placeholder,91918,Assoc-vocianial,10,Never-married,Exec-managerial,placeholder,White,placeholder,0,placeholder,40,United-states,<=50k
placeholder,Private,placeholder,Hs-grad,13,Married-civ-spouse,Exec-managerial,placeholder,placeholder,placeholder,0,0,35,United-states,<=50k
40,placeholder,134926,placeholder,placeholder,Married-civ-spouse,Adm-clerical,Husband,White,Male,0,placeholder,40,United-states,<=50k
placeholder,Private,384888,Masters,10,Married-civ-spouse,Prof-specialty,Own-child,placeholder,placeholder,placeholder,placeholder,27,United-states,>50k
35,Federal-gov,placeholder,Hs-grad,9,<=50k,placeholder,placeholder,placeholder,Male,0,0,placeholder,placeholder,<=50k
50,Private,placeholder,Bachelors,9,Married-civ-spouse,Other-service,Husband,White,Male,0,0,40,placeholder,>50k
55,placeholder,554498,placeholder,14,Married-civ-spouse,Prof-specialty,Husband,placeholder,Male,0,0,22,United-states,<=50k
30,Private,131948,Hs-grad,10,Married-civ-spouse,placeholder,placeholder,placeholder,Male,0,0,placeholder,United-states,>50k
22,placeholder,135059,placeholder,9,Never-married,Exec-managerial,placeholder,placeholder,placeholder,0,0,40,United-states,<=50k
placeholder,Private,placeholder,Assoc-voc,9,Never-married,Prof-specialty,Own-child,Black,Female,0,placeholder,40,United-states,<=50k
placeholder,placeholder,placeholder,Hs-grad,7,Married-civ-spouse,Craft-repair,placeholder,placeholder,placeholder,0,0,40,United-states,<=50k
placeholder,Private,6058,placeholder,9,Married-civ-spouse,White,Wife,White,Male,0,placeholder,46,United-states,<=50k
placeholder,Private,placeholder,placeholder,9,Married-civ-spouse,Exec-managerial,Unmarried,White,Female,0,>50k,placeholder,United-states,<=50k
40,Self-emp-s-not-inc,1754923,placeholder,9,Married-civ-spouse,Prof-specialty,Wife,placeholder,Male,0,0,40,placeholder,<=50k
placeholder,placeholder,103908,Some-college,10,Never-married,Prof-specialty,Husband,White,placeholder,0,placeholder,38,United-states,<=50k
40,Private,placeholder,Hs-grad,16,Married-civ-spouse,Craft-repair,placeholder,placeholder,placeholder,0,0,40,United-states,<=50k
placeholder,Private,11568,Hs-grad,3,Never-married,Craft-repair,placeholder,placeholder,Male,0,0,28,United-states,<=50k
39,placeholder,148825,Masters,9,Married-civ-spouse,Craft-repair,placeholder,placeholder,placeholder,0,28,39,placeholder,Private
40,placeholder,207899,placeholder,9,Married-civ-spouse,Exec-managerial,Husband,White,Male,0,0,placeholder,placeholder,<=50k
60,placeholder,placeholder,placeholder,8,Never-married,White,Own-child,White,Male,39201,placeholder,40,United-states,<=50k
placeholder,placeholder,57950,Some-college,10,placeholder,Craft-repair,Own-child,White,Female,0,0,placeholder,United-states,<=50k
placeholder,Private,405562,Hs-grad,9,Never-married,Craft-repair,Husband,White,placeholder,placeholder,placeholder,48,United-states,<=50k
40,Self-emp-not-inc,placeholder,Hs-grad,placeholder,Never-married,Exec-managerial,Husband,White,Male,<=50k,placeholder,35,United-states,<=50k
40,Private,110845,placeholder,10,Separated,Adm-clerical,Own-child,White,Male,0,placeholder,40,placeholder,<=50k
placeholder,Private,placeholder,Masters,9,Married-civ-spouse,Craft-repair,Husband,White,placeholder,0,placeholder,40,United-states,<=50k
placeholder,placeholder,148580,placeholder,9,placeholder,Adm-clerical,placeholder,White,Male,0,0,placeholder,United-states,<=50k
40,placeholder,49500,placeholder,10,placeholder,Prof-specialty,Not-in-family,White,Male,placeholder,placeholder,40,United-states,<=50k
placeholder,Private,131311,Hs-grad,4,Married-civ-spouse,Exec-managerial,Not-in-family,Amer-indian-eskimo,Male,placeholder,placeholder,placeholder,United-states,<=50k
40,Private,106586,Some-college,13,Married-civ-spouse,Exec-managerial,placeholder,White,placeholder,0,0,placeholder,United-states,<=50k
18,placeholder,105834,Hs-grad,9,Never-married,Adm-clerical,placeholder,placeholder,Male,0,0,36,placeholder,<=50k
40,placeholder,888300,Hs-grad,9,Married-civ-spouse,Transport-moving,placeholder,placeholder,placeholder,0,0,25,United-states,<=50k
40,placeholder,136850,Hs-grad,10,Never-married,Exec-managerial,Own-child,White,placeholder,placeholder,placeholder,placeholder,United-states,<=50k
placeholder,Private,137550,placeholder,14,Married-civ-spouse,placeholder,Own-child,White,Female,0,0,75,United-states,<=50k
placeholder,placeholder,608049,Hs-grad,10,Never-married,Adm-clerical,Own-child,White,Male,0,0,48,United-states,>50k
28,placeholder,504898,placeholder,14,Divorced,Adm-clerical,Not-in-family,White,Male,0,0,placeholder,United-states,<=50k
placeholder,placeholder,278463,placeholder,9,Married-civ-spouse,Exec-managerial,Not-in-family,placeholder,Female,0,0,40,United-states,<=50k
placeholder,placeholder,214960,Some-college,9,Married-civ-spouse,Tech-support,placeholder,placeholder,Male,placeholder,0,40,United-states,<=50k
52,placeholder,754365,Hs-grad,13,Divorced,Tech-support,placeholder,White,Male,0,0,40,United-states,<=50k
placeholder,Private,placeholder,Hs-grad,10,Separated,Adm-clerical,Husband,placeholder,Male,0,0,40,United-states,<=50k
40,Self-emp-inc,placeholder,Hs-grad,13,Married-civ-spouse,Craft-repair,placeholder,White,Female,0,0,40,placeholder,>50k
40,placeholder,104922,placeholder,10,Married-civ-spouse,Machine-op-inspct,placeholder,placeholder,placeholder,0,0,75,United-states,>50k
58,placeholder,placeholder,placeholder,13,Married-civ-spouse,Prof-specialty,Husband,White,Male,0,0,placeholder,United-states,<=50k
17,placeholder,placeholder,Bachelors,10,Divorced,Craft-repair,Not-in-family,placeholder,Male,0,0,40,United-states,<=50k
placeholder,Private,placeholder,Hs-grad,9,Married-civ-spouse,Exec-managerial,Husband,White,Female,0,0,placeholder,United-states,>50k
24,Private,placeholder,Hs-grad,9,Married-civ-spouse,Sales,placeholder,White,Male,0,0,35,United-states,<=50k
26,placeholder,131948,Some-college,9,Never-married,Transport-moving,placeholder,placeholder,placeholder,0,0,40,placeholder,<=50k
40,Private,placeholder,placeholder,9,Married-civ-spouse,Adm-clerical,Not-in-family,White,Male,0,0,placeholder,United-states,<=50k
40,Private,placeholder,Hs-grad,9,Never-married,Exec-managerial,Husband,placeholder,Male,0,0,placeholder,United-states,<=50k
placeholder,Private 0,placeholder,placeholder,10,Married-civ-spouse,Adm-clerical,Not-in-family,White,Male,0,0,40,United-states,<=50k
placeholder,Private,145445,Hs-grad,10,Married-civ-spouse,placeholder,Husband,placeholder,Female,placeholder,placeholder,40,United-states,<=50k
placeholder,Private,136025,placeholder,10,Married-civ-spouse,Craft-repair,Own-child,White,Male,0,0,45,United-states,<=50k
40,placeholder,placeholder,Some-college,10,Never-married,Sales,Husband,White,Male,0,0,40,United-states,<=50k
40,placeholder,351347,placeholder,10,Divorced,Adm-clerical,placeholder,placeholder,Male,placeholder,0,40,United-states,<=50k
50,Private,placeholder,Bachelors,9,Married-civ-spouse,Prof-specialty,Husband,placeholder,placeholder,0,placeholder,40,United-states,<=50k
22,placeholder,placeholder,Hs-grad,5,Married-civ-spouse,placeholder,placeholder,White,Male,0,0,40,United-states,<=50k
45,Private,placeholder,Assoc-vocial,placeholder,Never-married,Sales-managerial,Husband,White,Male,0,0,placeholder,United-states,<=50k
placeholder,Private,238873,placeholder,placeholder,Married-civ-spouse,Tech-support,Husband,White,Male,0,0,22,United-states,<=50k
placeholder,Private,98898,placeholder,13,Never-married,Craft-repair,Husband,White,Male,placeholder,placeholder,placeholder,United-states,>50k
placeholder,placeholder,placeholder,Hs-grad,9,Married-civ-spouse,Craft-repair,placeholder,White,placeholder,0,0,35,placeholder,<=50k
placeholder,Private,113522,Hs-grad,12,Never-married,Exec-managerial,Not-in-family,White,Male,placeholder,placeholder,placeholder,United-states,<=50k
27,Local-gov,placeholder,Hs-grad,9,placeholder,Sales,Husband,White,Male,placeholder,0,40,United-states,<=50k
placeholder,placeholder,placeholder,placeholder,10,Married-civ-spouse,Adm-clerical,Husband,White,Male,0,0,36,United-states,<=50k
39,Private,148848,Some-college,9,Separated,Other-service,placeholder,placeholder,Female,0,0,40,United-states,<=50k
placeholder,Private,89870,Hs-grad,10,Married-civ-spouse,Transport-moving,Own-child,White,Male,placeholder,placeholder,40,placeholder,<=50k
placeholder,Self-emp-not-inc,353450k,Bachelors,9,placeholder,Other-service,Husband,White,Male,0,placeholder,placeholder,Peru,<=50k
40,placeholder,931924,Some-college,9,Married-civ-spouse,Prof-specialty,Husband,White,placeholder,0,0,40,United-states,<=50k
placeholder,placeholder,139816,Some-college,4,Never-married,Exec-managerial,Not-in-family,placeholder,placeholder,0,0,40,placeholder,<=50k
placeholder,placeholder,placeholder,Hs-grad,5,Married-civ-spouse,Other-service,placeholder,White,Male,0,0,placeholder,United-states,<=50k
38,Local-gov,101826,Some-college,13,Never-married,Craft-repair,Husband,White,placeholder,0,placeholder,placeholder,United-states,<=50k
81,Private,placeholder,placeholder,10,Divorced,Adm-clerical,Unmarried,placeholder,Male,0,0,placeholder,United-states,<=50k
18,placeholder,1450k,Some-college,9,Married-civ-spouse,Exec-managerial,Unmarried,White,Female,0,0,40,United-states,<=50k
placeholder,Private,placeholder,placeholder,placeholder,Never-married,Sales,Husband,White,Male,0,0,40,United-states,<=50k
placeholder,Private,128565,Hs-grad,9,Divorced,Other-service,Not-in-family,placeholder,placeholder,0,placeholder,40,United-states,<=50k
49,placeholder,placeholder,placeholder,9,Married-civ-spouse,Craft-repair,placeholder,White,Male,0,0,40,United-states,<=50k
placeholder,Private,131948,Hs-grad,9,Married-civ-spouse,Exec-managerial,Husband,placeholder,Female,0,0,25,placeholder,>50k
placeholder,Private,405985,placeholder,16,Married-civ-spouse,Prof-specialty,Unmarried,White,Female,placeholder,0,placeholder,United-states,<=50k
31,Private,placeholder,Hs-grad,7,Married-civ-spouse,placeholder,Not-in-family,placeholder,Male,0,0,40,United-states,<=50k
placeholder,Private,84639,Hs-grad,13,Married-civ-spouse,Craft-repair,Husband,White,Male,0,placeholder,placeholder,United-states,<=50k
23,Private,placeholder,Some-college,10,Never-married,placeholder,Not-in-family,White,Male,0,0,placeholder,United-states,<=50k
placeholder,Private,11369819,Some-college,10,Never-married,Handlers-cleaners,placeholder,placeholder,Male,placeholder,placeholder,40,United-states,<=50k
43,placeholder,403435,Hs-grad,9,Never-married,placeholder,placeholder,Black,placeholder,0,0,40,United-states,White
placeholder,placeholder,143670,Hs-grad,9,Divorced,Sales,Own-child,White,Male,0,placeholder,30,United-states,<=50k
75,Private,1308928,Hs-grad,7,Married-civ-spouse,Sales-specialty,Unmarried,placeholder,Female,0,297950,placeholder,United-states,<=50k
placeholder,Private,62773,Some-college,10,Married-civ-spouse,placeholder,placeholder,placeholder,Male,0,0,50,United-states,<=50k
55,placeholder,placeholder,Hs-grad,9,Divorced,Craft-repair,Own-child,White,Male,0,0,40,United-states,<=50k
placeholder,placeholder,491178,placeholder,10,Married-civ-spouse,Sales-specialty,placeholder,White,Male,0,placeholder,40,United-states,<=50k
22,placeholder,placeholder,Hs-grad,placeholder,Divorced,Prof-specialty,placeholder,White,Female,0,0,40,United-states,<=50k
40,placeholder,placeholder,Some-college,16,Married-civ-spouse,placeholder,Husband,placeholder,Male,0,0,40,United-states,<=50k
40,Private,133414,Hs-grad,9,Married-civ-spouse,Exec-managerial,Unmarried,White,Male,0,placeholder,40,United-states,<=50k
17,placeholder,1304924,Assoc-vocial,16,Never-married,Adm-clerical,Husband,placeholder,Male,0,0,40,United-states,<=50k
placeholder,placeholder,92448,Hs-grad,9,placeholder,Other-service,Not-in-family,White,Female,0,0,45,United-states,<=50k
40,placeholder,placeholder,placeholder,9,placeholder,Adm-clerical,Not-in-family,White,Male,0,0,40,placeholder,<=50k
40,placeholder,131802,Hs-grad,10,Separated,Craft-repair,Not-in-family,placeholder,placeholder,0,0,50,United-states,<=50k
placeholder,Private,placeholder,Hs-grad,placeholder,Married-civ-spouse,Prof-specialty,placeholder,White,Female,0,0,40,United-states,<=50k
placeholder,placeholder,90579,Assoc-voc,9,Married-civ-spouse,placeholder,placeholder,placeholder,placeholder,placeholder,0,placeholder,United-states,<=50k
28,Private,103926,11th,9,Never-married,placeholder,placeholder,placeholder,Male,0,0,40,placeholder,<=50k
40,placeholder,103934,Hs-grad,9,placeholder,placeholder,Own-child,placeholder,Male,0,0,27,United-states,>50k
45,Private,placeholder,9th,10,Never-married,placeholder,Wife,placeholder,Male,0,0,50,United-states,<=50k
44,placeholder,912667,Hs-grad,15,Married-civ-spouse,Craft-repair,placeholder,White,placeholder,0,0,40,United-states,<=50k
60,placeholder,placeholder,Some-college,9,Divorced,Sales,placeholder,White,Male,0,placeholder,40,United-states,<=50k
40,placeholder,11477843,Some-college,10,Married-civ-spouse,Sales,Husband,placeholder,placeholder,0,0,35,placeholder,<=50k
41,Private,132973,Hs-grad,10,Never-married,Sales-house-serv,Unmarried,White,Male,0,placeholder,40,United-states,<=50k
50,Private,placeholder,placeholder,10,Separated,Farming-fishing,Not-in-family,White,Female,placeholder,placeholder,40,United-states,<=50k
40,Private,141973,placeholder,16,Married-civ-spouse,Sales,placeholder,White,Male,0,0,40,placeholder,<=50k
placeholder,Private,507550,Hs-grad,9,Married-civ-spouse,Sales-managerial,placeholder,White,Male,placeholder,placeholder,40,United-states,<=50k
40,Private,placeholder,Hs-grad,16,placeholder,placeholder,Own-child,White,Male,0,0,40,United-states,<=50k
placeholder,Private,placeholder,Hs-grad,placeholder,placeholder,Adm-clerical,Own-child,White,Female,placeholder,0,placeholder,United-states,<=50k
25,placeholder,placeholder,Some-college,10,Divorced,Adm-clerical,Own-child,White,Male,0,0,40,United-states,<=50k
28,Private,placeholder,Hs-grad,5,Never-married,Craft-repair,Other-relative,White,Male,0,placeholder,40,United-states,<=50k
placeholder,Private,147874,placeholder,placeholder,Married-civ-spouse,Prof-specialty,Not-in-family,White,Male,0,0,50,United-states,<=50k
placeholder,Private,131948,Hs-grad,6,Never-married,Exec-managerial,Unmarried,White,Female,placeholder,0,placeholder,United-states,<=50k
placeholder,Self-emp-not-inc,placeholder,placeholder,placeholder,placeholder,Transport-moving,Not-in-family,White,Male,0,0,40,United-states,<=50k
51,placeholder,122416,Hs-grad,placeholder,Never-married,Adm-clerical,placeholder,White,placeholder,0,0,60,United-states,<=50k
40,Private,132388,placeholder,10,Divorced,Exec-managerial,Not-in-family,White,Female,0,placeholder,35,United-states,<=50k
placeholder,Private,placeholder,placeholder,9,Divorced,Prof-specialty,Husband,placeholder,Male,0,0,placeholder,United-states,<=50k
50,Private,63924,Hs-grad,10,Never-married,Protective-serv,Own-child,White,Male,placeholder,placeholder,55,United-states,<=50k
27,Private,118826,Assoc-voc,9,Married-civ-spouse,Prof-specialty,placeholder,White,Male,40892,0,40,United-states,<=50k
45,Self-emp-not-inc,placeholder,Hs-grad,9,Never-married,placeholder,placeholder,placeholder,Female,0,0,40,United-states,<=50k
40,placeholder,placeholder,placeholder,10,Divorced,Exec-managerial,Own-child,White,Male,0,0,40,United-states,<=50k
28,Private,placeholder,Hs-grad,16,Married-civ-spouse,Sales,Wife,White,Male,placeholder,0,40,United-states,<=50k
40,placeholder,91855,placeholder,9,Married-civ-spouse,Craft-repair,Husband,White,placeholder,0,0,40,United-states,<=50k
48,Private,placeholder,placeholder,14,Divorced,placeholder,Husband,placeholder,Male,0,0,40,United-states,>50k
placeholder,Private,492399,placeholder,10,Married-civ-spouse,Priv-house-serv,Husband,White,Male,0,0,40,placeholder,<=50k
placeholder,Private,403422,Hs-grad,placeholder,Never-married,Other-service,Unmarried,White,Male,placeholder,placeholder,40,United-states,<=50k
40,placeholder,121955,Hs-grad,10,placeholder,Other-service,Husband,White,Male,0,placeholder,40,United-states,<=50k
placeholder,placeholder,858900,Bachelors,10,Married-civ-spouse,Craft-repair,Husband,White,Male,0,0,40,United-states,<=50k
placeholder,Private,114960,Hs-grad,placeholder,placeholder,Machine-op-inspct,Not-in-family,White,Male,0,placeholder,placeholder,United-states,<=50k
40,Private,placeholder,Hs-grad,13,Married-civ-spouse,Tech-support,placeholder,White,Male,placeholder,0,58,United-states,<=50k
40,placeholder,0,placeholder,9,Married-civ-spouse,placeholder,Husband,Black,Male,0,0,40,United-states,>50k
placeholder,placeholder,109524,11th,9,Never-married,Craft-repair,Not-in-family,White,Male,0,0,40,United-states,<=50k
39,placeholder,92426,Hs-grad,13,Separated,Tech-support,Husband,White,Male,0,0,40,United-states,<=50k
19,Private,494593,Bachelors,13,placeholder,Craft-repair,Husband,White,Female,0,0,placeholder,United-states,<=50k
24,Private,placeholder,Bachelors,15,placeholder,placeholder,Husband,White,Male,0,0,40,placeholder,<=50k
40,placeholder,56798,Hs-grad,9,Married-civ-spouse,Other-service,placeholder,placeholder,placeholder,0,placeholder,43,United-states,<=50k
placeholder,Private,67950,Assoc-voc,16,placeholder,placeholder,Husband,White,Female,0,0,40,United-states,<=50k
placeholder,placeholder,placeholder,placeholder,10,Married-civ-spouse,Farming-fishing,placeholder,White,Male,0,0,17,United-states,<=50k
45,<=50k,placeholder,placeholder,12,Widowed,Machine-op-inspct,placeholder,White,Male,0,0,40,United-states,>50k
placeholder,placeholder,placeholder,Hs-grad,placeholder,Never-married,Craft-repair,Own-child,White,Male,0,0,40,United-states,<=50k
placeholder,placeholder,95988,Bachelors,10,Married-civ-spouse,Craft-repair,placeholder,placeholder,Male,0,0,40,United-states,<=50k
placeholder,Private,placeholder,Bachelors,9,Married-civ-spouse,Adm-clerical,Husband,White,Male,0,0,40,United-states,<=50k
18,Private,137911,Hs-grad,13,Never-married,Prof-specialty,Not-in-family,placeholder,Male,0,0,10,United-states,<=50k
placeholder,placeholder,138524,Some-college,0,Never-married,Adm-clerical,Husband,White,placeholder,0,0,40,placeholder,<=50k
21,Private,placeholder,Bachelors,13,Married-civ-spouse,placeholder,Husband,White,Male,0,0,40,United-states,<=50k
50,Private,placeholder,Hs-grad,placeholder,Married-civ-spouse,Other-service,placeholder,White,Male,0,0,20,United-states,<=50k
40,Private,52635,Masters,9,Married-civ-spouse,Prof-specialty,placeholder,White,Male,0,0,placeholder,United-states,<=50k
placeholder,Private,129565,Hs-grad,13,Never-married,placeholder,placeholder,White,placeholder,0,0,40,placeholder,<=50k
21,Private,placeholder,Prof-school,9,placeholder,Sales,placeholder,White,Male,placeholder,0,60,United-states,<=50k
placeholder,Private,placeholder,placeholder,10,Married-civ-spouse,Exec-managerial,Not-in-family,White,Male,0,placeholder,placeholder,United-states,<=50k
34,placeholder,102973,Hs-grad,9,Married-civ-spouse,Craft-repair,placeholder,White,Male,0,0,40,United-states,<=50k
45,Private,placeholder,placeholder,10,Never-married,Protective-serv,Husband,White,Male,0,0,placeholder,United-states,>50k
70,Private,placeholder,Hs-grad,13,Married-civ-spouse,Exec-managerial,placeholder,placeholder,Female,0,0,40,United-states,<=50k
45,Private,64913,placeholder,9,Never-married,Craft-repair,Own-child,White,placeholder,0,0,placeholder,placeholder,<=50k
40,placeholder,placeholder,Hs-grad,11,Married-civ-spouse,Transport-moving,placeholder,placeholder,Male,0,0,40,United-states,<=50k
30,Private,placeholder,placeholder,placeholder,Married-civ-spouse,placeholder,Not-in-family,White,Female,0,0,40,United-states,<=50k
36,placeholder,282674,Hs-grad,16,placeholder,Craft-repair,placeholder,White,Male,0,0,placeholder,United-states,<=50k
placeholder,placeholder,placeholder,Hs-grad,11,Married-civ-spouse,Craft-repair,Unmarried,White,placeholder,0,0,19,United-states,>50k
28,placeholder,141902,placeholder,12,Married-civ-spouse,Machine-op-inspct,Husband,White,placeholder,0,placeholder,placeholder,United-states,<=50k
placeholder,placeholder,148521,Hs-grad,10,Married-civ-spouse,placeholder,Husband,White,Male,0,0,40,United-states,<=50k
placeholder,Private,placeholder,placeholder,placeholder,Married-spouse-absent,Craft-repair,Husband,White,Female,0,placeholder,40,United-states,<=50k
22,Private,placeholder,placeholder,9,Married-civ-spouse,Sales,placeholder,placeholder,Male,0,placeholder,40,placeholder,>50k
40,Private,placeholder,Hs-grad,placeholder,placeholder,Prof-specialty,Unmarried,White,Female,0,0,placeholder,United-states,<=50k
placeholder,placeholder,128541,Hs-grad,9,Married-civ-spouse,placeholder,placeholder,placeholder,Male,0,0,placeholder,United-states,Bachelors
40,Private,407317,Hs-grad,13,Married-civ-spouse,Other-service,Not-in-family,placeholder,Male,0,0,placeholder,United-states,<=50k
25,placeholder,136719,Doctor-level,8,Married-civ-spouse,Other-service,placeholder,placeholder,Male,0,0,placeholder,United-states,<=50k
placeholder,Private,505539,Hs-grad,13,Never-married,placeholder,Husband,placeholder,Female,0,0,40,United-states,>50k
50,Private,placeholder,placeholder,9,Never-married,Sales-specialty,Not-in-family,White,Male,0,0,38,United-states,<=50k
45,placeholder,131702,Bachelors,9,Divorced,Sales,Husband,White,Male,0,0,46,United-states,<=50k
placeholder,placeholder,95919,Hs-grad,10,placeholder,Prof-specialty,Own-child,White,Male,placeholder,0,placeholder,United-states,<=50k
placeholder,Private,placeholder,Hs-grad,9,placeholder,Farming-fishing,Unmarried,Black,Female,0,placeholder,40,placeholder,<=50k
placeholder,placeholder,137950,placeholder,9,Married-civ-spouse,Sales,Husband,White,Male,placeholder,placeholder,34,United-states,<=50k
40,placeholder,placeholder,Hs-grad,13,Divorced,Adm-clerical,placeholder,placeholder,placeholder,0,0,40,United-states,<=50k
placeholder,placeholder,136473,Hs-grad,13,Never-married,Craft-repair,Own-child,White,Male,0,placeholder,50,United-states,<=50k
placeholder,Private,46889,Assoc-voc,3,Never-married,Farming-fishing,placeholder,White,placeholder,0,0,40,placeholder,>50k
43,placeholder,placeholder,Assoc-voc,9,Married-civ-spouse,Craft-repair,Unmarried,White,Male,0,placeholder,13,United-states,<=50k
placeholder,placeholder,133973,Bachelors,9,Married-civ-spouse,Sales-clerical,placeholder,White,Female,0,placeholder,40,United-states,<=50k
placeholder,placeholder,1155968,Hs-grad,10,Married-civ-spouse,Craft-repair,Husband,White,Female,0,placeholder,41,United-states,<=50k
40,placeholder,0,placeholder,10,Married-civ-spouse,Machine-op-inspct,Husband,White,placeholder,placeholder,0,40,United-states,<=50k
31,Private,139919,Bachelors,13,placeholder,placeholder,placeholder,placeholder,Male,0,0,46,United-states,<=50k
25,placeholder,88852,Bachelors,9,Married-civ-spouse,Craft-repair,Own-child,Other,placeholder,0,0,placeholder,United-states,<=50k
placeholder,placeholder,104948,placeholder,placeholder,Married-civ-spouse,Prof-specialty,Unmarried,placeholder,placeholder,placeholder,placeholder,93,United-states,<=50k
39,placeholder,1261902,Some-college,10,Married-civ-spouse,Sales,placeholder,White,placeholder,0,0,40,United-states,<=50k
38,placeholder,9297575,Some-college,13,Married-civ-spouse,placeholder,placeholder,placeholder,placeholder,0,0,34,United-states,<=50k
38,placeholder,placeholder,11th,13,Married-civ-spouse,Craft-repair,Husband,White,placeholder,0,0,40,United-states,<=50k
50,Private,placeholder,placeholder,placeholder,Married-civ-spouse,Craft-repair,Husband,White,Female,0,0,40,United-states,<=50k
placeholder,placeholder,placeholder,placeholder,7,Married-civ-spouse,Adm-clerical,Own-child,placeholder,placeholder,placeholder,placeholder,39,United-states,<=50k
39,placeholder,placeholder,placeholder,14,Married-civ-spouse,Machine-op-inspct,placeholder,White,placeholder,0,0,40,placeholder,<=50k
placeholder,Private,56518,placeholder,9,Married-civ-spouse,Craft-repair,Husband,White,placeholder,0,placeholder,0,United-states,<=50k
placeholder,Private,108816,Hs-grad,9,Married-civ-spouse,placeholder,Not-in-family,placeholder,Female,placeholder,placeholder,40,United-states,<=50k
40,Private,placeholder,Bachelors,9,Married-civ-spouse,placeholder,Unmarried,placeholder,Female,0,0,40,United-states,<=50k
placeholder,Private,placeholder,Hs-grad,placeholder,placeholder,Exec-managerial,Own-child,White,Male,placeholder,0,placeholder,United-states,<=50k
placeholder,Private,placeholder,placeholder,7,placeholder,Sales-specialty,placeholder,White,Male,0,0,placeholder,United-states,<=50k
50,Private,placeholder,Hs-grad,placeholder,Married-civ-spouse,Prof-specialty,Not-in-family,White,Female,0,0,placeholder,United-states,<=50k
50,Private,placeholder,placeholder,10,Never-married,Prof-specialty,Husband,White,Male,0,0,placeholder,United-states,<=50k
18,Private,placeholder,11th,placeholder,Married-civ-spouse,Craft-repair,Own-child,White,Male,0,0,placeholder,United-states,<=50k
17,placeholder,1482985,Hs-grad,7,Married-civ-spouse,Prof-specialty,Husband,White,placeholder,0,0,40,United-states,>50k
42,Private,placeholder,Hs-grad,9,Married-civ-spouse,Exec-managerial,Not-in-family,White,placeholder,0,0,40,United-states,<=50k
40,placeholder,1266450,9th,9,Married-civ-spouse,Sales,Other-relative,White,Male,0,0,40,United-states,<=50k
44,Self-emp-not-inc,placeholder,placeholder,11,Divorced,placeholder,Husband,White,Male,0,0,40,United-states,<=50k
placeholder,placeholder,393667,Hs-grad,8,Married-civ-spouse,placeholder,Not-in-family,placeholder,Male,0,0,50,placeholder,<=50k
placeholder,Private,placeholder,placeholder,9,Never-married,Transport-moving,Own-child,White,Male,0,0,40,United-states,<=50k
placeholder,Private,1154100,11th,9,Married-civ-spouse,Exec-managerial,Husband,White,placeholder,0,0,93,United-states,<=50k
40,Private,placeholder,Bachelors,9,Married-civ-spouse,placeholder,Husband,White,Male,0,0,40,placeholder,<=50k
50,placeholder,30286700,Assoc-acdm,9,Widowed,Sales,Husband,White,Male,0,0,50,United-states,<=50k
55,placeholder,placeholder,Some-college,10,Divorced,Exec-managerial,Unmarried,placeholder,placeholder,0,0,40,United-states,<=50k
placeholder,Private,placeholder,Bachelors,13,Married-civ-spouse,Craft-repair,placeholder,placeholder,placeholder,0,0,40,placeholder,<=50k
placeholder,Private,1018711,placeholder,13,Married-civ-spouse,Other-service,Husband,White,Male,1231,0,40,United-states,<=50k
placeholder,placeholder,placeholder,placeholder,9,Never-married,Prof-specialty,Not-in-family,placeholder,placeholder,0,0,placeholder,United-states,<=50k
40,placeholder,1489800,placeholder,14,Divorced,Craft-repair,placeholder,White,placeholder,0,0,placeholder,placeholder,<=50k
50,placeholder,92390,Hs-grad,16,placeholder,Adm-clerical,Not-in-family,White,Male,0,0,40,placeholder,<=50k
placeholder,placeholder,placeholder,Hs-grad,13,Never-married,Exec-managerial,placeholder,White,Male,0,0,placeholder,United-states,<=50k
39,placeholder,placeholder,Bachelors,11,Married-civ-spouse,Other-service,placeholder,White,Female,0,0,40,United-states,<=50k
35,Private,988300,Hs-grad,7,Married-civ-spouse,Craft-repair,Not-in-family,White,Male,0,0,40,United-states,<=50k
55,Private,placeholder,Some-college,13,Married-civ-spouse,placeholder,placeholder,placeholder,placeholder,0,0,placeholder,United-states,<=50k
placeholder,placeholder,121951,Bachelors,10,Married-civ-spouse,Sales,Husband,White,Male,0,0,35,United-states,<=50k
placeholder,Private,placeholder,placeholder,placeholder,Never-married,Other-service,Unmarried,White,Male,0,0,40,United-states,<=50k
45,placeholder,988672,Bachelors,9,Married-civ-spouse,Craft-repair,Husband,White,placeholder,0,0,placeholder,United-states,<=50k
39,placeholder,135902,placeholder,9,Never-married,Adm-clerical,placeholder,placeholder,placeholder,0,0,40,United-states,<=50k
placeholder,Private,placeholder,placeholder,10,Divorced,Prof-specialty,Husband,White,placeholder,38984,0,40,United-states,<=50k
40,Private,1286026,Bachelors,9,Married-civ-spouse,placeholder,placeholder,placeholder,Male,0,0,40,placeholder,<=50k
placeholder,State-gov,placeholder,placeholder,placeholder,Divorced,Exec-managerial,Other-relative,White,Male,0,0,40,United-states,<=50k
40,Private,117858,Hs-grad,9,Separated,Sales-support,Unmarried,White,Male,placeholder,0,30,United-states,<=50k
37,Private,1193829,Bachelors,13,placeholder,placeholder,placeholder,White,Male,0,placeholder,40,United-states,<=50k
58,Private,121317,Some-college,10,Married-civ-spouse,Craft-repair,Husband,White,Male,4002,placeholder,40,United-states,<=50k
24,placeholder,101958,Hs-grad,placeholder,Married-civ-spouse,Exec-managerial,Own-child,White,Male,0,placeholder,40,United-states,<=50k
17,Private,348813,Hs-grad,10,placeholder,placeholder,Not-in-family,placeholder,Female,0,0,44,United-states,<=50k
placeholder,Private,placeholder,Hs-grad,13,Never-married,Farming-fishing,Not-in-family,White,Male,0,0,placeholder,United-states,<=50k
48,Private,131955,Hs-grad,9,Married-civ-spouse,Handlers-cleaners,Husband,placeholder,placeholder,placeholder,0,50,placeholder,<=50k
50,placeholder,placeholder,placeholder,2,Never-married,Other-service,Not-in-family,White,Male,0,0,40,United-states,<=50k
placeholder,Private,66526,Hs-grad,placeholder,placeholder,Transport-moving,Not-in-family,White,Male,0,0,placeholder,United-states,<=50k
placeholder,placeholder,1456519,Some-college,10,Never-married,Handlers-cleaners,Husband,White,Male,0,placeholder,40,United-states,<=50k
49,placeholder,140585,Some-college,4,Married-civ-spouse,Exec-managerial,placeholder,White,placeholder,0,0,40,United-states,>50k
placeholder,Self-emp-not-inc,90119,11th,9,Married-civ-spouse,placeholder,placeholder,White,Male,placeholder,0,36,United-states,<=50k
45,Private,placeholder,placeholder,9,placeholder,Adm-clerical,Not-in-family,White,Female,0,0,18,United-states,<=50k
40,Private,placeholder,placeholder,13,Married-civ-spouse,placeholder,Own-child,White,Male,0,0,placeholder,United-states,<=50k
60,Private,placeholder,Some-college,13,Never-married,Farming-fishing,Not-in-family,White,Male,0,0,40,United-states,<=50k
38,Private,351650,Hs-grad,3,Separated,Sales-servant,Own-child,White,placeholder,0,placeholder,40,United-states,<=50k
40,Private,placeholder,placeholder,16,Married-civ-spouse,placeholder,Husband,Amer-indian-eskob-spouse,placeholder,97435,0,40,United-states,<=50k
40,placeholder,1457588,Hs-grad,13,Never-married,Sales-serv,Unmarried,White,Male,0,0,40,United-states,<=50k
40,Private,placeholder,Some-college,10,Never-married,placeholder,Husband,White,Male,0,placeholder,50,placeholder,<=50k
placeholder,Private,696300,placeholder,9,Married-civ-spouse,Craft-repair,Not-in-family,White,Male,0,0,50,United-states,<=50k
placeholder,placeholder,103954,Hs-grad,13,Never-married,Tech-support,Husband,White,placeholder,0,0,40,United-states,<=50k
45,Private,1155534,Prof-school,9,Married-civ-spouse,Sales,placeholder,White,Female,0,0,placeholder,placeholder,<=50k
27,Private,132553,Bachelors,9,placeholder,Sales,Husband,White,Male,0,placeholder,43,United-states,<=50k
placeholder,Private,0,Some-college,16,Never-married,placeholder,placeholder,White,Male,0,0,40,placeholder,<=50k
20,placeholder,placeholder,Some-college,13,Married-civ-spouse,Exec-managerial,Husband,placeholder,placeholder,0,0,40,United-states,<=50k
placeholder,Private,placeholder,Hs-grad,10,Never-married,Craft-repair,Not-in-family,White,Male,0,0,55,placeholder,<=50k
40,Private,placeholder,Hs-grad,9,placeholder,Exec-managerial,Husband,White,Male,91485,placeholder,40,United-states,<=50k
70,Private,placeholder,placeholder,14,Married-civ-spouse,Exec-managerial,Own-child,White,Male,0,0,placeholder,United-states,<=50k
placeholder,placeholder,placeholder,placeholder,placeholder,placeholder,placeholder,placeholder,placeholder,placeholder,placeholder,placeholder,placeholder,placeholder,placeholder
20,placeholder,placeholder,Masters,9,Married-civ-spouse,Tech-support,Not-in-family,placeholder,Male,29,0,40,United-states,<=50k
28,Private,11474898,placeholder,15,Never-married,Exec-managerial,placeholder,White,Male,0,0,40,United-states,<=50k
45,Private,124700,placeholder,9,Never-married,Exec-managerial,Husband,White,Male,0,placeholder,40,United-states,<=50k
40,Private,114930,Hs-grad,9,Married-civ-spouse,placeholder,placeholder,placeholder,Female,0,placeholder,40,United-states,<=50k
placeholder,Private,148898,placeholder,9,Married-civ-spouse,placeholder,placeholder,placeholder,Female,0,0,55,United-states,<=50k
30,placeholder,113950,Hs-grad,9,Never-married,placeholder,placeholder,placeholder,Male,0,0,40,United-states,<=50k
33,placeholder,303450,Hs-grad,14,Married-civ-spouse,Adm-clerical,Not-in-family,placeholder,Female,0,placeholder,40,United-states,<=50k
41,placeholder,placeholder,Bachelors,9,Married-civ-spouse,Sales,placeholder,White,placeholder,0,0,40,United-states,<=50k
17,Private,placeholder,Hs-grad,10,Married-civ-spouse,Adm-clerical,Husband,White,Female,0,0,40,United-states,<=50k
placeholder,Private,placeholder,Hs-grad,9,Married-civ-spouse,Exec-managerial,Husband,White,Male,0,0,40,United-states,<=50k
40,Private,0,placeholder,9,Married-civ-spouse,Craft-repair,Not-in-family,White,Male,placeholder,placeholder,40,United-states,Doctorate
placeholder,Private,136835,Masters,14,Married-civ-spouse,Exec-managerial,placeholder,White,placeholder,0,0,placeholder,United-states,Hs-grad
placeholder,Private,402554,placeholder,9,Never-married,Craft-repair,Own-child,White,placeholder,0,placeholder,40,placeholder,>50k
placeholder,Private,138532,Hs-grad,10,Married-civ-spouse,Exec-managerial,Unmarried,White,Male,0,0,40,United-states,<=50k
40,placeholder,placeholder,Assoc-voc,15,Married-civ-spouse,Adm-clerical,placeholder,placeholder,placeholder,0,placeholder,20,United-states,<=50k
25,Private,placeholder,placeholder,10,placeholder,Craft-repair,Unmarried,White,Male,0,placeholder,placeholder,United-states,<=50k
30,placeholder,placeholder,Hs-grad,10,Never-married,Adm-clerical,Not-in-family,White,placeholder,0,0,40,United-states,>50k
40,placeholder,1306638,Hs-grad,10,Never-married,placeholder,placeholder,placeholder,placeholder,0,0,60,placeholder,<=50k
40,Self-emp-inc,130150,Hs-grad,10,placeholder,Craft-repair,Not-in-family,White,Male,placeholder,0,placeholder,placeholder,>50k
placeholder,Private,57224,Bachelors,10,Married-civ-spouse,Prof-specialty,0,White,Male,39455,0,42,placeholder,<=50k
placeholder,Private,504462,placeholder,9,Married-civ-spouse,Sales-managerial education,Not-in-family,White,Male,placeholder,0,45,United-states,<=50k
33,placeholder,1195966,Hs-grad,4,Married-civ-spouse,Prof-specialty,placeholder,White,Male,0,0,placeholder,United-states,<=50k
placeholder,placeholder,placeholder,Some-college,10,Never-married,Adm-clerical,Not-in-family,White,Male,0,0,placeholder,United-states,<=50k
placeholder,Private,406213,Hs-grad,9,Married-civ-spouse,Sales,placeholder,White,Male,placeholder,placeholder,40,United-states,<=50k
60,Private,354812,placeholder,9,Married-civ-spouse,Prof-specialty,Unmarried,placeholder,Male,0,placeholder,placeholder,United-states,<=50k
40,Private,131947,Hs-grad,placeholder,Never-married,Sales-per-week,Own-child,White,Male,placeholder,placeholder,40,United-states,<=50k
placeholder,Private,1156040,Hs-grad,9,placeholder,Sales,Other-relative,White,Male,278,0,40,placeholder,<=50k
45,Private,147978,Hs-grad,10,Married-civ-spouse,placeholder,placeholder,placeholder,Male,0,0,50,United-states,<=50k
placeholder,Private,131268,Hs-grad,9,Married-civ-spouse,Prof-specialty,placeholder,placeholder,placeholder,placeholder,placeholder,40,United-states,<=50k
40,Private,placeholder,Assoc-voc,12,Never-married,Exec-managerial,Not-in-family,White,Male,0,0,placeholder,United-states,>50k
43,placeholder,495902,Hs-grad,10,Never-married,Craft-repair,Not-in-family,White,placeholder,0,placeholder,40,United-states,<=50k
placeholder,Private,131385,Hs-grad,10,Married-civ-spouse,placeholder,Husband,White,Male,0,placeholder,40,placeholder,<=50k
20,placeholder,2819,placeholder,8,Never-married,Craft-repair,Husband,White,placeholder,0,0,40,United-states,<=50k
42,Private,357750,Hs-grad,placeholder,Married-civ-spouse,Sales,Husband,White,placeholder,0,placeholder,40,United-states,<=50k
placeholder,Private,145329,10th,9,Never-married,placeholder,Own-child,White,Male,0,0,40,United-states,<=50k
placeholder,Private,placeholder,Hs-grad,10,Married-civ-spouse,Craft-repair,Husband,White,Male,0,placeholder,40,United-states,<=50k
placeholder,placeholder,placeholder,placeholder,9,Never-married,Adm-clerical,Husband,placeholder,Male,0,placeholder,40,United-states,<=50k
placeholder,Private,483526,Bachelors,placeholder,Married-civ-spouse,Exec-managerial,Husband,White,Male,0,0,placeholder,United-states,<=50k
35,Private,202650,9th,9,Divorced,placeholder,Own-child,placeholder,placeholder,0,0,40,United-states,<=50k
placeholder,placeholder,298816,placeholder,13,Married-civ-spouse,Adm-clerical,Husband,placeholder,placeholder,0,0,40,United-states,<=50k
40,Private,795245,Some-college,14,Married-civ-spouse,placeholder,Not-in-family,placeholder,Male,0,0,40,placeholder,<=50k
53,placeholder,133313,Some-college,16,placeholder,Craft-repair,Husband,White,Male,0,0,placeholder,United-states,<=50k
placeholder,Private,placeholder,Hs-grad,10,Married-civ-spouse,Craft-repair,Husband,White,Male,0,placeholder,40,United-states,<=50k
40,Private,placeholder,Some-college,10,Divorced,Exec-managerial,placeholder,White,Male,0,0,placeholder,United-states,<=50k
45,Private,108885,Bachelors,9,Divorced,placeholder,Husband,White,placeholder,0,0,placeholder,United-states,<=50k
39,placeholder,3800,Hs-grad,9,Married-civ-spouse,Sales is?,placeholder,placeholder,placeholder,0,0,50,United-states,<=50k
placeholder,Private,901265,placeholder,9,Married-civ-spouse,Exec-managerial,Unmarried,placeholder,Male,0,0,40,United-states,>50k
placeholder,Local-gov,placeholder,Hs-grad,16,Married-civ-spouse,Exec-managerial,Own-child,White,placeholder,0,0,40,placeholder,<=50k
placeholder,Self-emp-inc,1194842,Hs-grad,10,placeholder,Sales,placeholder,White,Male,0,placeholder,40,placeholder,<=50k
placeholder,Private,167511,Some-college,9,Divorced,Craft-repair,Own-child,White,Male,0,0,placeholder,placeholder,<=50k
